ISO-10303-21;
HEADER;
FILE_DESCRIPTION (( 'STEP AP214' ),
    '1' );
FILE_NAME ('CUI_DEVICES_TB002-500-07BE.step',
    '2019-10-21T05:14:07',
    ( '' ),
    ( '' ),
    'SwSTEP 2.0',
    'SolidWorks 2019',
    '' );
FILE_SCHEMA (( 'AUTOMOTIVE_DESIGN' ));
ENDSEC;

DATA;
#1 = CARTESIAN_POINT ( 'NONE',  ( 2.500000000000000000, 2.500000000000010214, 9.999999999999982236 ) ) ;
#2 = MECHANICAL_DESIGN_GEOMETRIC_PRESENTATION_REPRESENTATION (  '', ( #657 ), #5810 ) ;
#3 = UNCERTAINTY_MEASURE_WITH_UNIT (LENGTH_MEASURE( 1.000000000000000082E-05 ), #7744, 'distance_accuracy_value', 'NONE');
#4 = CARTESIAN_POINT ( 'NONE',  ( 2.500000000000000000, 4.250000000000009770, 8.099999999999999645 ) ) ;
#5 = FACE_OUTER_BOUND ( 'NONE', #7341, .T. ) ;
#6 = DIRECTION ( 'NONE',  ( 1.000000000000000000, 0.0000000000000000000, 0.0000000000000000000 ) ) ;
#7 = CARTESIAN_POINT ( 'NONE',  ( 5.450000000000000178, 7.250000000000000000, 0.6500000000000040190 ) ) ;
#8 = EDGE_LOOP ( 'NONE', ( #3926, #2729, #7458, #6485 ) ) ;
#9 = VECTOR ( 'NONE', #6861, 1000.000000000000000 ) ;
#10 = CARTESIAN_POINT ( 'NONE',  ( -1.124350997929270068, 6.820490948317419644, 5.141853884246489592 ) ) ;
#11 = ORIENTED_EDGE ( 'NONE', *, *, #5050, .F. ) ;
#12 = SURFACE_SIDE_STYLE ('',( #4688 ) ) ;
#13 = DIRECTION ( 'NONE',  ( -1.000000000000000000, 0.0000000000000000000, 0.0000000000000000000 ) ) ;
#14 = EDGE_CURVE ( 'NONE', #7024, #9301, #8321, .T. ) ;
#15 = ORIENTED_EDGE ( 'NONE', *, *, #7791, .T. ) ;
#16 = EDGE_CURVE ( 'NONE', #9583, #5757, #1258, .T. ) ;
#17 = MECHANICAL_DESIGN_GEOMETRIC_PRESENTATION_REPRESENTATION (  '', ( #348 ), #8753 ) ;
#18 = CARTESIAN_POINT ( 'NONE',  ( 3.924099116621577288, 6.782835288287568432, 5.313097438219579693 ) ) ;
#19 = SURFACE_SIDE_STYLE ('',( #6334 ) ) ;
#20 = CARTESIAN_POINT ( 'NONE',  ( -0.4499999999999990119, 6.250000000000031086, 0.7500000000000019984 ) ) ;
#21 = FACE_OUTER_BOUND ( 'NONE', #1134, .T. ) ;
#22 = ORIENTED_EDGE ( 'NONE', *, *, #6234, .F. ) ;
#23 = CARTESIAN_POINT ( 'NONE',  ( 0.5500000000000100364, 0.6224573519455459669, 6.200000000000001066 ) ) ;
#24 = CARTESIAN_POINT ( 'NONE',  ( 4.549999999999999822, 7.750000000000000000, 0.4500000000000020095 ) ) ;
#25 = STYLED_ITEM ( 'NONE', ( #3729 ), #6385 ) ;
#26 = EDGE_CURVE ( 'NONE', #504, #4875, #5155, .T. ) ;
#27 = ADVANCED_FACE ( 'NONE', ( #4421 ), #2814, .T. ) ;
#28 = CARTESIAN_POINT ( 'NONE',  ( 10.50000000000000000, 1.838675134594820015, 6.200000000000001066 ) ) ;
#29 = FILL_AREA_STYLE ('',( #5830 ) ) ;
#30 = CARTESIAN_POINT ( 'NONE',  ( -0.8000000000000000444, 3.850000000000010303, 9.500000000000010658 ) ) ;
#31 = VECTOR ( 'NONE', #341, 1000.000000000000000 ) ;
#32 = CARTESIAN_POINT ( 'NONE',  ( 4.200000000000000178, 3.850000000000010303, 8.800000000000000711 ) ) ;
#33 = ORIENTED_EDGE ( 'NONE', *, *, #6317, .T. ) ;
#34 = ORIENTED_EDGE ( 'NONE', *, *, #2472, .F. ) ;
#35 = CARTESIAN_POINT ( 'NONE',  ( 4.500000000000000888, 6.405650476444289865, 3.372082935692199968 ) ) ;
#36 = CARTESIAN_POINT ( 'NONE',  ( 2.500000000000000000, 4.250000000000009770, 8.000000000000010658 ) ) ;
#37 = ORIENTED_EDGE ( 'NONE', *, *, #1654, .T. ) ;
#38 = PRESENTATION_LAYER_ASSIGNMENT (  '', '', ( #3692 ) ) ;
#39 =( GEOMETRIC_REPRESENTATION_CONTEXT ( 3 ) GLOBAL_UNCERTAINTY_ASSIGNED_CONTEXT ( ( #2142 ) ) GLOBAL_UNIT_ASSIGNED_CONTEXT ( ( #9948, #1332, #2933 ) ) REPRESENTATION_CONTEXT ( 'NONE', 'WORKASPACE' ) );
#40 = EDGE_CURVE ( 'NONE', #2579, #2617, #6804, .T. ) ;
#41 = DIRECTION ( 'NONE',  ( 0.0000000000000000000, -1.000000000000000000, 0.0000000000000000000 ) ) ;
#42 = CYLINDRICAL_SURFACE ( 'NONE', #7127, 0.3999999999999993006 ) ;
#43 = EDGE_LOOP ( 'NONE', ( #8774, #6099, #1818, #9046, #7741, #7144, #5286, #4962 ) ) ;
#44 = PRESENTATION_STYLE_ASSIGNMENT (( #4219 ) ) ;
#45 = PRESENTATION_STYLE_ASSIGNMENT (( #2385 ) ) ;
#46 = ORIENTED_EDGE ( 'NONE', *, *, #4272, .F. ) ;
#47 = EDGE_CURVE ( 'NONE', #8344, #196, #1382, .T. ) ;
#48 = ORIENTED_EDGE ( 'NONE', *, *, #84, .T. ) ;
#49 = DIRECTION ( 'NONE',  ( 1.000000000000000000, 2.232180943352509796E-16, 0.0000000000000000000 ) ) ;
#50 = ORIENTED_EDGE ( 'NONE', *, *, #207, .F. ) ;
#51 = DIRECTION ( 'NONE',  ( -1.000000000000000000, 0.0000000000000000000, 0.0000000000000000000 ) ) ;
#52 = VECTOR ( 'NONE', #6581, 1000.000000000000000 ) ;
#53 = SURFACE_STYLE_FILL_AREA ( #3907 ) ;
#54 = ORIENTED_EDGE ( 'NONE', *, *, #4540, .T. ) ;
#55 = EDGE_LOOP ( 'NONE', ( #9550, #2200 ) ) ;
#56 = CARTESIAN_POINT ( 'NONE',  ( 8.996623964658530426, 6.250000000000079936, 5.516661212398769720 ) ) ;
#57 = VERTEX_POINT ( 'NONE', #8417 ) ;
#58 = ORIENTED_EDGE ( 'NONE', *, *, #8843, .T. ) ;
#59 = DIRECTION ( 'NONE',  ( 0.0000000000000000000, 0.0000000000000000000, 1.000000000000000000 ) ) ;
#60 = CARTESIAN_POINT ( 'NONE',  ( 0.0000000000000000000, 1.990236984239069917, 9.700000000000001066 ) ) ;
#61 = ORIENTED_EDGE ( 'NONE', *, *, #9399, .F. ) ;
#62 =( NAMED_UNIT ( * ) SI_UNIT ( $, .STERADIAN. ) SOLID_ANGLE_UNIT ( ) );
#63 = LINE ( 'NONE', #6375, #6382 ) ;
#64 = CARTESIAN_POINT ( 'NONE',  ( 2.500000000000000000, 4.250000000000031086, -7.780492421955380190E-15 ) ) ;
#65 = ADVANCED_FACE ( 'NONE', ( #4820 ), #2428, .F. ) ;
#66 = CARTESIAN_POINT ( 'NONE',  ( -1.051394199219571224, 6.749926635177057932, 5.399714605802423684 ) ) ;
#67 = ORIENTED_EDGE ( 'NONE', *, *, #1594, .F. ) ;
#68 = DIRECTION ( 'NONE',  ( 0.0000000000000000000, 0.0000000000000000000, 1.000000000000000000 ) ) ;
#69 = ORIENTED_EDGE ( 'NONE', *, *, #3619, .T. ) ;
#70 = CARTESIAN_POINT ( 'NONE',  ( 0.9371073885687779548, 4.650000000000010125, 9.314249409997584550 ) ) ;
#71 = EDGE_CURVE ( 'NONE', #321, #556, #5574, .T. ) ;
#72 = MECHANICAL_DESIGN_GEOMETRIC_PRESENTATION_REPRESENTATION (  '', ( #243 ), #5537 ) ;
#73 = CARTESIAN_POINT ( 'NONE',  ( 9.087037305134389342, 3.850000000000010303, 8.986637655680240755 ) ) ;
#74 = CARTESIAN_POINT ( 'NONE',  ( 10.38636363636359938, 9.340909090909089940, -0.1863636363636350102 ) ) ;
#75 = CARTESIAN_POINT ( 'NONE',  ( -0.9938586087784709866, 6.250000000000030198, 5.699344090454337319 ) ) ;
#76 = EDGE_CURVE ( 'NONE', #922, #5808, #9234, .T. ) ;
#77 = EDGE_CURVE ( 'NONE', #5859, #4435, #5342, .T. ) ;
#78 = SURFACE_STYLE_USAGE ( .BOTH. , #6610 ) ;
#79 = CARTESIAN_POINT ( 'NONE',  ( 4.068650814757519996, 3.850000000000010303, 9.236151811976069936 ) ) ;
#80 = ORIENTED_EDGE ( 'NONE', *, *, #8514, .F. ) ;
#81 =( NAMED_UNIT ( * ) SI_UNIT ( $, .STERADIAN. ) SOLID_ANGLE_UNIT ( ) );
#82 = AXIS2_PLACEMENT_3D ( 'NONE', #3971, #629, #6213 ) ;
#83 = CARTESIAN_POINT ( 'NONE',  ( 15.00000000000000000, 7.750000000000000000, 0.0000000000000000000 ) ) ;
#84 = EDGE_CURVE ( 'NONE', #9301, #750, #10012, .T. ) ;
#85 = EDGE_LOOP ( 'NONE', ( #8013, #4229, #1516, #5500, #7964, #8414, #9246, #9422 ) ) ;
#86 = AXIS2_PLACEMENT_3D ( 'NONE', #9137, #6013, #9924 ) ;
#87 = SURFACE_STYLE_USAGE ( .BOTH. , #2641 ) ;
#88 = ADVANCED_FACE ( 'NONE', ( #4566 ), #7687, .T. ) ;
#89 = EDGE_CURVE ( 'NONE', #5040, #9515, #2724, .T. ) ;
#90 = CARTESIAN_POINT ( 'NONE',  ( 6.041844085658512498, 6.384612859941942276, 5.465433459296741958 ) ) ;
#91 = VERTEX_POINT ( 'NONE', #4475 ) ;
#92 = EDGE_CURVE ( 'NONE', #2240, #3139, #5293, .T. ) ;
#93 = PLANE ( 'NONE',  #1958 ) ;
#94 = ORIENTED_EDGE ( 'NONE', *, *, #7648, .T. ) ;
#95 = VECTOR ( 'NONE', #5318, 1000.000000000000000 ) ;
#96 = ORIENTED_EDGE ( 'NONE', *, *, #2889, .F. ) ;
#97 = DIRECTION ( 'NONE',  ( 0.8660254037845415143, 0.4999999999998216982, 0.0000000000000000000 ) ) ;
#98 = UNCERTAINTY_MEASURE_WITH_UNIT (LENGTH_MEASURE( 1.000000000000000082E-05 ), #4342, 'distance_accuracy_value', 'NONE');
#99 = FILL_AREA_STYLE_COLOUR ( '', #9904 ) ;
#100 = VECTOR ( 'NONE', #1627, 1000.000000000000000 ) ;
#101 = DIRECTION ( 'NONE',  ( 1.000000000000000000, 0.0000000000000000000, 0.0000000000000000000 ) ) ;
#102 = EDGE_LOOP ( 'NONE', ( #4510, #1825, #3791, #7310 ) ) ;
#103 = ORIENTED_EDGE ( 'NONE', *, *, #6346, .F. ) ;
#104 = FACE_OUTER_BOUND ( 'NONE', #8674, .T. ) ;
#105 = ORIENTED_EDGE ( 'NONE', *, *, #2866, .F. ) ;
#106 = CARTESIAN_POINT ( 'NONE',  ( 8.000000000000000000, 4.250000000000031086, 0.7499999999999960032 ) ) ;
#107 = EDGE_CURVE ( 'NONE', #2749, #6676, #566, .T. ) ;
#108 = ORIENTED_EDGE ( 'NONE', *, *, #8822, .F. ) ;
#109 = CARTESIAN_POINT ( 'NONE',  ( -4.006141391291535570, 6.250000000000041744, 5.699344090454425249 ) ) ;
#110 = AXIS2_PLACEMENT_3D ( 'NONE', #8867, #1745, #1803 ) ;
#111 = CARTESIAN_POINT ( 'NONE',  ( 7.500000000000000000, 4.250000000000031086, 0.0000000000000000000 ) ) ;
#112 = ORIENTED_EDGE ( 'NONE', *, *, #4845, .T. ) ;
#113 = VECTOR ( 'NONE', #1796, 1000.000000000000000 ) ;
#114 = CARTESIAN_POINT ( 'NONE',  ( 4.006141391221530235, 6.250000000000031974, 5.699344090454337319 ) ) ;
#115 = CARTESIAN_POINT ( 'NONE',  ( 6.030138328475302067, 6.381146321193633675, 5.536094731139329816 ) ) ;
#116 = FILL_AREA_STYLE ('',( #1843 ) ) ;
#117 = COLOUR_RGB ( '',0.2862745098039215508, 0.6431372549019607199, 0.8666666666666666963 ) ;
#118 = CARTESIAN_POINT ( 'NONE',  ( 8.550000000000000711, 6.405650476444289865, 3.372082935692199968 ) ) ;
#119 = FILL_AREA_STYLE_COLOUR ( '', #8131 ) ;
#120 = ORIENTED_EDGE ( 'NONE', *, *, #6732, .T. ) ;
#121 = EDGE_LOOP ( 'NONE', ( #3953, #6360, #8853, #2327 ) ) ;
#122 = FACE_OUTER_BOUND ( 'NONE', #1097, .T. ) ;
#123 = CARTESIAN_POINT ( 'NONE',  ( 2.500000000000000000, 4.250000000000009770, 8.100000000000010303 ) ) ;
#124 = MECHANICAL_DESIGN_GEOMETRIC_PRESENTATION_REPRESENTATION (  '', ( #1299 ), #9689 ) ;
#125 = EDGE_CURVE ( 'NONE', #9481, #551, #3169, .T. ) ;
#126 = VECTOR ( 'NONE', #5968, 1000.000000000000000 ) ;
#127 = VECTOR ( 'NONE', #4177, 1000.000000000000000 ) ;
#128 = LINE ( 'NONE', #7985, #1635 ) ;
#129 = DIRECTION ( 'NONE',  ( 0.0000000000000000000, 1.000000000000000000, 0.0000000000000000000 ) ) ;
#130 = EDGE_CURVE ( 'NONE', #7322, #8354, #4064, .T. ) ;
#131 = DIRECTION ( 'NONE',  ( 0.0000000000000000000, 0.1736481776669300259, -0.9848077530122081313 ) ) ;
#132 = DIRECTION ( 'NONE',  ( 0.0000000000000000000, -1.000000000000000000, 0.0000000000000000000 ) ) ;
#133 = VECTOR ( 'NONE', #8435, 1000.000000000000000 ) ;
#134 = LINE ( 'NONE', #8863, #2520 ) ;
#135 = AXIS2_PLACEMENT_3D ( 'NONE', #2895, #6048, #8312 ) ;
#136 = ORIENTED_EDGE ( 'NONE', *, *, #7924, .F. ) ;
#137 = ORIENTED_EDGE ( 'NONE', *, *, #4656, .T. ) ;
#138 = CONTEXT_DEPENDENT_SHAPE_REPRESENTATION ( #3665, #441 ) ;
#139 = COLOUR_RGB ( '',0.7921568627450980005, 0.8196078431372548767, 0.9333333333333333481 ) ;
#140 = CARTESIAN_POINT ( 'NONE',  ( -4.549999999999999822, 6.250000000000031086, 5.700000000000000178 ) ) ;
#141 = CARTESIAN_POINT ( 'NONE',  ( 8.957786553235372651, 4.650000000000011013, 9.481490714224456440 ) ) ;
#142 = ORIENTED_EDGE ( 'NONE', *, *, #9932, .F. ) ;
#143 = VERTEX_POINT ( 'NONE', #9420 ) ;
#144 = MECHANICAL_DESIGN_GEOMETRIC_PRESENTATION_REPRESENTATION (  '', ( #1975 ), #3478 ) ;
#145 = LINE ( 'NONE', #2580, #2116 ) ;
#146 = STYLED_ITEM ( 'NONE', ( #4961 ), #3384 ) ;
#147 = EDGE_CURVE ( 'NONE', #6640, #1649, #2861, .T. ) ;
#148 =( NAMED_UNIT ( * ) SI_UNIT ( $, .STERADIAN. ) SOLID_ANGLE_UNIT ( ) );
#149 = CARTESIAN_POINT ( 'NONE',  ( 3.549999999999999822, -1.462314593354880232, 2.800000000000019806 ) ) ;
#150 = DIRECTION ( 'NONE',  ( 0.0000000000000000000, 0.0000000000000000000, -1.000000000000000000 ) ) ;
#151 = ORIENTED_EDGE ( 'NONE', *, *, #71, .T. ) ;
#152 = FACE_OUTER_BOUND ( 'NONE', #4983, .T. ) ;
#153 = CARTESIAN_POINT ( 'NONE',  ( 5.965151515151520201, 5.962121212121219926, 5.184848484848489925 ) ) ;
#154 = PRESENTATION_LAYER_ASSIGNMENT (  '', '', ( #4468 ) ) ;
#155 = CIRCLE ( 'NONE', #5951, 0.1000000000000002554 ) ;
#156 = VERTEX_POINT ( 'NONE', #5238 ) ;
#157 = ORIENTED_EDGE ( 'NONE', *, *, #5784, .T. ) ;
#158 = ADVANCED_FACE ( 'NONE', ( #7948 ), #9964, .F. ) ;
#159 = ADVANCED_FACE ( 'NONE', ( #8974 ), #3480, .T. ) ;
#160 = ORIENTED_EDGE ( 'NONE', *, *, #1549, .T. ) ;
#161 = PLANE ( 'NONE',  #5300 ) ;
#162 = CIRCLE ( 'NONE', #10053, 0.1000000000000002554 ) ;
#163 = CARTESIAN_POINT ( 'NONE',  ( 9.034848484848490457, 5.962121212121219926, 5.184848484848489925 ) ) ;
#164 = CARTESIAN_POINT ( 'NONE',  ( 3.976961065803179984, 6.143414106835629163, 5.701458542790279971 ) ) ;
#165 = VERTEX_POINT ( 'NONE', #910 ) ;
#166 = SURFACE_STYLE_FILL_AREA ( #2655 ) ;
#167 = ORIENTED_EDGE ( 'NONE', *, *, #9508, .F. ) ;
#168 = PRESENTATION_STYLE_ASSIGNMENT (( #7254 ) ) ;
#169 = ORIENTED_EDGE ( 'NONE', *, *, #2113, .T. ) ;
#170 = CIRCLE ( 'NONE', #8740, 1.613267899285889984 ) ;
#171 = DIRECTION ( 'NONE',  ( 0.0000000000000000000, 0.0000000000000000000, 1.000000000000000000 ) ) ;
#172 = AXIS2_PLACEMENT_3D ( 'NONE', #5704, #9482, #7960 ) ;
#173 = VERTEX_POINT ( 'NONE', #8814 ) ;
#174 = ORIENTED_EDGE ( 'NONE', *, *, #8111, .F. ) ;
#175 = DIRECTION ( 'NONE',  ( -1.000000000000000000, 0.0000000000000000000, 0.0000000000000000000 ) ) ;
#176 = DIRECTION ( 'NONE',  ( -1.000000000000000000, 0.0000000000000000000, 0.0000000000000000000 ) ) ;
#177 =( LENGTH_UNIT ( ) NAMED_UNIT ( * ) SI_UNIT ( .MILLI., .METRE. ) );
#178 = DIRECTION ( 'NONE',  ( 0.0000000000000000000, 0.0000000000000000000, 1.000000000000000000 ) ) ;
#179 = DIRECTION ( 'NONE',  ( 0.0000000000000000000, 0.0000000000000000000, -1.000000000000000000 ) ) ;
#180 = ORIENTED_EDGE ( 'NONE', *, *, #6832, .T. ) ;
#181 = DIRECTION ( 'NONE',  ( 0.0000000000000000000, -1.000000000000000000, 0.0000000000000000000 ) ) ;
#182 = VERTEX_POINT ( 'NONE', #1129 ) ;
#183 = SURFACE_STYLE_USAGE ( .BOTH. , #7935 ) ;
#184 = PLANE ( 'NONE',  #4127 ) ;
#185 = EDGE_CURVE ( 'NONE', #5926, #1570, #3997, .T. ) ;
#186 = DIRECTION ( 'NONE',  ( -0.2722442098535290400, 0.0000000000000000000, -0.9622281902964742173 ) ) ;
#187 = ORIENTED_EDGE ( 'NONE', *, *, #4893, .F. ) ;
#188 = CARTESIAN_POINT ( 'NONE',  ( 8.856009966283759027, 4.650000000000010125, 9.500000000000000000 ) ) ;
#189 = UNCERTAINTY_MEASURE_WITH_UNIT (LENGTH_MEASURE( 1.000000000000000082E-05 ), #9215, 'distance_accuracy_value', 'NONE');
#190 = CARTESIAN_POINT ( 'NONE',  ( 10.50000000000000000, 1.838675134594820015, 6.200000000000001066 ) ) ;
#191 = ORIENTED_EDGE ( 'NONE', *, *, #508, .T. ) ;
#192 = AXIS2_PLACEMENT_3D ( 'NONE', #4377, #7505, #3649 ) ;
#193 = CARTESIAN_POINT ( 'NONE',  ( 6.450000000000000178, -1.462314593354880232, 3.990870176997169949 ) ) ;
#194 = CARTESIAN_POINT ( 'NONE',  ( 4.549999999999999822, 2.200000000000000178, 0.6499999999999990230 ) ) ;
#195 = CYLINDRICAL_SURFACE ( 'NONE', #7058, 1.749999999999990230 ) ;
#196 = VERTEX_POINT ( 'NONE', #4315 ) ;
#197 = ORIENTED_EDGE ( 'NONE', *, *, #7115, .F. ) ;
#198 = CARTESIAN_POINT ( 'NONE',  ( -0.9946933643734481301, 6.250000000000079936, 5.631641418841230262 ) ) ;
#199 = LINE ( 'NONE', #1702, #3175 ) ;
#200 = CARTESIAN_POINT ( 'NONE',  ( 15.00000000000000000, 0.0000000000000000000, 0.0000000000000000000 ) ) ;
#201 = CARTESIAN_POINT ( 'NONE',  ( 4.500000000000000888, 6.900000000000019895, 4.004821471746000228 ) ) ;
#202 = ORIENTED_EDGE ( 'NONE', *, *, #6290, .T. ) ;
#203 = SURFACE_STYLE_FILL_AREA ( #8116 ) ;
#204 = DIRECTION ( 'NONE',  ( 0.0000000000000000000, 0.1736481776669300259, -0.9848077530122081313 ) ) ;
#205 = VECTOR ( 'NONE', #7862, 1000.000000000000000 ) ;
#206 = ORIENTED_EDGE ( 'NONE', *, *, #5809, .T. ) ;
#207 = EDGE_CURVE ( 'NONE', #8477, #8458, #2557, .T. ) ;
#208 = SURFACE_SIDE_STYLE ('',( #4224 ) ) ;
#209 = COLOUR_RGB ( '',0.2862745098039215508, 0.6431372549019607199, 0.8666666666666666963 ) ;
#210 = DIRECTION ( 'NONE',  ( 0.0000000000000000000, 0.1736481776669300259, -0.9848077530122081313 ) ) ;
#211 = DIRECTION ( 'NONE',  ( -1.000000000000000000, 0.0000000000000000000, 0.0000000000000000000 ) ) ;
#212 = CARTESIAN_POINT ( 'NONE',  ( 3.948605801298314066, 6.749926634481618670, 5.399714607632852825 ) ) ;
#213 = EDGE_CURVE ( 'NONE', #4884, #7659, #1068, .T. ) ;
#214 = EDGE_CURVE ( 'NONE', #8791, #9477, #8763, .T. ) ;
#215 = DIRECTION ( 'NONE',  ( 0.0000000000000000000, 0.0000000000000000000, -1.000000000000000000 ) ) ;
#216 = VERTEX_POINT ( 'NONE', #5738 ) ;
#217 = LINE ( 'NONE', #3345, #9981 ) ;
#218 = ORIENTED_EDGE ( 'NONE', *, *, #8642, .F. ) ;
#219 = ORIENTED_EDGE ( 'NONE', *, *, #4301, .T. ) ;
#220 = CARTESIAN_POINT ( 'NONE',  ( 7.500000000000000000, 4.250000000000000000, 10.00000000000000000 ) ) ;
#221 = CARTESIAN_POINT ( 'NONE',  ( 7.500000000000000000, 5.850000000000009415, 8.000000000000000000 ) ) ;
#222 = CARTESIAN_POINT ( 'NONE',  ( 8.551316613977631320, 6.900595781960301878, 3.995523657362072711 ) ) ;
#223 = ORIENTED_EDGE ( 'NONE', *, *, #8977, .F. ) ;
#224 = CARTESIAN_POINT ( 'NONE',  ( -0.9371073885687785099, 4.650000000000010125, 9.314249409997589879 ) ) ;
#225 = CARTESIAN_POINT ( 'NONE',  ( 2.500000000000000000, 4.250000000000031086, -4.349999999999999645 ) ) ;
#226 = ORIENTED_EDGE ( 'NONE', *, *, #3678, .F. ) ;
#227 = EDGE_CURVE ( 'NONE', #5504, #5535, #1805, .T. ) ;
#228 = B_SPLINE_CURVE_WITH_KNOTS ( 'NONE', 3,
 ( #5718, #8847, #4189, #4289 ),
 .UNSPECIFIED., .F., .F.,
 ( 4, 4 ),
 ( 2.431333925335526575E-11, 0.0001342749659835598610 ),
 .UNSPECIFIED. ) ;
#229 = EDGE_LOOP ( 'NONE', ( #5944, #6599, #1690, #6331 ) ) ;
#230 = SURFACE_STYLE_FILL_AREA ( #5725 ) ;
#231 = CARTESIAN_POINT ( 'NONE',  ( 3.549999999999999822, 6.405650476444289865, 3.372082935692199968 ) ) ;
#232 = EDGE_CURVE ( 'NONE', #7147, #4105, #3057, .T. ) ;
#233 = DIRECTION ( 'NONE',  ( 0.8660254037844391517, 0.4999999999999990563, 0.0000000000000000000 ) ) ;
#234 = DIRECTION ( 'NONE',  ( 0.3481553119113961481, 0.8703882797784894265, -0.3481553119113950934 ) ) ;
#235 = CARTESIAN_POINT ( 'NONE',  ( 1.022645188653849901, 6.378927305446330465, 5.621766569588300122 ) ) ;
#236 = CARTESIAN_POINT ( 'NONE',  ( -3.000000000000000000, 4.250000000000031086, 0.7500000000000009992 ) ) ;
#237 = ORIENTED_EDGE ( 'NONE', *, *, #5050, .T. ) ;
#238 = ORIENTED_EDGE ( 'NONE', *, *, #1477, .T. ) ;
#239 = CARTESIAN_POINT ( 'NONE',  ( 7.500000000000000000, 9.550000000000029132, 1.349999999999999867 ) ) ;
#240 = CARTESIAN_POINT ( 'NONE',  ( 0.0000000000000000000, 6.436102000195529804, 9.999999999999989342 ) ) ;
#241 = ADVANCED_FACE ( 'NONE', ( #4917, #6555, #3423 ), #4095, .F. ) ;
#242 = ORIENTED_EDGE ( 'NONE', *, *, #4836, .F. ) ;
#243 = STYLED_ITEM ( 'NONE', ( #4761 ), #158 ) ;
#244 = CARTESIAN_POINT ( 'NONE',  ( -1.143990033716241639, 4.650000000000010125, 9.500000000000010658 ) ) ;
#245 = DIRECTION ( 'NONE',  ( 0.0000000000000000000, 0.0000000000000000000, 1.000000000000000000 ) ) ;
#246 = EDGE_CURVE ( 'NONE', #7274, #10181, #3890, .T. ) ;
#247 = COLOUR_RGB ( '',0.2862745098039215508, 0.6431372549019607199, 0.8666666666666666963 ) ;
#248 = DIRECTION ( 'NONE',  ( 0.0000000000000000000, 0.9975640502598243087, 0.06975647374412512203 ) ) ;
#249 = ORIENTED_EDGE ( 'NONE', *, *, #8646, .T. ) ;
#250 = FACE_OUTER_BOUND ( 'NONE', #4608, .T. ) ;
#251 = ORIENTED_EDGE ( 'NONE', *, *, #6657, .F. ) ;
#252 = VERTEX_POINT ( 'NONE', #5325 ) ;
#253 = PLANE ( 'NONE',  #6608 ) ;
#254 = VECTOR ( 'NONE', #4183, 1000.000000000000000 ) ;
#255 = ADVANCED_FACE ( 'NONE', ( #9117 ), #7348, .T. ) ;
#256 = DIRECTION ( 'NONE',  ( -3.641714079092569968E-16, 0.0000000000000000000, -1.000000000000000000 ) ) ;
#257 = DIRECTION ( 'NONE',  ( 0.0000000000000000000, -1.000000000000000000, 0.0000000000000000000 ) ) ;
#258 = EDGE_CURVE ( 'NONE', #2830, #91, #6665, .T. ) ;
#259 = FILL_AREA_STYLE ('',( #3443 ) ) ;
#260 = VERTEX_POINT ( 'NONE', #5994 ) ;
#261 = AXIS2_PLACEMENT_3D ( 'NONE', #4306, #6219, #6896 ) ;
#262 = ORIENTED_EDGE ( 'NONE', *, *, #6047, .F. ) ;
#263 = FACE_OUTER_BOUND ( 'NONE', #4716, .T. ) ;
#264 = CARTESIAN_POINT ( 'NONE',  ( 6.999999999999999112, 4.250000000000031086, 0.0000000000000000000 ) ) ;
#265 = VERTEX_POINT ( 'NONE', #3537 ) ;
#266 = B_SPLINE_CURVE_WITH_KNOTS ( 'NONE', 3,
 ( #9922, #6012, #8279, #7410 ),
 .UNSPECIFIED., .F., .F.,
 ( 4, 4 ),
 ( 0.0000000000000000000, 0.0001342552525292884497 ),
 .UNSPECIFIED. ) ;
#267 = DIRECTION ( 'NONE',  ( 0.0000000000000000000, -3.675221047034999628E-15, 1.000000000000000000 ) ) ;
#268 = DIRECTION ( 'NONE',  ( 0.0000000000000000000, -1.000000000000000000, 0.0000000000000000000 ) ) ;
#269 = ADVANCED_FACE ( 'NONE', ( #1189 ), #9838, .T. ) ;
#270 = CARTESIAN_POINT ( 'NONE',  ( -2.000000000331122241, 4.250000000000031086, -3.850000000000000089 ) ) ;
#271 = DIRECTION ( 'NONE',  ( 1.000000000000000000, 0.0000000000000000000, -5.152643988049919983E-16 ) ) ;
#272 = ORIENTED_EDGE ( 'NONE', *, *, #6209, .F. ) ;
#273 = AXIS2_PLACEMENT_3D ( 'NONE', #8112, #2689, #3543 ) ;
#274 = VERTEX_POINT ( 'NONE', #1377 ) ;
#275 = SURFACE_STYLE_FILL_AREA ( #9503 ) ;
#276 = LINE ( 'NONE', #5726, #4299 ) ;
#277 = ADVANCED_FACE ( 'NONE', ( #1333 ), #1957, .F. ) ;
#278 = EDGE_CURVE ( 'NONE', #8073, #6968, #6568, .T. ) ;
#279 = FILL_AREA_STYLE_COLOUR ( '', #5610 ) ;
#280 = FACE_BOUND ( 'NONE', #8512, .T. ) ;
#281 = AXIS2_PLACEMENT_3D ( 'NONE', #1049, #9608, #3243 ) ;
#282 = CARTESIAN_POINT ( 'NONE',  ( 1.023038840290179996, 6.143414083933709691, 5.701440280542519723 ) ) ;
#283 =( NAMED_UNIT ( * ) PLANE_ANGLE_UNIT ( ) SI_UNIT ( $, .RADIAN. ) );
#284 = CARTESIAN_POINT ( 'NONE',  ( 2.500000000000000000, 2.836223840680269781, 9.500000000000010658 ) ) ;
#285 = ORIENTED_EDGE ( 'NONE', *, *, #6524, .F. ) ;
#286 = DIRECTION ( 'NONE',  ( 0.0000000000000000000, 0.0000000000000000000, -1.000000000000000000 ) ) ;
#287 = CIRCLE ( 'NONE', #4941, 1.413776159319739989 ) ;
#288 = CARTESIAN_POINT ( 'NONE',  ( -2.500000000000000000, 4.250000000000031086, -4.349999999999999645 ) ) ;
#289 = AXIS2_PLACEMENT_3D ( 'NONE', #9763, #5868, #1927 ) ;
#290 = EDGE_LOOP ( 'NONE', ( #758, #8623, #6123, #5867 ) ) ;
#291 = SURFACE_STYLE_USAGE ( .BOTH. , #9578 ) ;
#292 =( GEOMETRIC_REPRESENTATION_CONTEXT ( 3 ) GLOBAL_UNCERTAINTY_ASSIGNED_CONTEXT ( ( #7167 ) ) GLOBAL_UNIT_ASSIGNED_CONTEXT ( ( #1142, #6567, #3497 ) ) REPRESENTATION_CONTEXT ( 'NONE', 'WORKASPACE' ) );
#293 = FACE_BOUND ( 'NONE', #2979, .T. ) ;
#294 = DIRECTION ( 'NONE',  ( 0.0000000000000000000, -3.675221047034999628E-15, 1.000000000000000000 ) ) ;
#295 = EDGE_CURVE ( 'NONE', #7547, #9225, #4502, .T. ) ;
#296 = DIRECTION ( 'NONE',  ( 6.323770134184271214E-17, 0.9848077530122081313, 0.1736481776669300259 ) ) ;
#297 = ORIENTED_EDGE ( 'NONE', *, *, #8251, .F. ) ;
#298 = DIRECTION ( 'NONE',  ( 0.0000000000000000000, 0.0000000000000000000, 1.000000000000000000 ) ) ;
#299 = VERTEX_POINT ( 'NONE', #2012 ) ;
#300 = ORIENTED_EDGE ( 'NONE', *, *, #825, .F. ) ;
#301 = CIRCLE ( 'NONE', #2131, 0.2000000000000005107 ) ;
#302 = CARTESIAN_POINT ( 'NONE',  ( 15.00000000000000000, 7.750000000000000000, 5.900000000000000355 ) ) ;
#303 =( GEOMETRIC_REPRESENTATION_CONTEXT ( 3 ) GLOBAL_UNCERTAINTY_ASSIGNED_CONTEXT ( ( #9365 ) ) GLOBAL_UNIT_ASSIGNED_CONTEXT ( ( #6232, #1536, #2317 ) ) REPRESENTATION_CONTEXT ( 'NONE', 'WORKASPACE' ) );
#304 = B_SPLINE_CURVE_WITH_KNOTS ( 'NONE', 3,
 ( #6817, #2030, #5864, #3599, #6725, #2073 ),
 .UNSPECIFIED., .F., .F.,
 ( 4, 2, 4 ),
 ( 1.489244079771624476E-11, 0.0002833862612363280344, 0.0005667725075802152726 ),
 .UNSPECIFIED. ) ;
#305 = LINE ( 'NONE', #2992, #7069 ) ;
#306 = FACE_OUTER_BOUND ( 'NONE', #4933, .T. ) ;
#307 = AXIS2_PLACEMENT_3D ( 'NONE', #7958, #5592, #49 ) ;
#308 = ORIENTED_EDGE ( 'NONE', *, *, #865, .F. ) ;
#309 = DIRECTION ( 'NONE',  ( 0.0000000000000000000, 0.0000000000000000000, -1.000000000000000000 ) ) ;
#310 = DIRECTION ( 'NONE',  ( -1.000000000000000000, 0.0000000000000000000, 0.0000000000000000000 ) ) ;
#311 = ORIENTED_EDGE ( 'NONE', *, *, #2853, .F. ) ;
#312 = TOROIDAL_SURFACE ( 'NONE', #6267, 1.413776159319739989, 0.2000000000000000111 ) ;
#313 = VECTOR ( 'NONE', #349, 1000.000000000000000 ) ;
#314 = CARTESIAN_POINT ( 'NONE',  ( 3.856009966283758583, 3.850000000000010303, 9.500000000000010658 ) ) ;
#315 = VERTEX_POINT ( 'NONE', #7576 ) ;
#316 = SURFACE_SIDE_STYLE ('',( #4276 ) ) ;
#317 = ORIENTED_EDGE ( 'NONE', *, *, #3586, .F. ) ;
#318 = DIRECTION ( 'NONE',  ( 0.0000000000000000000, 0.0000000000000000000, 1.000000000000000000 ) ) ;
#319 = DIRECTION ( 'NONE',  ( -1.000000000000000000, 0.0000000000000000000, 0.0000000000000000000 ) ) ;
#320 = ORIENTED_EDGE ( 'NONE', *, *, #2756, .T. ) ;
#321 = VERTEX_POINT ( 'NONE', #494 ) ;
#322 = ORIENTED_EDGE ( 'NONE', *, *, #2186, .T. ) ;
#323 = CARTESIAN_POINT ( 'NONE',  ( 9.062892611431221823, 4.650000000000010125, 9.314249409997579221 ) ) ;
#324 =( NAMED_UNIT ( * ) SI_UNIT ( $, .STERADIAN. ) SOLID_ANGLE_UNIT ( ) );
#325 = FILL_AREA_STYLE_COLOUR ( '', #5961 ) ;
#326 = AXIS2_PLACEMENT_3D ( 'NONE', #1643, #4814, #4911 ) ;
#327 = SURFACE_STYLE_USAGE ( .BOTH. , #379 ) ;
#328 = DIRECTION ( 'NONE',  ( 0.0000000000000000000, 1.000000000000000000, 0.0000000000000000000 ) ) ;
#329 = ORIENTED_EDGE ( 'NONE', *, *, #4701, .T. ) ;
#330 = EDGE_CURVE ( 'NONE', #1707, #5295, #542, .T. ) ;
#331 = AXIS2_PLACEMENT_3D ( 'NONE', #6472, #8062, #6522 ) ;
#332 = ORIENTED_EDGE ( 'NONE', *, *, #3700, .F. ) ;
#333 = CARTESIAN_POINT ( 'NONE',  ( 5.992424242424229774, 10.85606060606060019, 7.142424242424230130 ) ) ;
#334 = EDGE_CURVE ( 'NONE', #1591, #2378, #7531, .T. ) ;
#335 = PRESENTATION_LAYER_ASSIGNMENT (  '', '', ( #4819 ) ) ;
#336 = COLOUR_RGB ( '',0.2862745098039215508, 0.6431372549019607199, 0.8666666666666666963 ) ;
#337 =( NAMED_UNIT ( * ) PLANE_ANGLE_UNIT ( ) SI_UNIT ( $, .RADIAN. ) );
#338 = CARTESIAN_POINT ( 'NONE',  ( 10.00000000000000000, 1.800000000000000266, 10.00000000000000000 ) ) ;
#339 = CARTESIAN_POINT ( 'NONE',  ( 5.996182525918290374, 6.250000000000079936, 5.603246506036859920 ) ) ;
#340 = DIRECTION ( 'NONE',  ( 0.0000000000000000000, 0.0000000000000000000, 1.000000000000000000 ) ) ;
#341 = DIRECTION ( 'NONE',  ( -3.641714079092569968E-16, 0.0000000000000000000, -1.000000000000000000 ) ) ;
#342 = VERTEX_POINT ( 'NONE', #3628 ) ;
#343 = ADVANCED_FACE ( 'NONE', ( #6036 ), #9967, .T. ) ;
#344 = CARTESIAN_POINT ( 'NONE',  ( 8.871701747922880799, 6.620978138265459556, 5.127902589497660202 ) ) ;
#345 = EDGE_CURVE ( 'NONE', #4552, #260, #9834, .T. ) ;
#346 =( LENGTH_UNIT ( ) NAMED_UNIT ( * ) SI_UNIT ( .MILLI., .METRE. ) );
#347 = DIRECTION ( 'NONE',  ( 1.000000000000000000, 0.0000000000000000000, 0.0000000000000000000 ) ) ;
#348 = STYLED_ITEM ( 'NONE', ( #3661 ), #6074 ) ;
#349 = DIRECTION ( 'NONE',  ( 0.0000000000000000000, 0.0000000000000000000, -1.000000000000000000 ) ) ;
#350 =( NAMED_UNIT ( * ) PLANE_ANGLE_UNIT ( ) SI_UNIT ( $, .RADIAN. ) );
#351 = FACE_OUTER_BOUND ( 'NONE', #3348, .T. ) ;
#352 = CIRCLE ( 'NONE', #9921, 1.749999999999999778 ) ;
#353 = ORIENTED_EDGE ( 'NONE', *, *, #2314, .T. ) ;
#354 =( LENGTH_UNIT ( ) NAMED_UNIT ( * ) SI_UNIT ( .MILLI., .METRE. ) );
#355 = DIRECTION ( 'NONE',  ( 0.0000000000000000000, 0.0000000000000000000, -1.000000000000000000 ) ) ;
#356 = EDGE_LOOP ( 'NONE', ( #9106, #3525, #6144, #7562 ) ) ;
#357 = CARTESIAN_POINT ( 'NONE',  ( 6.107736519411112397, 6.816384655952807847, 5.200576600905339575 ) ) ;
#358 = PRESENTATION_LAYER_ASSIGNMENT (  '', '', ( #8126 ) ) ;
#359 = B_SPLINE_CURVE_WITH_KNOTS ( 'NONE', 3,
 ( #4719, #9476, #763, #821 ),
 .UNSPECIFIED., .F., .F.,
 ( 4, 4 ),
 ( 0.0000000000000000000, 0.0001440220723645888740 ),
 .UNSPECIFIED. ) ;
#360 = ORIENTED_EDGE ( 'NONE', *, *, #7781, .F. ) ;
#361 =( LENGTH_UNIT ( ) NAMED_UNIT ( * ) SI_UNIT ( .MILLI., .METRE. ) );
#362 = EDGE_LOOP ( 'NONE', ( #7061, #3918, #9037, #2429 ) ) ;
#363 =( NAMED_UNIT ( * ) SI_UNIT ( $, .STERADIAN. ) SOLID_ANGLE_UNIT ( ) );
#364 = DIRECTION ( 'NONE',  ( 0.0000000000000000000, 0.0000000000000000000, 1.000000000000000000 ) ) ;
#365 = MECHANICAL_DESIGN_GEOMETRIC_PRESENTATION_REPRESENTATION (  '', ( #3692 ), #9424 ) ;
#366 = PRODUCT_DEFINITION_SHAPE ( 'NONE', 'NONE',  #10233 ) ;
#367 = LINE ( 'NONE', #4334, #2608 ) ;
#368 = VERTEX_POINT ( 'NONE', #7773 ) ;
#369 = DIRECTION ( 'NONE',  ( 0.0000000000000000000, -1.000000000000000000, 0.0000000000000000000 ) ) ;
#370 = VERTEX_POINT ( 'NONE', #9302 ) ;
#371 = FACE_OUTER_BOUND ( 'NONE', #2222, .T. ) ;
#372 = STYLED_ITEM ( 'NONE', ( #2988 ), #10108 ) ;
#373 = VERTEX_POINT ( 'NONE', #3760 ) ;
#374 = CIRCLE ( 'NONE', #9591, 0.5999999999999998668 ) ;
#375 = CARTESIAN_POINT ( 'NONE',  ( 2.500000000000000000, 4.250000000000031086, -4.349999999999999645 ) ) ;
#376 = CARTESIAN_POINT ( 'NONE',  ( 5.899218940641789644, 4.650000000000010125, 8.800000000000000711 ) ) ;
#377 = DIRECTION ( 'NONE',  ( -3.641714079092569968E-16, 0.0000000000000000000, -1.000000000000000000 ) ) ;
#378 = CARTESIAN_POINT ( 'NONE',  ( -3.890407047718352551, 6.616355096402057434, 5.194015168276952643 ) ) ;
#379 = SURFACE_SIDE_STYLE ('',( #8185 ) ) ;
#380 = VERTEX_POINT ( 'NONE', #1531 ) ;
#381 = PRESENTATION_LAYER_ASSIGNMENT (  '', '', ( #9428 ) ) ;
#382 = CARTESIAN_POINT ( 'NONE',  ( 3.549999999999999822, 3.592004494644689849, 2.875961234938969824 ) ) ;
#383 = EDGE_CURVE ( 'NONE', #1617, #4773, #3237, .T. ) ;
#384 = DIRECTION ( 'NONE',  ( 0.0000000000000000000, 0.0000000000000000000, -1.000000000000000000 ) ) ;
#385 = LINE ( 'NONE', #3574, #6374 ) ;
#386 = DIRECTION ( 'NONE',  ( 0.0000000000000000000, -1.000000000000000000, 0.0000000000000000000 ) ) ;
#387 = CARTESIAN_POINT ( 'NONE',  ( -2.500000000000000000, 4.250000000000009770, 8.000000000000010658 ) ) ;
#388 = UNCERTAINTY_MEASURE_WITH_UNIT (LENGTH_MEASURE( 1.000000000000000082E-05 ), #4036, 'distance_accuracy_value', 'NONE');
#389 = CARTESIAN_POINT ( 'NONE',  ( -3.977385600075629579, 6.143310571542220266, 5.618793688040031320 ) ) ;
#390 = EDGE_CURVE ( 'NONE', #3591, #3968, #8690, .T. ) ;
#391 = ORIENTED_EDGE ( 'NONE', *, *, #6547, .T. ) ;
#392 = ORIENTED_EDGE ( 'NONE', *, *, #5053, .T. ) ;
#393 = FILL_AREA_STYLE ('',( #5262 ) ) ;
#394 = CARTESIAN_POINT ( 'NONE',  ( 6.143990033716241861, 3.850000000000008527, 9.500000000000000000 ) ) ;
#395 = EDGE_CURVE ( 'NONE', #4727, #5515, #8483, .T. ) ;
#396 = CARTESIAN_POINT ( 'NONE',  ( 8.986631418591992215, 6.290959451148395054, 5.697427312629213425 ) ) ;
#397 = CARTESIAN_POINT ( 'NONE',  ( -4.750000000000000000, 7.750000000000000000, 5.900000000000000355 ) ) ;
#398 = CARTESIAN_POINT ( 'NONE',  ( 6.023037437513499626, 6.379043465882250352, 5.701156363462390075 ) ) ;
#399 = EDGE_CURVE ( 'NONE', #6697, #7191, #10142, .T. ) ;
#400 = ORIENTED_EDGE ( 'NONE', *, *, #9165, .T. ) ;
#401 = PLANE ( 'NONE',  #2963 ) ;
#402 = CYLINDRICAL_SURFACE ( 'NONE', #1596, 1.399999999999999911 ) ;
#403 = ORIENTED_EDGE ( 'NONE', *, *, #3917, .T. ) ;
#404 = ADVANCED_FACE ( 'NONE', ( #5368 ), #3404, .T. ) ;
#405 = ADVANCED_FACE ( 'NONE', ( #3823 ), #7052, .T. ) ;
#406 = VECTOR ( 'NONE', #1747, 1000.000000000000000 ) ;
#407 = EDGE_CURVE ( 'NONE', #7500, #8161, #643, .T. ) ;
#408 = CARTESIAN_POINT ( 'NONE',  ( 2.500000000000000000, 6.250000000000031086, 1.349999999999999867 ) ) ;
#409 = PLANE ( 'NONE',  #192 ) ;
#410 = DIRECTION ( 'NONE',  ( 0.0000000000000000000, 0.0000000000000000000, -1.000000000000000000 ) ) ;
#411 = DIRECTION ( 'NONE',  ( 0.0000000000000000000, -1.000000000000000000, -3.965082230804152702E-15 ) ) ;
#412 = ORIENTED_EDGE ( 'NONE', *, *, #8530, .T. ) ;
#413 = DIRECTION ( 'NONE',  ( -1.000000000000000000, 0.0000000000000000000, 0.0000000000000000000 ) ) ;
#414 = CIRCLE ( 'NONE', #9144, 1.400000000000000133 ) ;
#415 = LINE ( 'NONE', #2082, #7572 ) ;
#416 = UNCERTAINTY_MEASURE_WITH_UNIT (LENGTH_MEASURE( 1.000000000000000082E-05 ), #8042, 'distance_accuracy_value', 'NONE');
#417 = PLANE ( 'NONE',  #2094 ) ;
#418 = PRESENTATION_LAYER_ASSIGNMENT (  '', '', ( #9308 ) ) ;
#419 = CYLINDRICAL_SURFACE ( 'NONE', #783, 0.4000000000000001887 ) ;
#420 = ORIENTED_EDGE ( 'NONE', *, *, #5999, .T. ) ;
#421 = EDGE_CURVE ( 'NONE', #5572, #7322, #10094, .T. ) ;
#422 = CARTESIAN_POINT ( 'NONE',  ( 5.450000000000000178, 2.200000000000000178, 0.6500000000000040190 ) ) ;
#423 = DIRECTION ( 'NONE',  ( 3.928415396526638614E-16, 0.3713906763541028888, 0.9284766908852596368 ) ) ;
#424 = EDGE_LOOP ( 'NONE', ( #6273, #3756, #9368, #1503 ) ) ;
#425 = FILL_AREA_STYLE ('',( #9058 ) ) ;
#426 = CARTESIAN_POINT ( 'NONE',  ( -4.580000000000000071, 1.652376043070270084, 6.200000000000001066 ) ) ;
#427 = CARTESIAN_POINT ( 'NONE',  ( 3.977026237072419868, 6.335242407712620150, 5.690954293788288432 ) ) ;
#428 = VECTOR ( 'NONE', #430, 1000.000000000000000 ) ;
#429 = B_SPLINE_CURVE_WITH_KNOTS ( 'NONE', 3,
 ( #3869, #789, #6993, #6332, #7152, #8583, #6280, #2244 ),
 .UNSPECIFIED., .F., .F.,
 ( 4, 2, 2, 4 ),
 ( 0.0000000000000000000, 0.1326693844476140027, 0.4942272126317450165, 1.000000000000000000 ),
 .UNSPECIFIED. ) ;
#430 = DIRECTION ( 'NONE',  ( 5.152643988049929844E-16, 0.0000000000000000000, 1.000000000000000000 ) ) ;
#431 = SURFACE_STYLE_USAGE ( .BOTH. , #3752 ) ;
#432 = DIRECTION ( 'NONE',  ( 0.0000000000000000000, -1.000000000000000000, 0.0000000000000000000 ) ) ;
#433 =( NAMED_UNIT ( * ) SI_UNIT ( $, .STERADIAN. ) SOLID_ANGLE_UNIT ( ) );
#434 = ORIENTED_EDGE ( 'NONE', *, *, #9801, .T. ) ;
#435 = LINE ( 'NONE', #8444, #8448 ) ;
#436 = SURFACE_SIDE_STYLE ('',( #7442 ) ) ;
#437 = CARTESIAN_POINT ( 'NONE',  ( 1.027326048814293902, 6.293418682409068765, 5.495963488081318182 ) ) ;
#438 = B_SPLINE_CURVE_WITH_KNOTS ( 'NONE', 3,
 ( #9074, #396, #6712, #9122 ),
 .UNSPECIFIED., .F., .F.,
 ( 4, 4 ),
 ( 8.673617379884035472E-19, 0.0001342552420932855849 ),
 .UNSPECIFIED. ) ;
#439 = AXIS2_PLACEMENT_3D ( 'NONE', #2110, #3681, #9954 ) ;
#440 = EDGE_CURVE ( 'NONE', #812, #2119, #414, .T. ) ;
#441 = PRODUCT_DEFINITION_SHAPE ( 'NONE', 'NONE',  #10231 ) ;
#442 = CARTESIAN_POINT ( 'NONE',  ( 4.006141391221530235, 6.250000000000031086, 5.699344090454331990 ) ) ;
#443 = CARTESIAN_POINT ( 'NONE',  ( 10.00000000000000000, 6.436102000195529804, 10.00000000000000000 ) ) ;
#444 = CARTESIAN_POINT ( 'NONE',  ( -1.143939393939400029, -1.265151515151490047, 2.293939393939409932 ) ) ;
#445 = CARTESIAN_POINT ( 'NONE',  ( 5.940889099879663959, 4.650000000000010125, 9.365540160508118106 ) ) ;
#446 = VERTEX_POINT ( 'NONE', #23 ) ;
#447 = DIRECTION ( 'NONE',  ( -5.152643988049929844E-16, 0.0000000000000000000, -1.000000000000000000 ) ) ;
#448 = STYLED_ITEM ( 'NONE', ( #7872 ), #2365 ) ;
#449 = ORIENTED_EDGE ( 'NONE', *, *, #2381, .F. ) ;
#450 = AXIS2_PLACEMENT_3D ( 'NONE', #6556, #4982, #8975 ) ;
#451 = EDGE_CURVE ( 'NONE', #7322, #4167, #5417, .T. ) ;
#452 = ORIENTED_EDGE ( 'NONE', *, *, #6918, .F. ) ;
#453 =( GEOMETRIC_REPRESENTATION_CONTEXT ( 3 ) GLOBAL_UNCERTAINTY_ASSIGNED_CONTEXT ( ( #189 ) ) GLOBAL_UNIT_ASSIGNED_CONTEXT ( ( #9215, #9994, #5224 ) ) REPRESENTATION_CONTEXT ( 'NONE', 'WORKASPACE' ) );
#454 = ORIENTED_EDGE ( 'NONE', *, *, #8250, .F. ) ;
#455 = DIRECTION ( 'NONE',  ( -0.9284766908852591927, 0.3713906763541040545, 1.594703279778140325E-16 ) ) ;
#456 = B_SPLINE_CURVE_WITH_KNOTS ( 'NONE', 3,
 ( #725, #9242, #3908, #6884, #570, #6118 ),
 .UNSPECIFIED., .F., .F.,
 ( 4, 2, 4 ),
 ( 0.0000000000000000000, 0.4556032744929219835, 1.000000000000000000 ),
 .UNSPECIFIED. ) ;
#457 = CARTESIAN_POINT ( 'NONE',  ( 1.449999999999999956, 6.370920840910899940, 3.569044486294639995 ) ) ;
#458 = APPLICATION_CONTEXT ( 'automotive_design' ) ;
#459 = CARTESIAN_POINT ( 'NONE',  ( 4.500000000000000888, 6.900000000000019895, 4.004821471746000228 ) ) ;
#460 = AXIS2_PLACEMENT_3D ( 'NONE', #9504, #895, #1118 ) ;
#461 = DIRECTION ( 'NONE',  ( -5.152643988049929844E-16, 0.0000000000000000000, -1.000000000000000000 ) ) ;
#462 = EDGE_LOOP ( 'NONE', ( #5118, #4562, #3861, #7981 ) ) ;
#463 = EDGE_CURVE ( 'NONE', #712, #959, #572, .T. ) ;
#464 = VECTOR ( 'NONE', #6138, 1000.000000000000000 ) ;
#465 = CARTESIAN_POINT ( 'NONE',  ( -1.075900883378422934, 6.782835288287568432, 5.313097438219579693 ) ) ;
#466 = EDGE_CURVE ( 'NONE', #2284, #6486, #8092, .T. ) ;
#467 = COLOUR_RGB ( '',0.2862745098039215508, 0.6431372549019607199, 0.8666666666666666963 ) ;
#468 = FACE_OUTER_BOUND ( 'NONE', #9639, .T. ) ;
#469 =( NAMED_UNIT ( * ) PLANE_ANGLE_UNIT ( ) SI_UNIT ( $, .RADIAN. ) );
#470 =( GEOMETRIC_REPRESENTATION_CONTEXT ( 3 ) GLOBAL_UNCERTAINTY_ASSIGNED_CONTEXT ( ( #9897 ) ) GLOBAL_UNIT_ASSIGNED_CONTEXT ( ( #3290, #4125, #1161 ) ) REPRESENTATION_CONTEXT ( 'NONE', 'WORKASPACE' ) );
#471 = CARTESIAN_POINT ( 'NONE',  ( 10.00000000000000000, 0.1977371785018499917, 6.601260681670590102 ) ) ;
#472 = SURFACE_STYLE_USAGE ( .BOTH. , #3698 ) ;
#473 = AXIS2_PLACEMENT_3D ( 'NONE', #9146, #4016, #9441 ) ;
#474 = FILL_AREA_STYLE ('',( #1221 ) ) ;
#475 = ORIENTED_EDGE ( 'NONE', *, *, #3176, .T. ) ;
#476 = CARTESIAN_POINT ( 'NONE',  ( 7.500000000000000000, 4.250000000000009770, 9.500000000000000000 ) ) ;
#477 = DIRECTION ( 'NONE',  ( -1.000000000000000000, 0.0000000000000000000, 5.152643988049929844E-16 ) ) ;
#478 = EDGE_LOOP ( 'NONE', ( #5481, #7550 ) ) ;
#479 =( LENGTH_UNIT ( ) NAMED_UNIT ( * ) SI_UNIT ( .MILLI., .METRE. ) );
#480 = SURFACE_SIDE_STYLE ('',( #1947 ) ) ;
#481 = CIRCLE ( 'NONE', #5609, 1.413776159319739989 ) ;
#482 = DIRECTION ( 'NONE',  ( -1.000000000000000000, 0.0000000000000000000, -3.641714079092569968E-16 ) ) ;
#483 = VECTOR ( 'NONE', #7709, 1000.000000000000000 ) ;
#484 = ORIENTED_EDGE ( 'NONE', *, *, #9217, .T. ) ;
#485 = EDGE_CURVE ( 'NONE', #1598, #216, #4858, .T. ) ;
#486 = DIRECTION ( 'NONE',  ( 0.0000000000000000000, 0.9284766908852596368, 0.3713906763541028888 ) ) ;
#487 = DIRECTION ( 'NONE',  ( 1.000000000000000000, 0.0000000000000000000, -5.152643988049929844E-16 ) ) ;
#488 = CARTESIAN_POINT ( 'NONE',  ( -2.500000000000000000, 4.250000000000009770, 9.500000000000010658 ) ) ;
#489 = AXIS2_PLACEMENT_3D ( 'NONE', #9139, #5303, #3798 ) ;
#490 = UNCERTAINTY_MEASURE_WITH_UNIT (LENGTH_MEASURE( 1.000000000000000082E-05 ), #7705, 'distance_accuracy_value', 'NONE');
#491 = FACE_OUTER_BOUND ( 'NONE', #5602, .T. ) ;
#492 = ORIENTED_EDGE ( 'NONE', *, *, #2472, .T. ) ;
#493 = CARTESIAN_POINT ( 'NONE',  ( 10.00000000000000000, 0.0000000000000000000, 0.0000000000000000000 ) ) ;
#494 = CARTESIAN_POINT ( 'NONE',  ( 5.450000000000009948, 7.250000000000000000, 5.700000000000000178 ) ) ;
#495 = CARTESIAN_POINT ( 'NONE',  ( -3.856009966283758139, 3.850000000000008527, 9.500000000000010658 ) ) ;
#496 = CIRCLE ( 'NONE', #331, 0.2500000000000002220 ) ;
#497 = CARTESIAN_POINT ( 'NONE',  ( -0.4499999999999990119, 7.750000000000000000, 0.4500000000000020095 ) ) ;
#498 = CARTESIAN_POINT ( 'NONE',  ( -1.005392207637532120, 6.250000000000363265, 5.499015461809753091 ) ) ;
#499 = CARTESIAN_POINT ( 'NONE',  ( 3.976897247608214503, 6.379062758811953060, 5.679065084669054464 ) ) ;
#500 = SURFACE_STYLE_FILL_AREA ( #5954 ) ;
#501 = ORIENTED_EDGE ( 'NONE', *, *, #7717, .F. ) ;
#502 = VECTOR ( 'NONE', #7057, 1000.000000000000000 ) ;
#503 = SURFACE_STYLE_USAGE ( .BOTH. , #7584 ) ;
#504 = VERTEX_POINT ( 'NONE', #9669 ) ;
#505 = EDGE_LOOP ( 'NONE', ( #3331, #54, #3463, #2059, #8026, #1438, #3386, #3686 ) ) ;
#506 = ORIENTED_EDGE ( 'NONE', *, *, #8123, .F. ) ;
#507 = DIRECTION ( 'NONE',  ( -0.3481553119113940387, 0.8703882797784900927, 0.3481553119113949823 ) ) ;
#508 = EDGE_CURVE ( 'NONE', #4943, #4190, #3076, .T. ) ;
#509 = EDGE_LOOP ( 'NONE', ( #743, #5428, #3001, #8127 ) ) ;
#510 = DIRECTION ( 'NONE',  ( 0.0000000000000000000, 0.0000000000000000000, 1.000000000000000000 ) ) ;
#511 = LINE ( 'NONE', #6776, #6742 ) ;
#512 =( NAMED_UNIT ( * ) SI_UNIT ( $, .STERADIAN. ) SOLID_ANGLE_UNIT ( ) );
#513 = EDGE_CURVE ( 'NONE', #7274, #8825, #3233, .T. ) ;
#514 = FILL_AREA_STYLE_COLOUR ( '', #9804 ) ;
#515 = CARTESIAN_POINT ( 'NONE',  ( 6.450000000000000178, 6.900812423267500328, 3.990870176997169949 ) ) ;
#516 =( LENGTH_UNIT ( ) NAMED_UNIT ( * ) SI_UNIT ( .MILLI., .METRE. ) );
#517 = UNCERTAINTY_MEASURE_WITH_UNIT (LENGTH_MEASURE( 1.000000000000000082E-05 ), #732, 'distance_accuracy_value', 'NONE');
#518 = PRESENTATION_LAYER_ASSIGNMENT (  '', '', ( #5021 ) ) ;
#519 = EDGE_LOOP ( 'NONE', ( #5100, #1772, #7822, #452 ) ) ;
#520 = DIRECTION ( 'NONE',  ( 0.0000000000000000000, 0.0000000000000000000, 1.000000000000000000 ) ) ;
#521 = ADVANCED_FACE ( 'NONE', ( #122 ), #8027, .F. ) ;
#522 = DIRECTION ( 'NONE',  ( 6.323770134184271214E-17, -0.9848077530122081313, -0.1736481776669300259 ) ) ;
#523 = ADVANCED_FACE ( 'NONE', ( #1789 ), #8802, .T. ) ;
#524 = SURFACE_SIDE_STYLE ('',( #3610 ) ) ;
#525 = DIRECTION ( 'NONE',  ( 1.000000000000000000, 0.0000000000000000000, 0.0000000000000000000 ) ) ;
#526 = ORIENTED_EDGE ( 'NONE', *, *, #4572, .T. ) ;
#527 = CARTESIAN_POINT ( 'NONE',  ( 3.958155913534197712, 6.384612859888997960, 5.465433459372714964 ) ) ;
#528 = ORIENTED_EDGE ( 'NONE', *, *, #130, .T. ) ;
#529 = CARTESIAN_POINT ( 'NONE',  ( -4.549999999999999822, 7.250000000000000000, 0.6500000000000040190 ) ) ;
#530 = AXIS2_PLACEMENT_3D ( 'NONE', #3354, #2349, #5503 ) ;
#531 = ORIENTED_EDGE ( 'NONE', *, *, #2175, .F. ) ;
#532 = CARTESIAN_POINT ( 'NONE',  ( 8.924099116621576400, 6.782835288287570208, 5.313097438219570812 ) ) ;
#533 = EDGE_CURVE ( 'NONE', #8383, #9188, #667, .T. ) ;
#534 = DIRECTION ( 'NONE',  ( -1.000000000000000000, -5.580452358381269806E-16, 0.0000000000000000000 ) ) ;
#535 = ADVANCED_FACE ( 'NONE', ( #1849 ), #5019, .T. ) ;
#536 = CARTESIAN_POINT ( 'NONE',  ( 9.100781059358210356, 4.650000000000010125, 8.800000000000000711 ) ) ;
#537 = SURFACE_SIDE_STYLE ('',( #1330 ) ) ;
#538 = DIRECTION ( 'NONE',  ( -1.000000000000000000, 0.0000000000000000000, 0.0000000000000000000 ) ) ;
#539 = ORIENTED_EDGE ( 'NONE', *, *, #1327, .T. ) ;
#540 = CARTESIAN_POINT ( 'NONE',  ( 3.549999999999999822, -1.462314593354880232, 3.990870176997169949 ) ) ;
#541 = LINE ( 'NONE', #6709, #7708 ) ;
#542 =( BOUNDED_CURVE ( )  B_SPLINE_CURVE ( 3, ( #5182, #3675, #1238, #4401 ),
 .UNSPECIFIED., .F., .T. ) 
 B_SPLINE_CURVE_WITH_KNOTS ( ( 4, 4 ),
 ( 4.758910074651783617, 4.782202150464470058 ),
 .UNSPECIFIED. ) 
 CURVE ( )  GEOMETRIC_REPRESENTATION_ITEM ( )  RATIONAL_B_SPLINE_CURVE ( ( 1.000000000000000000, 0.9999547904446798308, 0.9999547904446798308, 1.000000000000000000 ) ) 
 REPRESENTATION_ITEM ( '' )  );
#543 = CARTESIAN_POINT ( 'NONE',  ( 8.976897412858470204, 6.379062759268808946, 5.679065083712689699 ) ) ;
#544 = ORIENTED_EDGE ( 'NONE', *, *, #4776, .F. ) ;
#545 = DIRECTION ( 'NONE',  ( -0.3481553119113969808, 0.8703882797784889824, -0.3481553119113949823 ) ) ;
#546 = LINE ( 'NONE', #5274, #2099 ) ;
#547 = ORIENTED_EDGE ( 'NONE', *, *, #5148, .F. ) ;
#548 = LINE ( 'NONE', #9222, #6724 ) ;
#549 = ADVANCED_FACE ( 'NONE', ( #4391 ), #8292, .T. ) ;
#550 = ORIENTED_EDGE ( 'NONE', *, *, #1297, .T. ) ;
#551 = VERTEX_POINT ( 'NONE', #8381 ) ;
#552 = AXIS2_PLACEMENT_3D ( 'NONE', #4520, #3222, #2185 ) ;
#553 = ORIENTED_EDGE ( 'NONE', *, *, #4255, .F. ) ;
#554 = CARTESIAN_POINT ( 'NONE',  ( 6.075900883378420048, -1.462314593354880232, 5.313097438219569923 ) ) ;
#555 = AXIS2_PLACEMENT_3D ( 'NONE', #610, #2132, #3788 ) ;
#556 = VERTEX_POINT ( 'NONE', #8334 ) ;
#557 = SURFACE_STYLE_USAGE ( .BOTH. , #2183 ) ;
#558 = FILL_AREA_STYLE_COLOUR ( '', #3135 ) ;
#559 = DIRECTION ( 'NONE',  ( 1.000000000000000000, 2.232180943352509796E-16, 0.0000000000000000000 ) ) ;
#560 = SURFACE_STYLE_USAGE ( .BOTH. , #2906 ) ;
#561 = DIRECTION ( 'NONE',  ( 0.0000000000000000000, -3.675221047034999628E-15, 1.000000000000000000 ) ) ;
#562 = EDGE_LOOP ( 'NONE', ( #1025, #9899, #6167, #8601 ) ) ;
#563 = CARTESIAN_POINT ( 'NONE',  ( 8.942559080254872228, 1.718879291340180027, 9.827925769509480602 ) ) ;
#564 = DIRECTION ( 'NONE',  ( 0.0000000000000000000, -1.000000000000000000, 0.0000000000000000000 ) ) ;
#565 = ADVANCED_FACE ( 'NONE', ( #2920 ), #9103, .T. ) ;
#566 = CIRCLE ( 'NONE', #6353, 1.599999999999999867 ) ;
#567 = EDGE_CURVE ( 'NONE', #6966, #5811, #3099, .T. ) ;
#568 = FILL_AREA_STYLE_COLOUR ( '', #2591 ) ;
#569 = DIRECTION ( 'NONE',  ( -1.000000000000000000, 0.0000000000000000000, 0.0000000000000000000 ) ) ;
#570 = CARTESIAN_POINT ( 'NONE',  ( -4.093910474793799992, 3.850000000000010303, 8.893318922984189356 ) ) ;
#571 = VERTEX_POINT ( 'NONE', #5982 ) ;
#572 = CIRCLE ( 'NONE', #8997, 1.613267899285889984 ) ;
#573 = EDGE_LOOP ( 'NONE', ( #8923, #9595, #7542, #823 ) ) ;
#574 = DIRECTION ( 'NONE',  ( 0.0000000000000000000, 0.0000000000000000000, 1.000000000000000000 ) ) ;
#575 = ORIENTED_EDGE ( 'NONE', *, *, #466, .F. ) ;
#576 = CARTESIAN_POINT ( 'NONE',  ( 1.092568578620798592, 3.850000000000008527, 9.500000000000008882 ) ) ;
#577 = DIRECTION ( 'NONE',  ( 1.000000000000000000, 0.0000000000000000000, 0.0000000000000000000 ) ) ;
#578 = EDGE_LOOP ( 'NONE', ( #7238, #475, #2808, #1914 ) ) ;
#579 = VECTOR ( 'NONE', #8232, 1000.000000000000000 ) ;
#580 = EDGE_CURVE ( 'NONE', #8501, #2273, #2050, .T. ) ;
#581 = FACE_OUTER_BOUND ( 'NONE', #9034, .T. ) ;
#582 = DIRECTION ( 'NONE',  ( 0.0000000000000000000, 0.0000000000000000000, 1.000000000000000000 ) ) ;
#583 = CARTESIAN_POINT ( 'NONE',  ( 7.500000000000000000, 4.250000000000009770, 9.300000000000000711 ) ) ;
#584 = UNCERTAINTY_MEASURE_WITH_UNIT (LENGTH_MEASURE( 1.000000000000000082E-05 ), #6285, 'distance_accuracy_value', 'NONE');
#585 = LINE ( 'NONE', #10197, #6321 ) ;
#586 = ORIENTED_EDGE ( 'NONE', *, *, #7494, .F. ) ;
#587 = AXIS2_PLACEMENT_3D ( 'NONE', #6171, #685, #6994 ) ;
#588 = DIRECTION ( 'NONE',  ( 0.0000000000000000000, 0.0000000000000000000, 1.000000000000000000 ) ) ;
#589 = DIRECTION ( 'NONE',  ( -1.000000000000000000, 0.0000000000000000000, 0.0000000000000000000 ) ) ;
#590 = EDGE_CURVE ( 'NONE', #8458, #8477, #7834, .T. ) ;
#591 = DIRECTION ( 'NONE',  ( 1.000000000000000000, 0.0000000000000000000, -5.152643988049929844E-16 ) ) ;
#592 = CARTESIAN_POINT ( 'NONE',  ( 4.005306635626549649, 6.250000000000079936, 5.631641418841220492 ) ) ;
#593 = TOROIDAL_SURFACE ( 'NONE', #6550, 1.600000000000000089, 0.1000000000000000056 ) ;
#594 = CARTESIAN_POINT ( 'NONE',  ( 0.9408890998796609617, 4.650000000000011013, 9.365540160508109224 ) ) ;
#595 = DIRECTION ( 'NONE',  ( 0.0000000000000000000, 0.0000000000000000000, 1.000000000000000000 ) ) ;
#596 = DIRECTION ( 'NONE',  ( 1.717547996016639994E-16, 0.0000000000000000000, 1.000000000000000000 ) ) ;
#597 = ORIENTED_EDGE ( 'NONE', *, *, #9239, .T. ) ;
#598 = CIRCLE ( 'NONE', #6386, 1.749999999999989786 ) ;
#599 = ORIENTED_EDGE ( 'NONE', *, *, #4235, .T. ) ;
#600 = STYLED_ITEM ( 'NONE', ( #6042 ), #1835 ) ;
#601 = ORIENTED_EDGE ( 'NONE', *, *, #7719, .T. ) ;
#602 = B_SPLINE_CURVE_WITH_KNOTS ( 'NONE', 3,
 ( #4129, #4187, #2554, #997, #938, #6590 ),
 .UNSPECIFIED., .F., .F.,
 ( 4, 2, 4 ),
 ( 0.0000000000000000000, 0.4556032744928619760, 1.000000000000000000 ),
 .UNSPECIFIED. ) ;
#603 = EDGE_CURVE ( 'NONE', #9316, #5708, #6654, .T. ) ;
#604 = CARTESIAN_POINT ( 'NONE',  ( 10.00000000000000000, 6.650000000000000355, 10.00000000000000000 ) ) ;
#605 = STYLED_ITEM ( 'NONE', ( #4073 ), #2420 ) ;
#606 = ORIENTED_EDGE ( 'NONE', *, *, #3830, .F. ) ;
#607 = CARTESIAN_POINT ( 'NONE',  ( 0.4500000000000000666, 6.250000000000031086, 5.700000000000000178 ) ) ;
#608 =( NAMED_UNIT ( * ) SI_UNIT ( $, .STERADIAN. ) SOLID_ANGLE_UNIT ( ) );
#609 = CARTESIAN_POINT ( 'NONE',  ( 0.7999999999999990452, 4.650000000000010125, 8.800000000000000711 ) ) ;
#610 = CARTESIAN_POINT ( 'NONE',  ( 7.500000000000000000, 4.250000000000031086, 0.7499999999999960032 ) ) ;
#611 = CARTESIAN_POINT ( 'NONE',  ( 6.447367575152527230, 6.900324961960823344, 4.000174299198464567 ) ) ;
#612 = ORIENTED_EDGE ( 'NONE', *, *, #7162, .T. ) ;
#613 = CONICAL_SURFACE ( 'NONE', #7556, 0.2499999999999997780, 0.4636476084710116075 ) ;
#614 = CARTESIAN_POINT ( 'NONE',  ( 1.449999999999999956, 5.950000000000040146, 2.800000000000019806 ) ) ;
#615 =( GEOMETRIC_REPRESENTATION_CONTEXT ( 3 ) GLOBAL_UNCERTAINTY_ASSIGNED_CONTEXT ( ( #2478 ) ) GLOBAL_UNIT_ASSIGNED_CONTEXT ( ( #4099, #8819, #8874 ) ) REPRESENTATION_CONTEXT ( 'NONE', 'WORKASPACE' ) );
#616 = VECTOR ( 'NONE', #10163, 1000.000000000000114 ) ;
#617 = CARTESIAN_POINT ( 'NONE',  ( 4.549999999999999822, 7.750000000000000000, 0.4499999999999990119 ) ) ;
#618 = FILL_AREA_STYLE ('',( #8470 ) ) ;
#619 = VECTOR ( 'NONE', #9468, 1000.000000000000000 ) ;
#620 = CARTESIAN_POINT ( 'NONE',  ( -0.4499999999999990119, 2.200000000000000178, 5.700000000000000178 ) ) ;
#621 =( GEOMETRIC_REPRESENTATION_CONTEXT ( 3 ) GLOBAL_UNCERTAINTY_ASSIGNED_CONTEXT ( ( #2965 ) ) GLOBAL_UNIT_ASSIGNED_CONTEXT ( ( #693, #642, #3822 ) ) REPRESENTATION_CONTEXT ( 'NONE', 'WORKASPACE' ) );
#622 = ORIENTED_EDGE ( 'NONE', *, *, #76, .F. ) ;
#623 =( GEOMETRIC_REPRESENTATION_CONTEXT ( 3 ) GLOBAL_UNCERTAINTY_ASSIGNED_CONTEXT ( ( #9264 ) ) GLOBAL_UNIT_ASSIGNED_CONTEXT ( ( #7475, #8242, #9723 ) ) REPRESENTATION_CONTEXT ( 'NONE', 'WORKASPACE' ) );
#624 = STYLED_ITEM ( 'NONE', ( #7540 ), #3124 ) ;
#625 = CARTESIAN_POINT ( 'NONE',  ( 9.001925068377740757, 6.250000000000079936, 5.573699898803351260 ) ) ;
#626 = EDGE_LOOP ( 'NONE', ( #4822, #6953, #5835, #5492 ) ) ;
#627 = CARTESIAN_POINT ( 'NONE',  ( -5.000000000000000000, 0.1499999999999999944, 6.388051065821461094 ) ) ;
#628 = EDGE_LOOP ( 'NONE', ( #1902, #9952 ) ) ;
#629 = DIRECTION ( 'NONE',  ( -1.000000000000000000, 0.0000000000000000000, 1.717547996016639994E-16 ) ) ;
#630 = SURFACE_SIDE_STYLE ('',( #9294 ) ) ;
#631 = ORIENTED_EDGE ( 'NONE', *, *, #7343, .F. ) ;
#632 = MECHANICAL_DESIGN_GEOMETRIC_PRESENTATION_REPRESENTATION (  '', ( #7077 ), #7902 ) ;
#633 = CIRCLE ( 'NONE', #9199, 0.1000000000000002554 ) ;
#634 = CYLINDRICAL_SURFACE ( 'NONE', #977, 1.400000000000000133 ) ;
#635 = CARTESIAN_POINT ( 'NONE',  ( 10.00000000000000000, 7.150000000000000355, 6.500000000000000888 ) ) ;
#636 = ADVANCED_FACE ( 'NONE', ( #4350 ), #6698, .T. ) ;
#637 = CARTESIAN_POINT ( 'NONE',  ( 4.093910474793799992, 4.650000000000010125, 8.893318922984189356 ) ) ;
#638 = AXIS2_PLACEMENT_3D ( 'NONE', #8569, #7647, #564 ) ;
#639 = CARTESIAN_POINT ( 'NONE',  ( 7.500000000000000000, 2.836223840680269781, 9.300000000000000711 ) ) ;
#640 = DIRECTION ( 'NONE',  ( 0.0000000000000000000, 1.000000000000000000, 0.0000000000000000000 ) ) ;
#641 = EDGE_LOOP ( 'NONE', ( #4007, #9649 ) ) ;
#642 =( NAMED_UNIT ( * ) PLANE_ANGLE_UNIT ( ) SI_UNIT ( $, .RADIAN. ) );
#643 = LINE ( 'NONE', #3092, #7357 ) ;
#644 = ADVANCED_FACE ( 'NONE', ( #5401 ), #5455, .F. ) ;
#645 = AXIS2_PLACEMENT_3D ( 'NONE', #2781, #3671, #2836 ) ;
#646 = AXIS2_PLACEMENT_3D ( 'NONE', #1888, #3514, #8178 ) ;
#647 = CARTESIAN_POINT ( 'NONE',  ( 8.952762705847680635, 6.457752998433941016, 5.432877601037962911 ) ) ;
#648 = UNCERTAINTY_MEASURE_WITH_UNIT (LENGTH_MEASURE( 1.000000000000000082E-05 ), #2358, 'distance_accuracy_value', 'NONE');
#649 = LINE ( 'NONE', #3721, #661 ) ;
#650 = CARTESIAN_POINT ( 'NONE',  ( 8.550000000000000711, 6.301461569844129862, 3.962967587499520050 ) ) ;
#651 = EDGE_CURVE ( 'NONE', #5398, #2705, #7187, .T. ) ;
#652 = EDGE_CURVE ( 'NONE', #4017, #1187, #8629, .T. ) ;
#653 = CARTESIAN_POINT ( 'NONE',  ( 4.034292344245052675, 3.850000000000010303, 9.413932751395249099 ) ) ;
#654 = VERTEX_POINT ( 'NONE', #8478 ) ;
#655 = CARTESIAN_POINT ( 'NONE',  ( 4.500000000000000888, 6.820490948317419644, 5.141853884246489592 ) ) ;
#656 = CIRCLE ( 'NONE', #8917, 1.613267899285889984 ) ;
#657 = STYLED_ITEM ( 'NONE', ( #2805 ), #5452 ) ;
#658 = ORIENTED_EDGE ( 'NONE', *, *, #8546, .F. ) ;
#659 = ORIENTED_EDGE ( 'NONE', *, *, #4393, .F. ) ;
#660 = DIRECTION ( 'NONE',  ( -0.3713906763541040545, -0.9284766908852591927, 0.0000000000000000000 ) ) ;
#661 = VECTOR ( 'NONE', #10210, 1000.000000000000000 ) ;
#662 = ORIENTED_EDGE ( 'NONE', *, *, #3595, .F. ) ;
#663 = FACE_OUTER_BOUND ( 'NONE', #2031, .T. ) ;
#664 = ORIENTED_EDGE ( 'NONE', *, *, #3757, .F. ) ;
#665 = SURFACE_SIDE_STYLE ('',( #4619 ) ) ;
#666 = CARTESIAN_POINT ( 'NONE',  ( -2.500000000000000000, 4.250000000000009770, 8.800000000000009592 ) ) ;
#667 =( BOUNDED_CURVE ( )  B_SPLINE_CURVE ( 3, ( #8914, #4806, #6498, #1007 ),
 .UNSPECIFIED., .F., .F. ) 
 B_SPLINE_CURVE_WITH_KNOTS ( ( 4, 4 ),
 ( 1.008957096879879556, 1.500983156715103739 ),
 .UNSPECIFIED. ) 
 CURVE ( )  GEOMETRIC_REPRESENTATION_ITEM ( )  RATIONAL_B_SPLINE_CURVE ( ( 1.000000000000000000, 0.9799274069394412479, 0.9799274069394412479, 1.000000000000000000 ) ) 
 REPRESENTATION_ITEM ( '' )  );
#668 = CARTESIAN_POINT ( 'NONE',  ( 7.500000000000000000, 4.250000000000009770, 8.800000000000000711 ) ) ;
#669 = B_SPLINE_CURVE_WITH_KNOTS ( 'NONE', 3,
 ( #3440, #8008, #8727, #2594 ),
 .UNSPECIFIED., .F., .F.,
 ( 4, 4 ),
 ( 9.545781775144834972E-14, 0.0001440939132139113150 ),
 .UNSPECIFIED. ) ;
#670 = STYLED_ITEM ( 'NONE', ( #5394 ), #6166 ) ;
#671 = EDGE_LOOP ( 'NONE', ( #4078, #8118, #9562, #2172 ) ) ;
#672 = DIRECTION ( 'NONE',  ( 1.000000000000000000, 0.0000000000000000000, 0.0000000000000000000 ) ) ;
#673 = CYLINDRICAL_SURFACE ( 'NONE', #8356, 1.400000000000000133 ) ;
#674 = CARTESIAN_POINT ( 'NONE',  ( 9.550000000000000711, 7.750000000000000000, 0.4500000000000020095 ) ) ;
#675 = CIRCLE ( 'NONE', #1860, 0.5000000000000000000 ) ;
#676 = ORIENTED_EDGE ( 'NONE', *, *, #6082, .T. ) ;
#677 = LINE ( 'NONE', #3860, #7906 ) ;
#678 = EDGE_LOOP ( 'NONE', ( #7703, #5698, #6207 ) ) ;
#679 = DIRECTION ( 'NONE',  ( 1.000000000000000000, 0.0000000000000000000, 0.0000000000000000000 ) ) ;
#680 = EDGE_LOOP ( 'NONE', ( #8019, #3843, #272, #5781 ) ) ;
#681 = PLANE ( 'NONE',  #7676 ) ;
#682 = CARTESIAN_POINT ( 'NONE',  ( 6.450000000000000178, 6.301461569844129862, 3.962967587499520050 ) ) ;
#683 = ORIENTED_EDGE ( 'NONE', *, *, #3888, .T. ) ;
#684 = FACE_OUTER_BOUND ( 'NONE', #4940, .T. ) ;
#685 = DIRECTION ( 'NONE',  ( 1.000000000000000000, 0.0000000000000000000, -5.152643988049929844E-16 ) ) ;
#686 = EDGE_CURVE ( 'NONE', #6287, #1345, #9236, .T. ) ;
#687 = CARTESIAN_POINT ( 'NONE',  ( 1.449999999999999956, 6.370920840910899940, 3.569044486294639995 ) ) ;
#688 = LINE ( 'NONE', #10137, #8910 ) ;
#689 = CARTESIAN_POINT ( 'NONE',  ( -0.4499999999999990119, 7.250000000000000000, 5.700000000000000178 ) ) ;
#690 = CARTESIAN_POINT ( 'NONE',  ( -3.924099116621577288, 6.560463200155847829, 5.313097438219579693 ) ) ;
#691 = ORIENTED_EDGE ( 'NONE', *, *, #1944, .F. ) ;
#692 = AXIS2_PLACEMENT_3D ( 'NONE', #7656, #574, #679 ) ;
#693 =( LENGTH_UNIT ( ) NAMED_UNIT ( * ) SI_UNIT ( .MILLI., .METRE. ) );
#694 = FILL_AREA_STYLE ('',( #7001 ) ) ;
#695 = EDGE_CURVE ( 'NONE', #7172, #3519, #4414, .T. ) ;
#696 = MECHANICAL_DESIGN_GEOMETRIC_PRESENTATION_REPRESENTATION (  '', ( #3866 ), #8962 ) ;
#697 = CARTESIAN_POINT ( 'NONE',  ( -3.875649002070729932, 6.820490948317419644, 5.141853884246501138 ) ) ;
#698 = DIRECTION ( 'NONE',  ( -7.228014483236697541E-16, 0.0000000000000000000, -1.000000000000000000 ) ) ;
#699 = EDGE_LOOP ( 'NONE', ( #9433, #9391, #8102, #2481 ) ) ;
#700 = EDGE_CURVE ( 'NONE', #5735, #2424, #5091, .T. ) ;
#701 = DIRECTION ( 'NONE',  ( 0.0000000000000000000, 1.000000000000000000, 0.0000000000000000000 ) ) ;
#702 = DIRECTION ( 'NONE',  ( 0.0000000000000000000, -1.000000000000000000, 0.0000000000000000000 ) ) ;
#703 = VERTEX_POINT ( 'NONE', #3807 ) ;
#704 = ORIENTED_EDGE ( 'NONE', *, *, #4228, .T. ) ;
#705 = FACE_OUTER_BOUND ( 'NONE', #8030, .T. ) ;
#706 = EDGE_LOOP ( 'NONE', ( #8091, #5189, #4184, #1019, #662, #5436, #2849, #4623 ) ) ;
#707 = ORIENTED_EDGE ( 'NONE', *, *, #6340, .F. ) ;
#708 = ADVANCED_FACE ( 'NONE', ( #10082 ), #681, .T. ) ;
#709 = CARTESIAN_POINT ( 'NONE',  ( 10.00000000000000000, 1.718879291340180027, 9.827925769509480602 ) ) ;
#710 = ORIENTED_EDGE ( 'NONE', *, *, #9340, .T. ) ;
#711 = CARTESIAN_POINT ( 'NONE',  ( 0.0000000000000000000, 7.150000000000000355, 6.500000000000009770 ) ) ;
#712 = VERTEX_POINT ( 'NONE', #4891 ) ;
#713 = SURFACE_SIDE_STYLE ('',( #2333 ) ) ;
#714 = CARTESIAN_POINT ( 'NONE',  ( 4.062892611431221823, 4.650000000000010125, 9.314249409997589879 ) ) ;
#715 = DIRECTION ( 'NONE',  ( 6.323770134184271214E-17, -0.9848077530122081313, -0.1736481776669300259 ) ) ;
#716 =( NAMED_UNIT ( * ) SI_UNIT ( $, .STERADIAN. ) SOLID_ANGLE_UNIT ( ) );
#717 = ORIENTED_EDGE ( 'NONE', *, *, #4236, .T. ) ;
#718 = CARTESIAN_POINT ( 'NONE',  ( 0.0000000000000000000, 0.1499999999999999944, 6.700000000000000178 ) ) ;
#719 = DIRECTION ( 'NONE',  ( 8.725247161685363089E-18, -0.07124704990663610626, -0.9974586998365402302 ) ) ;
#720 = ADVANCED_BREP_SHAPE_REPRESENTATION ( '', ( #1190, #7559 ), #9042 ) ;
#721 = EDGE_CURVE ( 'NONE', #373, #4978, #4922, .T. ) ;
#722 = CARTESIAN_POINT ( 'NONE',  ( -1.449999999999999956, 5.950000000000040146, 3.494824785299559977 ) ) ;
#723 = CYLINDRICAL_SURFACE ( 'NONE', #2430, 1.749999999999990230 ) ;
#724 = CARTESIAN_POINT ( 'NONE',  ( 5.250000000000000000, 7.750000000000000000, 0.4500000000000040079 ) ) ;
#725 = CARTESIAN_POINT ( 'NONE',  ( -4.062892611431373702, 3.850000000000009415, 9.314249409997648499 ) ) ;
#726 = ORIENTED_EDGE ( 'NONE', *, *, #8500, .F. ) ;
#727 = CYLINDRICAL_SURFACE ( 'NONE', #4140, 1.399999999999999911 ) ;
#728 = VERTEX_POINT ( 'NONE', #5009 ) ;
#729 = LINE ( 'NONE', #9394, #9586 ) ;
#730 = VECTOR ( 'NONE', #4547, 1000.000000000000000 ) ;
#731 = EDGE_LOOP ( 'NONE', ( #8539, #8408, #7942, #835 ) ) ;
#732 =( LENGTH_UNIT ( ) NAMED_UNIT ( * ) SI_UNIT ( .MILLI., .METRE. ) );
#733 = CARTESIAN_POINT ( 'NONE',  ( 3.856060606060600193, -1.265151515151490047, 4.056060606060600371 ) ) ;
#734 = VERTEX_POINT ( 'NONE', #5662 ) ;
#735 = PRESENTATION_STYLE_ASSIGNMENT (( #1571 ) ) ;
#736 = CARTESIAN_POINT ( 'NONE',  ( -3.549999999999999822, 6.405650476444289865, 3.372082935692199968 ) ) ;
#737 = EDGE_CURVE ( 'NONE', #7453, #3555, #933, .T. ) ;
#738 = AXIS2_PLACEMENT_3D ( 'NONE', #426, #1117, #7563 ) ;
#739 = LINE ( 'NONE', #7928, #4439 ) ;
#740 = CARTESIAN_POINT ( 'NONE',  ( 4.062892611431221823, 4.650000000000010125, 9.314249409997589879 ) ) ;
#741 = PRESENTATION_STYLE_ASSIGNMENT (( #7820 ) ) ;
#742 = DIRECTION ( 'NONE',  ( 0.0000000000000000000, 0.07124704990663610626, -0.9974586998365402302 ) ) ;
#743 = ORIENTED_EDGE ( 'NONE', *, *, #4522, .T. ) ;
#744 = CARTESIAN_POINT ( 'NONE',  ( -5.000000000000000000, 1.800000000000000266, 9.999999999999989342 ) ) ;
#745 = SURFACE_SIDE_STYLE ('',( #7825 ) ) ;
#746 = CIRCLE ( 'NONE', #5386, 1.700000000000000178 ) ;
#747 = CARTESIAN_POINT ( 'NONE',  ( 1.047237146905955374, 6.457750997099130252, 5.432878492312100072 ) ) ;
#748 = CARTESIAN_POINT ( 'NONE',  ( 0.9371073885686259652, 3.850000000000009415, 9.314249409997639617 ) ) ;
#749 = DIRECTION ( 'NONE',  ( -0.9622281902964742173, 0.0000000000000000000, 0.2722442098535290400 ) ) ;
#750 = VERTEX_POINT ( 'NONE', #4020 ) ;
#751 = VERTEX_POINT ( 'NONE', #1618 ) ;
#752 = CARTESIAN_POINT ( 'NONE',  ( -4.549999999999999822, 6.250000000000031086, 5.700000000000000178 ) ) ;
#753 = ORIENTED_EDGE ( 'NONE', *, *, #5875, .T. ) ;
#754 = ORIENTED_EDGE ( 'NONE', *, *, #1297, .F. ) ;
#755 = ADVANCED_FACE ( 'NONE', ( #1674 ), #6428, .T. ) ;
#756 = AXIS2_PLACEMENT_3D ( 'NONE', #5668, #8794, #175 ) ;
#757 = CARTESIAN_POINT ( 'NONE',  ( -1.448683386022369790, 6.900595781960301878, 3.995523657362079817 ) ) ;
#758 = ORIENTED_EDGE ( 'NONE', *, *, #9161, .F. ) ;
#759 = DIRECTION ( 'NONE',  ( 0.0000000000000000000, 0.0000000000000000000, 1.000000000000000000 ) ) ;
#760 = ORIENTED_EDGE ( 'NONE', *, *, #7915, .T. ) ;
#761 = CARTESIAN_POINT ( 'NONE',  ( 10.30499999999999972, 1.726091832102840007, 0.0000000000000000000 ) ) ;
#762 = EDGE_CURVE ( 'NONE', #6676, #3078, #8836, .T. ) ;
#763 = CARTESIAN_POINT ( 'NONE',  ( 1.038569758003609733, 6.340207273974519886, 5.485199103683307875 ) ) ;
#764 = DIRECTION ( 'NONE',  ( 1.000000000000000000, 0.0000000000000000000, 0.0000000000000000000 ) ) ;
#765 = DIRECTION ( 'NONE',  ( 0.0000000000000000000, -3.675221047034999628E-15, 1.000000000000000000 ) ) ;
#766 = ORIENTED_EDGE ( 'NONE', *, *, #8514, .T. ) ;
#767 = ORIENTED_EDGE ( 'NONE', *, *, #2565, .F. ) ;
#768 = EDGE_CURVE ( 'NONE', #9331, #9196, #836, .T. ) ;
#769 = CARTESIAN_POINT ( 'NONE',  ( 0.7999999999999990452, 4.650000000000010125, 9.500000000000010658 ) ) ;
#770 = STYLED_ITEM ( 'NONE', ( #7558 ), #2545 ) ;
#771 = DIRECTION ( 'NONE',  ( 0.0000000000000000000, -0.06975647374412512203, 0.9975640502598243087 ) ) ;
#772 = CYLINDRICAL_SURFACE ( 'NONE', #5088, 1.400000000000000133 ) ;
#773 = CARTESIAN_POINT ( 'NONE',  ( 5.801388088926969999, 6.089357963934170392, 5.509803114629489684 ) ) ;
#774 = LINE ( 'NONE', #6322, #2624 ) ;
#776 = EDGE_CURVE ( 'NONE', #7706, #1568, #3911, .T. ) ;
#775 = ORIENTED_EDGE ( 'NONE', *, *, #1179, .F. ) ;
#777 = EDGE_CURVE ( 'NONE', #1253, #2899, #9490, .T. ) ;
#778 = VECTOR ( 'NONE', #561, 1000.000000000000000 ) ;
#779 = CARTESIAN_POINT ( 'NONE',  ( 8.995650848407130695, 6.249999999999950262, 5.507834059304340002 ) ) ;
#780 = VERTEX_POINT ( 'NONE', #1719 ) ;
#781 = VECTOR ( 'NONE', #3508, 1000.000000000000000 ) ;
#782 = CARTESIAN_POINT ( 'NONE',  ( 10.00000000000000000, 0.1499999999999999944, 6.700000000000000178 ) ) ;
#783 = AXIS2_PLACEMENT_3D ( 'NONE', #2767, #525, #5167 ) ;
#784 = ORIENTED_EDGE ( 'NONE', *, *, #1815, .T. ) ;
#785 = CARTESIAN_POINT ( 'NONE',  ( 6.023374480558091548, 6.471514947045013066, 5.653981231836878507 ) ) ;
#786 = SURFACE_STYLE_USAGE ( .BOTH. , #630 ) ;
#787 = VERTEX_POINT ( 'NONE', #7255 ) ;
#788 = AXIS2_PLACEMENT_3D ( 'NONE', #5314, #577, #9104 ) ;
#789 = CARTESIAN_POINT ( 'NONE',  ( 8.995650848407130695, 6.249999999999950262, 5.507834059304340002 ) ) ;
#790 =( GEOMETRIC_REPRESENTATION_CONTEXT ( 3 ) GLOBAL_UNCERTAINTY_ASSIGNED_CONTEXT ( ( #10075 ) ) GLOBAL_UNIT_ASSIGNED_CONTEXT ( ( #893, #3301, #1005 ) ) REPRESENTATION_CONTEXT ( 'NONE', 'WORKASPACE' ) );
#791 = AXIS2_PLACEMENT_3D ( 'NONE', #4908, #8096, #186 ) ;
#792 = FACE_OUTER_BOUND ( 'NONE', #8271, .T. ) ;
#793 = FACE_OUTER_BOUND ( 'NONE', #8289, .T. ) ;
#794 = CARTESIAN_POINT ( 'NONE',  ( -0.5000000000000000000, 6.250000000000031086, 5.699344090454330214 ) ) ;
#795 = ORIENTED_EDGE ( 'NONE', *, *, #7735, .F. ) ;
#796 = CIRCLE ( 'NONE', #460, 1.413776159319739989 ) ;
#797 = PRESENTATION_LAYER_ASSIGNMENT (  '', '', ( #1975 ) ) ;
#798 =( GEOMETRIC_REPRESENTATION_CONTEXT ( 3 ) GLOBAL_UNCERTAINTY_ASSIGNED_CONTEXT ( ( #3 ) ) GLOBAL_UNIT_ASSIGNED_CONTEXT ( ( #7744, #3009, #7684 ) ) REPRESENTATION_CONTEXT ( 'NONE', 'WORKASPACE' ) );
#799 = ORIENTED_EDGE ( 'NONE', *, *, #2415, .F. ) ;
#800 = ORIENTED_EDGE ( 'NONE', *, *, #5626, .T. ) ;
#801 = CARTESIAN_POINT ( 'NONE',  ( 3.924099116621577288, 6.560463200155849606, 5.313097438219570812 ) ) ;
#802 = CARTESIAN_POINT ( 'NONE',  ( 1.041844086465574692, 6.384612859889100100, 5.465433459372670555 ) ) ;
#803 = CIRCLE ( 'NONE', #3143, 0.4000000000000001887 ) ;
#804 = CARTESIAN_POINT ( 'NONE',  ( 0.7941216994211599545, 6.087585839000359655, 5.702638584486949824 ) ) ;
#805 = LINE ( 'NONE', #7168, #7868 ) ;
#806 = VECTOR ( 'NONE', #2878, 1000.000000000000000 ) ;
#807 = AXIS2_PLACEMENT_3D ( 'NONE', #3136, #1454, #7807 ) ;
#808 = ORIENTED_EDGE ( 'NONE', *, *, #6290, .F. ) ;
#809 = CARTESIAN_POINT ( 'NONE',  ( 2.500000000000000000, 5.999999999999990230, 9.999999999999996447 ) ) ;
#810 =( LENGTH_UNIT ( ) NAMED_UNIT ( * ) SI_UNIT ( .MILLI., .METRE. ) );
#811 = EDGE_LOOP ( 'NONE', ( #601, #5382, #1116, #8928, #5063, #7131, #501, #6003 ) ) ;
#812 = VERTEX_POINT ( 'NONE', #2400 ) ;
#813 = STYLED_ITEM ( 'NONE', ( #6827 ), #8634 ) ;
#814 = AXIS2_PLACEMENT_3D ( 'NONE', #9874, #4484, #8324 ) ;
#815 = ORIENTED_EDGE ( 'NONE', *, *, #3830, .T. ) ;
#816 =( NAMED_UNIT ( * ) PLANE_ANGLE_UNIT ( ) SI_UNIT ( $, .RADIAN. ) );
#817 = STYLED_ITEM ( 'NONE', ( #4308 ), #9121 ) ;
#818 = FACE_OUTER_BOUND ( 'NONE', #2271, .T. ) ;
#819 = ORIENTED_EDGE ( 'NONE', *, *, #6877, .T. ) ;
#820 = STYLED_ITEM ( 'NONE', ( #875 ), #5406 ) ;
#821 = CARTESIAN_POINT ( 'NONE',  ( 1.041844086465574026, 6.384612859889100989, 5.465433459372669667 ) ) ;
#822 = ORIENTED_EDGE ( 'NONE', *, *, #5032, .F. ) ;
#823 = ORIENTED_EDGE ( 'NONE', *, *, #1682, .F. ) ;
#824 = FILL_AREA_STYLE ('',( #2495 ) ) ;
#825 = EDGE_CURVE ( 'NONE', #10107, #4008, #217, .T. ) ;
#826 = VECTOR ( 'NONE', #3542, 1000.000000000000000 ) ;
#827 = B_SPLINE_CURVE_WITH_KNOTS ( 'NONE', 3,
 ( #3966, #9243, #2196, #6940, #5354, #10078, #7758, #2238 ),
 .UNSPECIFIED., .F., .F.,
 ( 4, 2, 2, 4 ),
 ( 0.0000000000000000000, 0.3582783410808659808, 0.7198210597566799818, 1.000000000000000000 ),
 .UNSPECIFIED. ) ;
#828 = CARTESIAN_POINT ( 'NONE',  ( -4.062892611431222711, 4.650000000000010125, 9.314249409997580997 ) ) ;
#829 = CARTESIAN_POINT ( 'NONE',  ( 6.029529175872699653, 6.144996945065150484, 5.536040986461070013 ) ) ;
#830 = EDGE_CURVE ( 'NONE', #3555, #2830, #6483, .T. ) ;
#831 = CARTESIAN_POINT ( 'NONE',  ( 9.005306635626549649, 6.250000000000079936, 5.631641418841220492 ) ) ;
#832 = ORIENTED_EDGE ( 'NONE', *, *, #4657, .F. ) ;
#833 = VECTOR ( 'NONE', #8781, 1000.000000000000000 ) ;
#834 = DIRECTION ( 'NONE',  ( 1.000000000000000000, 0.0000000000000000000, 0.0000000000000000000 ) ) ;
#835 = ORIENTED_EDGE ( 'NONE', *, *, #1622, .F. ) ;
#836 = LINE ( 'NONE', #3239, #5729 ) ;
#837 = SURFACE_SIDE_STYLE ('',( #4068 ) ) ;
#838 = VERTEX_POINT ( 'NONE', #7197 ) ;
#839 = EDGE_CURVE ( 'NONE', #2027, #4900, #7537, .T. ) ;
#840 = EDGE_CURVE ( 'NONE', #8708, #1375, #8999, .T. ) ;
#841 = STYLED_ITEM ( 'NONE', ( #1982 ), #6356 ) ;
#842 = DIRECTION ( 'NONE',  ( 0.0000000000000000000, -1.000000000000000000, 0.0000000000000000000 ) ) ;
#843 = LINE ( 'NONE', #4848, #2762 ) ;
#844 = DIRECTION ( 'NONE',  ( -0.4472135950260953119, 5.476786976838883161E-17, 0.8944271912368472188 ) ) ;
#845 = CARTESIAN_POINT ( 'NONE',  ( 0.3549999999999999822, 0.7350406544375860385, 6.200000000000001066 ) ) ;
#846 = DIRECTION ( 'NONE',  ( 0.0000000000000000000, -1.000000000000000000, 0.0000000000000000000 ) ) ;
#847 = CARTESIAN_POINT ( 'NONE',  ( 7.500000000000000000, 4.250000000000031086, 0.0000000000000000000 ) ) ;
#848 = ORIENTED_EDGE ( 'NONE', *, *, #10020, .T. ) ;
#849 = FILL_AREA_STYLE_COLOUR ( '', #139 ) ;
#850 = CARTESIAN_POINT ( 'NONE',  ( 0.9060895252062000083, 4.650000000000010125, 8.893318922984189356 ) ) ;
#851 = CARTESIAN_POINT ( 'NONE',  ( -3.958155913534425530, 6.384612859889100100, 5.465433459372670555 ) ) ;
#852 =( GEOMETRIC_REPRESENTATION_CONTEXT ( 3 ) GLOBAL_UNCERTAINTY_ASSIGNED_CONTEXT ( ( #4542 ) ) GLOBAL_UNIT_ASSIGNED_CONTEXT ( ( #9916, #5152, #363 ) ) REPRESENTATION_CONTEXT ( 'NONE', 'WORKASPACE' ) );
#853 = ADVANCED_FACE ( 'NONE', ( #371, #6689, #4423 ), #9045, .T. ) ;
#854 = DIRECTION ( 'NONE',  ( -1.000000000000000000, 0.0000000000000000000, 0.0000000000000000000 ) ) ;
#855 = CARTESIAN_POINT ( 'NONE',  ( -0.5000000000000000000, 6.370920840910899940, 3.569044486294639995 ) ) ;
#856 = AXIS2_PLACEMENT_3D ( 'NONE', #7378, #1235, #5943 ) ;
#857 = CARTESIAN_POINT ( 'NONE',  ( 0.0000000000000000000, 1.560000000000000275, -7.728965982074889342E-15 ) ) ;
#858 = ORIENTED_EDGE ( 'NONE', *, *, #383, .F. ) ;
#859 = ORIENTED_EDGE ( 'NONE', *, *, #8474, .T. ) ;
#860 = CARTESIAN_POINT ( 'NONE',  ( 4.500000000000000888, 6.620978138265459556, 5.127902589497660202 ) ) ;
#861 = CARTESIAN_POINT ( 'NONE',  ( 2.500000000000000000, 4.250000000000009770, 8.000000000000000000 ) ) ;
#862 = ORIENTED_EDGE ( 'NONE', *, *, #6203, .T. ) ;
#863 = MECHANICAL_DESIGN_GEOMETRIC_PRESENTATION_REPRESENTATION (  '', ( #5186 ), #3852 ) ;
#864 = CARTESIAN_POINT ( 'NONE',  ( 2.500000000000000000, 5.850000000000009415, 8.000000000000000000 ) ) ;
#865 = EDGE_CURVE ( 'NONE', #7810, #9416, #1415, .T. ) ;
#866 = DIRECTION ( 'NONE',  ( 0.0000000000000000000, 0.0000000000000000000, 1.000000000000000000 ) ) ;
#867 = ORIENTED_EDGE ( 'NONE', *, *, #466, .T. ) ;
#868 = CARTESIAN_POINT ( 'NONE',  ( 3.549999999999999822, 6.370920840910899940, 3.569044486294639995 ) ) ;
#869 = CIRCLE ( 'NONE', #1879, 1.400000000000000133 ) ;
#870 = CARTESIAN_POINT ( 'NONE',  ( 4.750000000000000000, 7.750000000000000000, -3.392157292132870029E-15 ) ) ;
#871 = ORIENTED_EDGE ( 'NONE', *, *, #10063, .T. ) ;
#872 = ORIENTED_EDGE ( 'NONE', *, *, #407, .F. ) ;
#873 = LINE ( 'NONE', #7346, #6431 ) ;
#874 = ORIENTED_EDGE ( 'NONE', *, *, #89, .T. ) ;
#875 = PRESENTATION_STYLE_ASSIGNMENT (( #3337 ) ) ;
#876 = CARTESIAN_POINT ( 'NONE',  ( 3.976897247608214503, 6.379062758811953060, 5.679065084669054464 ) ) ;
#877 = ORIENTED_EDGE ( 'NONE', *, *, #7269, .F. ) ;
#878 = DIRECTION ( 'NONE',  ( 0.0000000000000000000, 0.0000000000000000000, 1.000000000000000000 ) ) ;
#879 = ORIENTED_EDGE ( 'NONE', *, *, #9095, .T. ) ;
#880 = ADVANCED_FACE ( 'NONE', ( #6645 ), #2659, .T. ) ;
#881 = CARTESIAN_POINT ( 'NONE',  ( 3.856009966283758583, 3.850000000000010303, 9.500000000000010658 ) ) ;
#882 = ORIENTED_EDGE ( 'NONE', *, *, #840, .T. ) ;
#883 = CARTESIAN_POINT ( 'NONE',  ( 3.549145049325979961, 6.700698492242080029, 3.987848413411089865 ) ) ;
#884 = CARTESIAN_POINT ( 'NONE',  ( -0.7941218047998710450, 6.087585864700089999, 5.702659885757030089 ) ) ;
#885 = ORIENTED_EDGE ( 'NONE', *, *, #2223, .F. ) ;
#886 = EDGE_CURVE ( 'NONE', #6373, #6974, #3083, .T. ) ;
#887 = CARTESIAN_POINT ( 'NONE',  ( -4.062892611431222711, 4.650000000000010125, 9.314249409997580997 ) ) ;
#888 = DIRECTION ( 'NONE',  ( 0.2722442098535290400, 0.0000000000000000000, -0.9622281902964742173 ) ) ;
#889 = CARTESIAN_POINT ( 'NONE',  ( 6.023102587141516473, 6.379062759268807170, 5.679065083714005091 ) ) ;
#890 = DIRECTION ( 'NONE',  ( 0.0000000000000000000, 0.0000000000000000000, -1.000000000000000000 ) ) ;
#891 = DIRECTION ( 'NONE',  ( 0.0000000000000000000, 0.0000000000000000000, 1.000000000000000000 ) ) ;
#892 = ORIENTED_EDGE ( 'NONE', *, *, #1398, .F. ) ;
#893 =( LENGTH_UNIT ( ) NAMED_UNIT ( * ) SI_UNIT ( .MILLI., .METRE. ) );
#894 = ORIENTED_EDGE ( 'NONE', *, *, #10180, .F. ) ;
#895 = DIRECTION ( 'NONE',  ( 0.0000000000000000000, 0.0000000000000000000, 1.000000000000000000 ) ) ;
#896 = EDGE_CURVE ( 'NONE', #2802, #2579, #7530, .T. ) ;
#897 = AXIS2_PLACEMENT_3D ( 'NONE', #6904, #6339, #3209 ) ;
#898 = CARTESIAN_POINT ( 'NONE',  ( 3.871701747922879910, 6.620978138265459556, 5.127902589497660202 ) ) ;
#899 = DIRECTION ( 'NONE',  ( 0.0000000000000000000, 0.0000000000000000000, -1.000000000000000000 ) ) ;
#900 = CARTESIAN_POINT ( 'NONE',  ( 0.9060895252061991201, 4.650000000000010125, 8.893318922984189356 ) ) ;
#901 = LINE ( 'NONE', #4090, #2649 ) ;
#902 = UNCERTAINTY_MEASURE_WITH_UNIT (LENGTH_MEASURE( 1.000000000000000082E-05 ), #1424, 'distance_accuracy_value', 'NONE');
#903 = CARTESIAN_POINT ( 'NONE',  ( 4.549999999999999822, 6.250000000000031086, 0.7500000000000019984 ) ) ;
#904 = ORIENTED_EDGE ( 'NONE', *, *, #9774, .F. ) ;
#905 = VERTEX_POINT ( 'NONE', #1261 ) ;
#906 = EDGE_CURVE ( 'NONE', #5530, #8961, #746, .T. ) ;
#907 =( NAMED_UNIT ( * ) PLANE_ANGLE_UNIT ( ) SI_UNIT ( $, .RADIAN. ) );
#908 = EDGE_CURVE ( 'NONE', #5377, #2353, #1917, .T. ) ;
#909 = MECHANICAL_DESIGN_GEOMETRIC_PRESENTATION_REPRESENTATION (  '', ( #6857 ), #8174 ) ;
#910 = CARTESIAN_POINT ( 'NONE',  ( 3.976897247608213615, 6.379062758812451328, 5.679065084668919461 ) ) ;
#911 = ORIENTED_EDGE ( 'NONE', *, *, #4145, .T. ) ;
#912 = EDGE_LOOP ( 'NONE', ( #920, #6506 ) ) ;
#913 = SURFACE_SIDE_STYLE ('',( #8766 ) ) ;
#914 = VECTOR ( 'NONE', #2758, 1000.000000000000000 ) ;
#915 = CARTESIAN_POINT ( 'NONE',  ( 10.00000000000000000, 0.0000000000000000000, 0.0000000000000000000 ) ) ;
#916 = CARTESIAN_POINT ( 'NONE',  ( 4.549999999999999822, 6.250000000000031086, 0.6500000000000020206 ) ) ;
#917 = ORIENTED_EDGE ( 'NONE', *, *, #2603, .T. ) ;
#918 = CARTESIAN_POINT ( 'NONE',  ( -1.041844086465805175, 6.384612859888997960, 5.465433459372714964 ) ) ;
#919 = CARTESIAN_POINT ( 'NONE',  ( 0.0000000000000000000, 1.560000000000000275, 6.200000000000001066 ) ) ;
#920 = ORIENTED_EDGE ( 'NONE', *, *, #3812, .T. ) ;
#921 = MECHANICAL_DESIGN_GEOMETRIC_PRESENTATION_REPRESENTATION (  '', ( #5232 ), #7851 ) ;
#922 = VERTEX_POINT ( 'NONE', #1160 ) ;
#923 = DIRECTION ( 'NONE',  ( 0.0000000000000000000, 0.0000000000000000000, -1.000000000000000000 ) ) ;
#924 = EDGE_CURVE ( 'NONE', #10079, #751, #9767, .T. ) ;
#925 = CARTESIAN_POINT ( 'NONE',  ( -4.449999999999990408, 0.6224573519455459669, -5.152643988049929647E-15 ) ) ;
#926 = STYLED_ITEM ( 'NONE', ( #6116 ), #1681 ) ;
#927 = CARTESIAN_POINT ( 'NONE',  ( -4.750000000000000000, 7.750000000000000000, 0.6500000000000040190 ) ) ;
#928 = FACE_OUTER_BOUND ( 'NONE', #8770, .T. ) ;
#929 = ORIENTED_EDGE ( 'NONE', *, *, #9840, .F. ) ;
#930 = CARTESIAN_POINT ( 'NONE',  ( 4.062892611435058754, 3.850000000000010303, 9.314249409999350249 ) ) ;
#931 = ORIENTED_EDGE ( 'NONE', *, *, #8546, .T. ) ;
#932 = CARTESIAN_POINT ( 'NONE',  ( 10.00000000000000000, 0.0000000000000000000, 0.0000000000000000000 ) ) ;
#933 = LINE ( 'NONE', #2550, #254 ) ;
#934 = VECTOR ( 'NONE', #5528, 1000.000000000000000 ) ;
#935 = FACE_OUTER_BOUND ( 'NONE', #8479, .T. ) ;
#936 = ORIENTED_EDGE ( 'NONE', *, *, #8303, .T. ) ;
#937 = AXIS2_PLACEMENT_3D ( 'NONE', #4088, #9735, #8098 ) ;
#938 = CARTESIAN_POINT ( 'NONE',  ( 9.093910474793799992, 4.650000000000010125, 8.893318922984189356 ) ) ;
#939 = FACE_OUTER_BOUND ( 'NONE', #1101, .T. ) ;
#940 = VECTOR ( 'NONE', #5014, 1000.000000000000000 ) ;
#941 =( NAMED_UNIT ( * ) PLANE_ANGLE_UNIT ( ) SI_UNIT ( $, .RADIAN. ) );
#942 = FACE_OUTER_BOUND ( 'NONE', #5475, .T. ) ;
#943 = VERTEX_POINT ( 'NONE', #8176 ) ;
#944 = DIRECTION ( 'NONE',  ( 1.000000000000000000, 0.0000000000000000000, 0.0000000000000000000 ) ) ;
#945 = ORIENTED_EDGE ( 'NONE', *, *, #3709, .T. ) ;
#946 = CARTESIAN_POINT ( 'NONE',  ( 10.00000000000000000, 7.750000000000000000, 6.500000000000000888 ) ) ;
#947 = CARTESIAN_POINT ( 'NONE',  ( 6.024296180820846836, 6.556746842017596499, 5.606750847937377991 ) ) ;
#948 = MECHANICAL_DESIGN_GEOMETRIC_PRESENTATION_REPRESENTATION (  '', ( #2622 ), #292 ) ;
#949 = PRESENTATION_LAYER_ASSIGNMENT (  '', '', ( #2968 ) ) ;
#950 = ADVANCED_FACE ( 'NONE', ( #263 ), #5199, .T. ) ;
#951 = SURFACE_STYLE_USAGE ( .BOTH. , #9568 ) ;
#952 = DIRECTION ( 'NONE',  ( 0.0000000000000000000, -0.9975640502598243087, -0.06975647374412512203 ) ) ;
#953 = FACE_OUTER_BOUND ( 'NONE', #3349, .T. ) ;
#954 = LINE ( 'NONE', #6504, #5144 ) ;
#955 = VECTOR ( 'NONE', #1518, 1000.000000000000000 ) ;
#956 = CARTESIAN_POINT ( 'NONE',  ( 8.550000000000000711, -1.462314593354880232, 2.800000000000010036 ) ) ;
#957 = EDGE_CURVE ( 'NONE', #6307, #2027, #8322, .T. ) ;
#958 = ORIENTED_EDGE ( 'NONE', *, *, #1020, .T. ) ;
#959 = VERTEX_POINT ( 'NONE', #5922 ) ;
#960 = VECTOR ( 'NONE', #3473, 1000.000000000000000 ) ;
#961 = LINE ( 'NONE', #140, #4588 ) ;
#962 = VECTOR ( 'NONE', #9377, 1000.000000000000000 ) ;
#963 = LINE ( 'NONE', #7383, #4445 ) ;
#964 = ORIENTED_EDGE ( 'NONE', *, *, #9167, .F. ) ;
#965 = EDGE_CURVE ( 'NONE', #9787, #182, #1309, .T. ) ;
#966 = VECTOR ( 'NONE', #6017, 1000.000000000000000 ) ;
#967 = ADVANCED_FACE ( 'NONE', ( #468 ), #5157, .T. ) ;
#968 = MECHANICAL_DESIGN_GEOMETRIC_PRESENTATION_REPRESENTATION (  '', ( #9357 ), #10038 ) ;
#969 = ORIENTED_EDGE ( 'NONE', *, *, #3885, .F. ) ;
#970 = CARTESIAN_POINT ( 'NONE',  ( -1.092568578620791486, 4.650000000000011902, 9.500000000000012434 ) ) ;
#971 = SURFACE_STYLE_USAGE ( .BOTH. , #1755 ) ;
#972 = DIRECTION ( 'NONE',  ( -1.000000000000000000, 0.0000000000000000000, 5.152643988049929844E-16 ) ) ;
#973 = ORIENTED_EDGE ( 'NONE', *, *, #8930, .F. ) ;
#974 = CARTESIAN_POINT ( 'NONE',  ( 6.023102587141516473, 6.379062759268807170, 5.679065083714005091 ) ) ;
#975 = PLANE ( 'NONE',  #7722 ) ;
#976 = VECTOR ( 'NONE', #981, 1000.000000000000000 ) ;
#977 = AXIS2_PLACEMENT_3D ( 'NONE', #1521, #2355, #3813 ) ;
#978 = ORIENTED_EDGE ( 'NONE', *, *, #2813, .F. ) ;
#979 = B_SPLINE_CURVE_WITH_KNOTS ( 'NONE', 3,
 ( #2523, #2725, #6660, #339, #9676, #2627, #7376, #5025 ),
 .UNSPECIFIED., .F., .F.,
 ( 4, 2, 2, 4 ),
 ( 0.0000000000000000000, 0.3582783410808659808, 0.7198210597566799818, 1.000000000000000000 ),
 .UNSPECIFIED. ) ;
#980 = ORIENTED_EDGE ( 'NONE', *, *, #2062, .T. ) ;
#981 = DIRECTION ( 'NONE',  ( 5.152643988049929844E-16, 0.0000000000000000000, 1.000000000000000000 ) ) ;
#982 = VERTEX_POINT ( 'NONE', #3014 ) ;
#983 = PRESENTATION_LAYER_ASSIGNMENT (  '', '', ( #817 ) ) ;
#984 = CARTESIAN_POINT ( 'NONE',  ( 6.005392207408168481, 6.250000000000030198, 5.499015461808848038 ) ) ;
#985 = AXIS2_PLACEMENT_3D ( 'NONE', #9326, #7854, #4728 ) ;
#986 = LINE ( 'NONE', #7402, #8582 ) ;
#987 = ORIENTED_EDGE ( 'NONE', *, *, #9084, .F. ) ;
#988 = ORIENTED_EDGE ( 'NONE', *, *, #3967, .T. ) ;
#989 = DIRECTION ( 'NONE',  ( 0.0000000000000000000, -1.000000000000000000, 0.0000000000000000000 ) ) ;
#990 = VERTEX_POINT ( 'NONE', #5296 ) ;
#991 = CARTESIAN_POINT ( 'NONE',  ( -4.002308814042750740, 6.250000000000079936, 5.579085650507759730 ) ) ;
#992 = MECHANICAL_DESIGN_GEOMETRIC_PRESENTATION_REPRESENTATION (  '', ( #5463 ), #1665 ) ;
#993 = SURFACE_STYLE_USAGE ( .BOTH. , #837 ) ;
#994 = ORIENTED_EDGE ( 'NONE', *, *, #4977, .F. ) ;
#995 = EDGE_LOOP ( 'NONE', ( #8521, #10026, #5684, #360 ) ) ;
#996 =( NAMED_UNIT ( * ) PLANE_ANGLE_UNIT ( ) SI_UNIT ( $, .RADIAN. ) );
#997 = CARTESIAN_POINT ( 'NONE',  ( 9.087037305134389342, 4.650000000000010125, 8.986637655680240755 ) ) ;
#998 = SURFACE_STYLE_FILL_AREA ( #29 ) ;
#999 = CARTESIAN_POINT ( 'NONE',  ( 9.199999999999999289, 3.850000000000010303, 9.500000000000000000 ) ) ;
#1000 = COLOUR_RGB ( '',0.2862745098039215508, 0.6431372549019607199, 0.8666666666666666963 ) ;
#1001 = CARTESIAN_POINT ( 'NONE',  ( 10.00000000000000000, 1.800000000000000266, 10.00000000000000000 ) ) ;
#1002 = FILL_AREA_STYLE ('',( #119 ) ) ;
#1003 = DIRECTION ( 'NONE',  ( 0.0000000000000000000, -1.000000000000000000, 0.0000000000000000000 ) ) ;
#1004 = ORIENTED_EDGE ( 'NONE', *, *, #695, .T. ) ;
#1005 =( NAMED_UNIT ( * ) SI_UNIT ( $, .STERADIAN. ) SOLID_ANGLE_UNIT ( ) );
#1006 = ORIENTED_EDGE ( 'NONE', *, *, #508, .F. ) ;
#1007 = CARTESIAN_POINT ( 'NONE',  ( 3.871701747922879910, 6.620978138265459556, 5.127902589497670860 ) ) ;
#1008 = DIRECTION ( 'NONE',  ( 0.0000000000000000000, -1.000000000000000000, 0.0000000000000000000 ) ) ;
#1009 = CIRCLE ( 'NONE', #6787, 0.5999999999999998668 ) ;
#1010 = DIRECTION ( 'NONE',  ( -1.000000000000000000, 0.0000000000000000000, 0.0000000000000000000 ) ) ;
#1011 = CARTESIAN_POINT ( 'NONE',  ( 0.0000000000000000000, 0.9399999999999999467, 6.200000000000001066 ) ) ;
#1012 = CARTESIAN_POINT ( 'NONE',  ( 0.8992189406417899766, 4.650000000000010125, 8.800000000000000711 ) ) ;
#1013 = UNCERTAINTY_MEASURE_WITH_UNIT (LENGTH_MEASURE( 1.000000000000000082E-05 ), #9461, 'distance_accuracy_value', 'NONE');
#1014 = PLANE ( 'NONE',  #1204 ) ;
#1015 = VERTEX_POINT ( 'NONE', #3066 ) ;
#1016 = DIRECTION ( 'NONE',  ( 0.0000000000000000000, 0.0000000000000000000, -1.000000000000000000 ) ) ;
#1017 = CARTESIAN_POINT ( 'NONE',  ( 6.075900883378422712, 6.560463200155849606, 5.313097438219570812 ) ) ;
#1018 = ADVANCED_FACE ( 'NONE', ( #10119 ), #9237, .T. ) ;
#1019 = ORIENTED_EDGE ( 'NONE', *, *, #1259, .F. ) ;
#1020 = EDGE_CURVE ( 'NONE', #7181, #3082, #9278, .T. ) ;
#1021 = VECTOR ( 'NONE', #7887, 1000.000000000000000 ) ;
#1022 = LINE ( 'NONE', #2639, #5256 ) ;
#1023 = DIRECTION ( 'NONE',  ( 5.152643988049929844E-16, 0.0000000000000000000, 1.000000000000000000 ) ) ;
#1024 = CARTESIAN_POINT ( 'NONE',  ( -3.976897247869476626, 6.379062758813164535, 5.679065084668725838 ) ) ;
#1025 = ORIENTED_EDGE ( 'NONE', *, *, #4785, .F. ) ;
#1026 = SURFACE_SIDE_STYLE ('',( #203 ) ) ;
#1027 = DIRECTION ( 'NONE',  ( -1.000000000000000000, 0.0000000000000000000, 5.152643988049929844E-16 ) ) ;
#1028 = VECTOR ( 'NONE', #6122, 1000.000000000000000 ) ;
#1029 = ORIENTED_EDGE ( 'NONE', *, *, #1229, .F. ) ;
#1030 = ORIENTED_EDGE ( 'NONE', *, *, #2835, .F. ) ;
#1031 = LINE ( 'NONE', #5543, #2475 ) ;
#1032 = EDGE_CURVE ( 'NONE', #838, #4239, #1504, .T. ) ;
#1033 = CIRCLE ( 'NONE', #4690, 0.2999999999999999334 ) ;
#1034 = SURFACE_SIDE_STYLE ('',( #5001 ) ) ;
#1035 = MECHANICAL_DESIGN_GEOMETRIC_PRESENTATION_REPRESENTATION (  '', ( #7961 ), #6829 ) ;
#1036 = CARTESIAN_POINT ( 'NONE',  ( 10.00000000000000000, 0.9499999999999999556, 0.0000000000000000000 ) ) ;
#1037 = SURFACE_STYLE_FILL_AREA ( #259 ) ;
#1038 = ORIENTED_EDGE ( 'NONE', *, *, #9793, .F. ) ;
#1039 =( LENGTH_UNIT ( ) NAMED_UNIT ( * ) SI_UNIT ( .MILLI., .METRE. ) );
#1040 = ORIENTED_EDGE ( 'NONE', *, *, #9567, .F. ) ;
#1041 = EDGE_CURVE ( 'NONE', #4167, #1617, #5387, .T. ) ;
#1042 = CARTESIAN_POINT ( 'NONE',  ( 5.906089525206200008, 3.850000000000010303, 8.893318922984189356 ) ) ;
#1043 =( NAMED_UNIT ( * ) SI_UNIT ( $, .STERADIAN. ) SOLID_ANGLE_UNIT ( ) );
#1044 = ADVANCED_FACE ( 'NONE', ( #3734 ), #7026, .T. ) ;
#1045 = VERTEX_POINT ( 'NONE', #8619 ) ;
#1046 = CARTESIAN_POINT ( 'NONE',  ( 2.500000000000000000, 5.850000000000009415, 9.500000000000000000 ) ) ;
#1047 = CARTESIAN_POINT ( 'NONE',  ( 10.00000000000000000, 0.9499999999999999556, 6.200000000000001066 ) ) ;
#1048 = LINE ( 'NONE', #3992, #8576 ) ;
#1049 = CARTESIAN_POINT ( 'NONE',  ( -0.4499999999999990119, 2.200000000000000178, 5.700000000000000178 ) ) ;
#1050 = EDGE_LOOP ( 'NONE', ( #753, #10032, #1809, #1587 ) ) ;
#1051 = PRESENTATION_STYLE_ASSIGNMENT (( #8136 ) ) ;
#1052 = CARTESIAN_POINT ( 'NONE',  ( 6.128298252077120090, 6.620978138265459556, 5.127902589497660202 ) ) ;
#1053 = VERTEX_POINT ( 'NONE', #6112 ) ;
#1054 = DIRECTION ( 'NONE',  ( 0.0000000000000000000, 0.0000000000000000000, 1.000000000000000000 ) ) ;
#1055 = VERTEX_POINT ( 'NONE', #6826 ) ;
#1056 =( NAMED_UNIT ( * ) PLANE_ANGLE_UNIT ( ) SI_UNIT ( $, .RADIAN. ) );
#1057 = CARTESIAN_POINT ( 'NONE',  ( 8.892263480588887603, 6.816384655952809624, 5.200576600905333358 ) ) ;
#1058 = VECTOR ( 'NONE', #9518, 1000.000000000000227 ) ;
#1059 = ADVANCED_FACE ( 'NONE', ( #4678 ), #5176, .F. ) ;
#1060 = DIRECTION ( 'NONE',  ( -1.000000000000000000, 0.0000000000000000000, 0.0000000000000000000 ) ) ;
#1061 = VECTOR ( 'NONE', #8463, 1000.000000000000000 ) ;
#1062 = CARTESIAN_POINT ( 'NONE',  ( 7.500000000000000000, 6.250000000000031086, 1.349999999999999867 ) ) ;
#1063 = ORIENTED_EDGE ( 'NONE', *, *, #4255, .T. ) ;
#1064 = FACE_OUTER_BOUND ( 'NONE', #8489, .T. ) ;
#1065 = DIRECTION ( 'NONE',  ( -1.000000000000000000, 0.0000000000000000000, -3.641714079092569968E-16 ) ) ;
#1066 = VERTEX_POINT ( 'NONE', #4395 ) ;
#1067 = LINE ( 'NONE', #4313, #2457 ) ;
#1068 = LINE ( 'NONE', #239, #1736 ) ;
#1069 = CARTESIAN_POINT ( 'NONE',  ( 6.022973818583576389, 6.335261413134420927, 5.690949137293157101 ) ) ;
#1070 = ADVANCED_FACE ( 'NONE', ( #3621 ), #8020, .T. ) ;
#1071 = B_SPLINE_CURVE_WITH_KNOTS ( 'NONE', 3,
 ( #2972, #6120, #9822, #7476, #1942, #9883 ),
 .UNSPECIFIED., .F., .F.,
 ( 4, 2, 4 ),
 ( 1.301042606982605321E-18, 0.0001521198112224726989, 0.0003042396224449440967 ),
 .UNSPECIFIED. ) ;
#1072 = ORIENTED_EDGE ( 'NONE', *, *, #1620, .F. ) ;
#1073 = PRESENTATION_LAYER_ASSIGNMENT (  '', '', ( #4396 ) ) ;
#1074 = DIRECTION ( 'NONE',  ( -1.000000000000000000, 0.0000000000000000000, 0.0000000000000000000 ) ) ;
#1075 = CARTESIAN_POINT ( 'NONE',  ( 5.899218940641789644, 3.850000000000010303, 8.800000000000000711 ) ) ;
#1076 = CARTESIAN_POINT ( 'NONE',  ( 0.2500000000000000000, 7.750000000000000000, 0.4500000000000010103 ) ) ;
#1077 = PRESENTATION_LAYER_ASSIGNMENT (  '', '', ( #5067 ) ) ;
#1078 = DIRECTION ( 'NONE',  ( 0.0000000000000000000, -1.000000000000000000, 0.0000000000000000000 ) ) ;
#1079 = ORIENTED_EDGE ( 'NONE', *, *, #4074, .F. ) ;
#1080 = DIRECTION ( 'NONE',  ( 0.0000000000000000000, 0.0000000000000000000, 1.000000000000000000 ) ) ;
#1081 = DIRECTION ( 'NONE',  ( 0.0000000000000000000, 1.000000000000000000, 0.0000000000000000000 ) ) ;
#1082 = ORIENTED_EDGE ( 'NONE', *, *, #6844, .F. ) ;
#1083 = ORIENTED_EDGE ( 'NONE', *, *, #2555, .F. ) ;
#1084 = CARTESIAN_POINT ( 'NONE',  ( 0.4500000000000040079, 6.250000000000031086, 5.700000000000000178 ) ) ;
#1085 = CARTESIAN_POINT ( 'NONE',  ( 3.549999999999999822, 5.950000000000040146, 2.800000000000019806 ) ) ;
#1086 = ORIENTED_EDGE ( 'NONE', *, *, #5345, .T. ) ;
#1087 = DIRECTION ( 'NONE',  ( 0.0000000000000000000, -1.000000000000000000, 0.0000000000000000000 ) ) ;
#1088 = ADVANCED_FACE ( 'NONE', ( #2879 ), #3531, .T. ) ;
#1089 = CARTESIAN_POINT ( 'NONE',  ( 7.500000000000000000, 4.250000000000009770, 9.314249409997579221 ) ) ;
#1090 = DIRECTION ( 'NONE',  ( 0.0000000000000000000, 0.0000000000000000000, -1.000000000000000000 ) ) ;
#1091 = ORIENTED_EDGE ( 'NONE', *, *, #9741, .F. ) ;
#1092 = AXIS2_PLACEMENT_3D ( 'NONE', #5462, #582, #6949 ) ;
#1093 = DIRECTION ( 'NONE',  ( 0.0000000000000000000, -1.000000000000000000, 0.0000000000000000000 ) ) ;
#1094 = EDGE_CURVE ( 'NONE', #5396, #5859, #4740, .T. ) ;
#1095 = ORIENTED_EDGE ( 'NONE', *, *, #5987, .T. ) ;
#1096 = CARTESIAN_POINT ( 'NONE',  ( -0.5000000000000000000, 6.900000000000019895, 4.004821471746000228 ) ) ;
#1097 = EDGE_LOOP ( 'NONE', ( #3600, #169, #3183, #6890 ) ) ;
#1098 =( BOUNDED_CURVE ( )  B_SPLINE_CURVE ( 3, ( #6836, #6066, #378, #5307 ),
 .UNSPECIFIED., .F., .F. ) 
 B_SPLINE_CURVE_WITH_KNOTS ( ( 4, 4 ),
 ( 4.150549750469672006, 4.642575810304896855 ),
 .UNSPECIFIED. ) 
 CURVE ( )  GEOMETRIC_REPRESENTATION_ITEM ( )  RATIONAL_B_SPLINE_CURVE ( ( 1.000000000000000000, 0.9799274069394412479, 0.9799274069394412479, 1.000000000000000000 ) ) 
 REPRESENTATION_ITEM ( '' )  );
#1099 = PLANE ( 'NONE',  #2152 ) ;
#1100 = PRESENTATION_LAYER_ASSIGNMENT (  '', '', ( #926 ) ) ;
#1101 = EDGE_LOOP ( 'NONE', ( #8277, #2876, #7838, #4665 ) ) ;
#1102 = ORIENTED_EDGE ( 'NONE', *, *, #2156, .T. ) ;
#1103 = CARTESIAN_POINT ( 'NONE',  ( 8.907431421379209624, 4.650000000000011902, 9.500000000000000000 ) ) ;
#1104 = EDGE_CURVE ( 'NONE', #6811, #4732, #1265, .T. ) ;
#1105 = CARTESIAN_POINT ( 'NONE',  ( 9.062892611431221823, 4.650000000000010125, 9.314249409997579221 ) ) ;
#1106 = EDGE_CURVE ( 'NONE', #6143, #8318, #2834, .T. ) ;
#1107 = FACE_OUTER_BOUND ( 'NONE', #2410, .T. ) ;
#1108 = FACE_OUTER_BOUND ( 'NONE', #362, .T. ) ;
#1109 = ORIENTED_EDGE ( 'NONE', *, *, #2715, .T. ) ;
#1110 = CARTESIAN_POINT ( 'NONE',  ( 4.500000000000000888, 6.405650476444289865, 3.372082935692199968 ) ) ;
#1111 = CIRCLE ( 'NONE', #5747, 0.2500000000000002220 ) ;
#1112 = CARTESIAN_POINT ( 'NONE',  ( 1.003189994461259893, 6.250000000000031086, 5.517634239043999855 ) ) ;
#1113 = EDGE_LOOP ( 'NONE', ( #4996, #1151, #6531, #2452 ) ) ;
#1114 =( NAMED_UNIT ( * ) PLANE_ANGLE_UNIT ( ) SI_UNIT ( $, .RADIAN. ) );
#1115 =( GEOMETRIC_REPRESENTATION_CONTEXT ( 3 ) GLOBAL_UNCERTAINTY_ASSIGNED_CONTEXT ( ( #8778 ) ) GLOBAL_UNIT_ASSIGNED_CONTEXT ( ( #8297, #8255, #1183 ) ) REPRESENTATION_CONTEXT ( 'NONE', 'WORKASPACE' ) );
#1116 = ORIENTED_EDGE ( 'NONE', *, *, #906, .T. ) ;
#1117 = DIRECTION ( 'NONE',  ( 0.0000000000000000000, 0.0000000000000000000, -1.000000000000000000 ) ) ;
#1118 = DIRECTION ( 'NONE',  ( 0.0000000000000000000, -1.000000000000000000, 0.0000000000000000000 ) ) ;
#1119 = MECHANICAL_DESIGN_GEOMETRIC_PRESENTATION_REPRESENTATION (  '', ( #5409 ), #1241 ) ;
#1120 = CARTESIAN_POINT ( 'NONE',  ( -1.449999999999999956, 6.301461569844129862, 3.962967587499530264 ) ) ;
#1121 = CARTESIAN_POINT ( 'NONE',  ( 8.550000000000000711, -1.462314593354880232, 3.990870176997169949 ) ) ;
#1122 = CIRCLE ( 'NONE', #5924, 1.749999999999990008 ) ;
#1123 = CARTESIAN_POINT ( 'NONE',  ( 0.9255929274512501026, 4.650000000000010125, 9.158054070483650833 ) ) ;
#1124 = CARTESIAN_POINT ( 'NONE',  ( 5.925592927451249992, 4.650000000000010125, 9.158054070483650833 ) ) ;
#1125 = UNCERTAINTY_MEASURE_WITH_UNIT (LENGTH_MEASURE( 1.000000000000000082E-05 ), #9790, 'distance_accuracy_value', 'NONE');
#1126 = CARTESIAN_POINT ( 'NONE',  ( 1.449999999999999956, 6.900812423267500328, 3.990870176997169949 ) ) ;
#1127 = VERTEX_POINT ( 'NONE', #6659 ) ;
#1128 = ORIENTED_EDGE ( 'NONE', *, *, #3347, .F. ) ;
#1129 = CARTESIAN_POINT ( 'NONE',  ( 7.500000000000000000, 6.000000000000000000, 10.00000000000000711 ) ) ;
#1130 = CIRCLE ( 'NONE', #9027, 1.749999999999989342 ) ;
#1131 = CARTESIAN_POINT ( 'NONE',  ( 6.023102752130522042, 6.379062758813174305, 5.679065084668720509 ) ) ;
#1132 = AXIS2_PLACEMENT_3D ( 'NONE', #6526, #8014, #3340 ) ;
#1133 = CIRCLE ( 'NONE', #1962, 1.649999999999999467 ) ;
#1134 = EDGE_LOOP ( 'NONE', ( #9655, #1340, #3055, #6620, #9226, #6380, #3701, #7281 ) ) ;
#1135 = VECTOR ( 'NONE', #9149, 1000.000000000000000 ) ;
#1136 =( NAMED_UNIT ( * ) SI_UNIT ( $, .STERADIAN. ) SOLID_ANGLE_UNIT ( ) );
#1137 = CARTESIAN_POINT ( 'NONE',  ( 3.552632424847472326, 6.900324961960823344, 4.000174299198464567 ) ) ;
#1138 =( GEOMETRIC_REPRESENTATION_CONTEXT ( 3 ) GLOBAL_UNCERTAINTY_ASSIGNED_CONTEXT ( ( #4003 ) ) GLOBAL_UNIT_ASSIGNED_CONTEXT ( ( #8188, #1114, #8380 ) ) REPRESENTATION_CONTEXT ( 'NONE', 'WORKASPACE' ) );
#1139 = CIRCLE ( 'NONE', #4302, 1.700000000000000178 ) ;
#1140 = VECTOR ( 'NONE', #5750, 1000.000000000000000 ) ;
#1141 = ORIENTED_EDGE ( 'NONE', *, *, #6545, .T. ) ;
#1142 =( LENGTH_UNIT ( ) NAMED_UNIT ( * ) SI_UNIT ( .MILLI., .METRE. ) );
#1143 = EDGE_LOOP ( 'NONE', ( #7487, #2754, #9376, #2798, #832, #8332 ) ) ;
#1144 = MECHANICAL_DESIGN_GEOMETRIC_PRESENTATION_REPRESENTATION (  '', ( #9523 ), #470 ) ;
#1145 = AXIS2_PLACEMENT_3D ( 'NONE', #8397, #3502, #4599 ) ;
#1146 = VECTOR ( 'NONE', #4345, 1000.000000000000000 ) ;
#1147 = DIRECTION ( 'NONE',  ( -1.000000000000000000, 0.0000000000000000000, 0.0000000000000000000 ) ) ;
#1148 = EDGE_CURVE ( 'NONE', #7024, #6926, #3670, .T. ) ;
#1149 = SURFACE_SIDE_STYLE ('',( #5651 ) ) ;
#1150 =( GEOMETRIC_REPRESENTATION_CONTEXT ( 3 ) GLOBAL_UNCERTAINTY_ASSIGNED_CONTEXT ( ( #5523 ) ) GLOBAL_UNIT_ASSIGNED_CONTEXT ( ( #5090, #6721, #7543 ) ) REPRESENTATION_CONTEXT ( 'NONE', 'WORKASPACE' ) );
#1151 = ORIENTED_EDGE ( 'NONE', *, *, #9657, .T. ) ;
#1152 = CARTESIAN_POINT ( 'NONE',  ( 1.023878904968629433, 6.379292657753643070, 5.607444991929334321 ) ) ;
#1153 = ORIENTED_EDGE ( 'NONE', *, *, #2621, .F. ) ;
#1154 = PRESENTATION_LAYER_ASSIGNMENT (  '', '', ( #6432 ) ) ;
#1155 = CIRCLE ( 'NONE', #9029, 0.2499999999999997780 ) ;
#1156 = CARTESIAN_POINT ( 'NONE',  ( 2.500000000000000000, 4.250000000000031086, -4.349999999999999645 ) ) ;
#1157 = ORIENTED_EDGE ( 'NONE', *, *, #3005, .F. ) ;
#1158 = SURFACE_STYLE_USAGE ( .BOTH. , #316 ) ;
#1159 = ORIENTED_EDGE ( 'NONE', *, *, #4240, .T. ) ;
#1160 = CARTESIAN_POINT ( 'NONE',  ( 8.871701747922880799, 6.620978138265459556, 5.127902589497660202 ) ) ;
#1161 =( NAMED_UNIT ( * ) SI_UNIT ( $, .STERADIAN. ) SOLID_ANGLE_UNIT ( ) );
#1162 = EDGE_CURVE ( 'NONE', #9588, #7500, #385, .T. ) ;
#1163 = PRESENTATION_LAYER_ASSIGNMENT (  '', '', ( #7919 ) ) ;
#1164 = EDGE_LOOP ( 'NONE', ( #1236, #9131, #3535, #3436, #775, #4277 ) ) ;
#1165 = AXIS2_PLACEMENT_3D ( 'NONE', #7753, #672, #2192 ) ;
#1166 = EDGE_CURVE ( 'NONE', #10132, #3560, #3919, .T. ) ;
#1167 = LINE ( 'NONE', #6833, #8089 ) ;
#1168 = CARTESIAN_POINT ( 'NONE',  ( 10.00000000000000000, 7.750000000000000000, 6.500000000000000888 ) ) ;
#1169 = CARTESIAN_POINT ( 'NONE',  ( 7.500000000000000000, 6.250000000000031086, 2.750000000000000000 ) ) ;
#1170 =( BOUNDED_CURVE ( )  B_SPLINE_CURVE ( 3, ( #2320, #3047, #5630, #9363 ),
 .UNSPECIFIED., .F., .T. ) 
 B_SPLINE_CURVE_WITH_KNOTS ( ( 4, 4 ),
 ( 4.782202150464451407, 5.075476764891775794 ),
 .UNSPECIFIED. ) 
 CURVE ( )  GEOMETRIC_REPRESENTATION_ITEM ( )  RATIONAL_B_SPLINE_CURVE ( ( 1.000000000000000000, 0.9928453341064031878, 0.9928453341064031878, 1.000000000000000000 ) ) 
 REPRESENTATION_ITEM ( '' )  );
#1171 = CARTESIAN_POINT ( 'NONE',  ( 0.0000000000000000000, 0.6500000000000001332, 6.388051065821461094 ) ) ;
#1172 = EDGE_LOOP ( 'NONE', ( #8564, #3058, #8736, #3206 ) ) ;
#1173 = CARTESIAN_POINT ( 'NONE',  ( 0.0000000000000000000, 0.0000000000000000000, 0.0000000000000000000 ) ) ;
#1174 = ORIENTED_EDGE ( 'NONE', *, *, #3749, .T. ) ;
#1175 = FILL_AREA_STYLE ('',( #5886 ) ) ;
#1176 = DIRECTION ( 'NONE',  ( 0.0000000000000000000, 0.0000000000000000000, -1.000000000000000000 ) ) ;
#1177 = EDGE_CURVE ( 'NONE', #2273, #1649, #9153, .T. ) ;
#1178 = EDGE_CURVE ( 'NONE', #4009, #9057, #5888, .T. ) ;
#1179 = EDGE_CURVE ( 'NONE', #8161, #905, #6751, .T. ) ;
#1180 = VECTOR ( 'NONE', #2145, 1000.000000000000000 ) ;
#1181 =( NAMED_UNIT ( * ) SI_UNIT ( $, .STERADIAN. ) SOLID_ANGLE_UNIT ( ) );
#1182 = DIRECTION ( 'NONE',  ( 0.0000000000000000000, 1.000000000000000000, 0.0000000000000000000 ) ) ;
#1183 =( NAMED_UNIT ( * ) SI_UNIT ( $, .STERADIAN. ) SOLID_ANGLE_UNIT ( ) );
#1184 = DIRECTION ( 'NONE',  ( 0.0000000000000000000, -1.000000000000000000, 0.0000000000000000000 ) ) ;
#1185 = PLANE ( 'NONE',  #6487 ) ;
#1186 = ORIENTED_EDGE ( 'NONE', *, *, #1931, .T. ) ;
#1187 = VERTEX_POINT ( 'NONE', #9064 ) ;
#1188 = DIRECTION ( 'NONE',  ( -1.000000000000000000, -5.580452358381269806E-16, 0.0000000000000000000 ) ) ;
#1190 = MANIFOLD_SOLID_BREP ( 'Imported1', #4067 ) ;
#1189 = FACE_OUTER_BOUND ( 'NONE', #1455, .T. ) ;
#1191 = CARTESIAN_POINT ( 'NONE',  ( -3.907431421379202519, 3.850000000000008527, 9.500000000000007105 ) ) ;
#1192 = AXIS2_PLACEMENT_3D ( 'NONE', #8325, #1316, #10024 ) ;
#1193 = ADVANCED_FACE ( 'NONE', ( #10086 ), #8192, .T. ) ;
#1194 = EDGE_CURVE ( 'NONE', #9651, #4943, #7044, .T. ) ;
#1195 = CARTESIAN_POINT ( 'NONE',  ( 9.550000000000000711, 6.250000000000031086, 0.6500000000000020206 ) ) ;
#1196 = LINE ( 'NONE', #6714, #8105 ) ;
#1197 = PLANE ( 'NONE',  #4270 ) ;
#1198 = AXIS2_PLACEMENT_3D ( 'NONE', #5583, #2488, #866 ) ;
#1199 = ORIENTED_EDGE ( 'NONE', *, *, #9885, .F. ) ;
#1200 = CARTESIAN_POINT ( 'NONE',  ( 10.00000000000000000, 6.436102000195529804, 9.700000000000001066 ) ) ;
#1201 = DIRECTION ( 'NONE',  ( 0.2716300227878299944, 0.06713375248915300075, -0.9600573889080840084 ) ) ;
#1202 = ORIENTED_EDGE ( 'NONE', *, *, #5267, .T. ) ;
#1203 = FACE_OUTER_BOUND ( 'NONE', #3030, .T. ) ;
#1204 = AXIS2_PLACEMENT_3D ( 'NONE', #956, #5683, #7990 ) ;
#1205 = EDGE_CURVE ( 'NONE', #1387, #9301, #4587, .T. ) ;
#1206 = ORIENTED_EDGE ( 'NONE', *, *, #5227, .F. ) ;
#1207 = DIRECTION ( 'NONE',  ( 0.0000000000000000000, 0.0000000000000000000, -1.000000000000000000 ) ) ;
#1208 = ORIENTED_EDGE ( 'NONE', *, *, #5897, .T. ) ;
#1209 = FILL_AREA_STYLE_COLOUR ( '', #2510 ) ;
#1210 = APPLICATION_CONTEXT ( 'automotive_design' ) ;
#1211 = CARTESIAN_POINT ( 'NONE',  ( 5.450000000000000178, 7.250000000000000000, 0.6500000000000040190 ) ) ;
#1212 = CARTESIAN_POINT ( 'NONE',  ( 0.8992189406417899766, 3.850000000000010303, 8.800000000000009592 ) ) ;
#1213 = VERTEX_POINT ( 'NONE', #7103 ) ;
#1214 = CARTESIAN_POINT ( 'NONE',  ( 2.500000000000000000, 2.836223840680269781, 9.500000000000000000 ) ) ;
#1215 = DIRECTION ( 'NONE',  ( 0.0000000000000000000, -1.000000000000000000, 0.0000000000000000000 ) ) ;
#1216 = B_SPLINE_CURVE_WITH_KNOTS ( 'NONE', 3,
 ( #7366, #8087, #9777, #8186, #8799, #9724, #1112, #7203 ),
 .UNSPECIFIED., .F., .F.,
 ( 4, 2, 2, 4 ),
 ( 0.0000000000000000000, 0.3582783410808529911, 0.7198210597566360169, 1.000000000000000000 ),
 .UNSPECIFIED. ) ;
#1217 = ORIENTED_EDGE ( 'NONE', *, *, #9729, .F. ) ;
#1218 = MECHANICAL_DESIGN_GEOMETRIC_PRESENTATION_REPRESENTATION (  '', ( #2702 ), #6006 ) ;
#1219 = CARTESIAN_POINT ( 'NONE',  ( 1.091769397758582283, 6.595770259307299099, 5.257011279829173489 ) ) ;
#1220 =( LENGTH_UNIT ( ) NAMED_UNIT ( * ) SI_UNIT ( .MILLI., .METRE. ) );
#1221 = FILL_AREA_STYLE_COLOUR ( '', #9912 ) ;
#1222 = CARTESIAN_POINT ( 'NONE',  ( 6.431818181818189650, 4.795454545454529871, 1.631818181818190050 ) ) ;
#1223 = ORIENTED_EDGE ( 'NONE', *, *, #6957, .T. ) ;
#1224 = PLANE ( 'NONE',  #6413 ) ;
#1225 = CARTESIAN_POINT ( 'NONE',  ( 3.976121095031209585, 6.379292657753694584, 5.607444991927494016 ) ) ;
#1226 = ORIENTED_EDGE ( 'NONE', *, *, #6662, .F. ) ;
#1227 = DIRECTION ( 'NONE',  ( 0.0000000000000000000, 0.0000000000000000000, 1.000000000000000000 ) ) ;
#1228 =( NAMED_UNIT ( * ) SI_UNIT ( $, .STERADIAN. ) SOLID_ANGLE_UNIT ( ) );
#1229 = EDGE_CURVE ( 'NONE', #182, #7019, #7199, .T. ) ;
#1230 = LINE ( 'NONE', #2875, #6408 ) ;
#1231 =( BOUNDED_CURVE ( )  B_SPLINE_CURVE ( 3, ( #3764, #8305, #8398, #2736 ),
 .UNSPECIFIED., .F., .T. ) 
 B_SPLINE_CURVE_WITH_KNOTS ( ( 4, 4 ),
 ( 4.150549750469691546, 4.642575810304920836 ),
 .UNSPECIFIED. ) 
 CURVE ( )  GEOMETRIC_REPRESENTATION_ITEM ( )  RATIONAL_B_SPLINE_CURVE ( ( 1.000000000000000000, 0.9799274069394408038, 0.9799274069394408038, 1.000000000000000000 ) ) 
 REPRESENTATION_ITEM ( '' )  );
#1232 = LINE ( 'NONE', #5940, #483 ) ;
#1233 = CARTESIAN_POINT ( 'NONE',  ( 10.00000000000000000, 0.9499999999999999556, 6.200000000000001066 ) ) ;
#1234 = FACE_OUTER_BOUND ( 'NONE', #3142, .T. ) ;
#1235 = DIRECTION ( 'NONE',  ( 0.0000000000000000000, 0.0000000000000000000, -1.000000000000000000 ) ) ;
#1236 = ORIENTED_EDGE ( 'NONE', *, *, #6597, .T. ) ;
#1237 =( NAMED_UNIT ( * ) SI_UNIT ( $, .STERADIAN. ) SOLID_ANGLE_UNIT ( ) );
#1238 = CARTESIAN_POINT ( 'NONE',  ( 8.552632424847471881, 6.900324961960823344, 4.000174299198465455 ) ) ;
#1239 = ADVANCED_FACE ( 'NONE', ( #792 ), #6130, .T. ) ;
#1240 = CARTESIAN_POINT ( 'NONE',  ( 1.041844086465574692, 6.384612859889100100, 5.465433459372670555 ) ) ;
#1241 =( GEOMETRIC_REPRESENTATION_CONTEXT ( 3 ) GLOBAL_UNCERTAINTY_ASSIGNED_CONTEXT ( ( #3799 ) ) GLOBAL_UNIT_ASSIGNED_CONTEXT ( ( #7221, #907, #8200 ) ) REPRESENTATION_CONTEXT ( 'NONE', 'WORKASPACE' ) );
#1242 = SURFACE_STYLE_USAGE ( .BOTH. , #2790 ) ;
#1243 = LINE ( 'NONE', #5900, #8927 ) ;
#1244 = LINE ( 'NONE', #6915, #4931 ) ;
#1245 = EDGE_CURVE ( 'NONE', #7973, #2516, #6869, .T. ) ;
#1246 = EDGE_CURVE ( 'NONE', #9057, #252, #4539, .T. ) ;
#1247 = CARTESIAN_POINT ( 'NONE',  ( -0.1954545454544990013, 7.886363636363641128, 0.3954545454545470573 ) ) ;
#1248 = VERTEX_POINT ( 'NONE', #736 ) ;
#1249 = ORIENTED_EDGE ( 'NONE', *, *, #4873, .F. ) ;
#1250 = AXIS2_PLACEMENT_3D ( 'NONE', #3731, #7175, #7643 ) ;
#1251 = VERTEX_POINT ( 'NONE', #9251 ) ;
#1252 = SURFACE_STYLE_USAGE ( .BOTH. , #2803 ) ;
#1253 = VERTEX_POINT ( 'NONE', #8481 ) ;
#1254 = COLOUR_RGB ( '',0.2862745098039215508, 0.6431372549019607199, 0.8666666666666666963 ) ;
#1255 = CARTESIAN_POINT ( 'NONE',  ( 4.198613071924840234, 6.089357680825980168, 5.509810034670159951 ) ) ;
#1256 = DIRECTION ( 'NONE',  ( 0.0000000000000000000, -0.9284766908852596368, 0.3713906763541028888 ) ) ;
#1257 = DIRECTION ( 'NONE',  ( -1.000000000000000000, 0.0000000000000000000, 0.0000000000000000000 ) ) ;
#1258 = LINE ( 'NONE', #5048, #52 ) ;
#1259 = EDGE_CURVE ( 'NONE', #1015, #9738, #2270, .T. ) ;
#1260 = VECTOR ( 'NONE', #4636, 1000.000000000000114 ) ;
#1261 = CARTESIAN_POINT ( 'NONE',  ( 8.550000000000000711, 6.900812423267500328, 3.990870176997169949 ) ) ;
#1262 = CARTESIAN_POINT ( 'NONE',  ( 2.500000000000000000, 4.250000000000031086, 0.7499999999999990008 ) ) ;
#1263 = FACE_OUTER_BOUND ( 'NONE', #2435, .T. ) ;
#1264 = FACE_OUTER_BOUND ( 'NONE', #7099, .T. ) ;
#1265 = CIRCLE ( 'NONE', #5081, 0.2000000000000005107 ) ;
#1266 =( NAMED_UNIT ( * ) SI_UNIT ( $, .STERADIAN. ) SOLID_ANGLE_UNIT ( ) );
#1267 = SURFACE_STYLE_USAGE ( .BOTH. , #8326 ) ;
#1268 = VERTEX_POINT ( 'NONE', #10192 ) ;
#1269 =( LENGTH_UNIT ( ) NAMED_UNIT ( * ) SI_UNIT ( .MILLI., .METRE. ) );
#1270 = CARTESIAN_POINT ( 'NONE',  ( 1.446052745852149934, 6.900000000000019895, 4.004821471746000228 ) ) ;
#1271 = ORIENTED_EDGE ( 'NONE', *, *, #9524, .F. ) ;
#1272 = DIRECTION ( 'NONE',  ( 0.0000000000000000000, 0.0000000000000000000, 1.000000000000000000 ) ) ;
#1273 = CARTESIAN_POINT ( 'NONE',  ( 2.500000000000000000, 5.950000000000040146, 2.750000000000000000 ) ) ;
#1274 = LINE ( 'NONE', #6746, #1306 ) ;
#1275 = ORIENTED_EDGE ( 'NONE', *, *, #7495, .T. ) ;
#1276 = MECHANICAL_DESIGN_GEOMETRIC_PRESENTATION_REPRESENTATION (  '', ( #7372 ), #7025 ) ;
#1277 = DIRECTION ( 'NONE',  ( -8.725247161685363089E-18, 0.07124704990663610626, -0.9974586998365402302 ) ) ;
#1278 = DIRECTION ( 'NONE',  ( 0.0000000000000000000, 1.000000000000000000, 0.0000000000000000000 ) ) ;
#1279 = CARTESIAN_POINT ( 'NONE',  ( 2.250000000000000444, 4.250000000000031086, -4.349999999999999645 ) ) ;
#1280 = VECTOR ( 'NONE', #8680, 1000.000000000000000 ) ;
#1281 = DIRECTION ( 'NONE',  ( -1.000000000000000000, 0.0000000000000000000, -3.641714079092569968E-16 ) ) ;
#1282 = SURFACE_SIDE_STYLE ('',( #6799 ) ) ;
#1283 = ORIENTED_EDGE ( 'NONE', *, *, #2285, .T. ) ;
#1284 = DIRECTION ( 'NONE',  ( 1.000000000000000000, 0.0000000000000000000, 0.0000000000000000000 ) ) ;
#1285 =( GEOMETRIC_REPRESENTATION_CONTEXT ( 3 ) GLOBAL_UNCERTAINTY_ASSIGNED_CONTEXT ( ( #4087 ) ) GLOBAL_UNIT_ASSIGNED_CONTEXT ( ( #6002, #2947, #81 ) ) REPRESENTATION_CONTEXT ( 'NONE', 'WORKASPACE' ) );
#1286 = AXIS2_PLACEMENT_3D ( 'NONE', #9010, #5215, #7483 ) ;
#1287 = DIRECTION ( 'NONE',  ( 1.000000000000000000, 0.0000000000000000000, -4.231032868236119855E-16 ) ) ;
#1288 = EDGE_CURVE ( 'NONE', #3315, #5113, #2253, .T. ) ;
#1289 = CARTESIAN_POINT ( 'NONE',  ( 4.549999999999999822, 6.250000000000031086, 5.700000000000000178 ) ) ;
#1290 = CARTESIAN_POINT ( 'NONE',  ( 1.075900883378422934, 6.782835288287566655, 5.313097438219579693 ) ) ;
#1291 = FILL_AREA_STYLE_COLOUR ( '', #1520 ) ;
#1292 = ORIENTED_EDGE ( 'NONE', *, *, #7114, .F. ) ;
#1293 = CARTESIAN_POINT ( 'NONE',  ( 10.50000000000000000, 0.8864914703891380032, 0.0000000000000000000 ) ) ;
#1294 = ORIENTED_EDGE ( 'NONE', *, *, #8795, .T. ) ;
#1295 = MECHANICAL_DESIGN_GEOMETRIC_PRESENTATION_REPRESENTATION (  '', ( #9685 ), #9498 ) ;
#1296 = EDGE_LOOP ( 'NONE', ( #3477, #2388 ) ) ;
#1297 = EDGE_CURVE ( 'NONE', #3664, #2182, #6892, .T. ) ;
#1298 = EDGE_CURVE ( 'NONE', #8688, #8502, #3203, .T. ) ;
#1299 = STYLED_ITEM ( 'NONE', ( #6955 ), #8022 ) ;
#1300 = AXIS2_PLACEMENT_3D ( 'NONE', #7271, #5789, #4142 ) ;
#1301 = AXIS2_PLACEMENT_3D ( 'NONE', #6820, #410, #2033 ) ;
#1302 = CARTESIAN_POINT ( 'NONE',  ( 9.750000000000000000, 7.750000000000000000, 9.017126979087359724E-16 ) ) ;
#1303 = VERTEX_POINT ( 'NONE', #7663 ) ;
#1304 = SURFACE_SIDE_STYLE ('',( #9961 ) ) ;
#1305 = CARTESIAN_POINT ( 'NONE',  ( 2.500000000000000000, 4.250000000000031086, -4.349999999999999645 ) ) ;
#1306 = VECTOR ( 'NONE', #2829, 1000.000000000000000 ) ;
#1307 = LINE ( 'NONE', #5921, #7796 ) ;
#1308 = TOROIDAL_SURFACE ( 'NONE', #5126, 1.600000000000000089, 0.1000000000000000056 ) ;
#1309 = LINE ( 'NONE', #3448, #8012 ) ;
#1310 = CARTESIAN_POINT ( 'NONE',  ( 4.549999999999999822, 7.250000000000000000, 5.700000000000000178 ) ) ;
#1311 = ADVANCED_FACE ( 'NONE', ( #5510, #8633 ), #1522, .T. ) ;
#1312 = VECTOR ( 'NONE', #4638, 1000.000000000000114 ) ;
#1313 = CARTESIAN_POINT ( 'NONE',  ( 4.200000000000000178, 3.850000000000010303, 9.500000000000010658 ) ) ;
#1314 = CARTESIAN_POINT ( 'NONE',  ( -2.000000000000000000, 4.250000000000031086, -5.204170427930419706E-15 ) ) ;
#1315 = CONICAL_SURFACE ( 'NONE', #6603, 1.599999999999999867, 0.07130746470380971980 ) ;
#1316 = DIRECTION ( 'NONE',  ( 0.9284766908852600809, 0.3713906763541020561, -4.784109839334421468E-16 ) ) ;
#1317 = ORIENTED_EDGE ( 'NONE', *, *, #3917, .F. ) ;
#1318 = CYLINDRICAL_SURFACE ( 'NONE', #7729, 0.5999999999999998668 ) ;
#1319 = CARTESIAN_POINT ( 'NONE',  ( 5.940889099879661295, 4.650000000000010125, 9.365540160508107448 ) ) ;
#1320 = ORIENTED_EDGE ( 'NONE', *, *, #4352, .T. ) ;
#1321 = DIRECTION ( 'NONE',  ( 1.000000000000000000, 0.0000000000000000000, 0.0000000000000000000 ) ) ;
#1322 = DIRECTION ( 'NONE',  ( 0.0000000000000000000, 0.0000000000000000000, -1.000000000000000000 ) ) ;
#1323 = LINE ( 'NONE', #4493, #5773 ) ;
#1324 = CIRCLE ( 'NONE', #7086, 1.613267899285889984 ) ;
#1325 = ORIENTED_EDGE ( 'NONE', *, *, #9324, .F. ) ;
#1326 = CARTESIAN_POINT ( 'NONE',  ( 8.975706270041611035, 6.556592752526435142, 5.606841190858709467 ) ) ;
#1327 = EDGE_CURVE ( 'NONE', #3643, #9598, #4742, .T. ) ;
#1328 = CARTESIAN_POINT ( 'NONE',  ( 9.062892611435060530, 3.850000000000010303, 9.314249409999350249 ) ) ;
#1329 = AXIS2_PLACEMENT_3D ( 'NONE', #375, #5202, #6015 ) ;
#1330 = SURFACE_STYLE_FILL_AREA ( #4441 ) ;
#1331 = ORIENTED_EDGE ( 'NONE', *, *, #6634, .F. ) ;
#1332 =( NAMED_UNIT ( * ) PLANE_ANGLE_UNIT ( ) SI_UNIT ( $, .RADIAN. ) );
#1333 = FACE_OUTER_BOUND ( 'NONE', #2932, .T. ) ;
#1334 = DIRECTION ( 'NONE',  ( 1.000000000000000000, 0.0000000000000000000, 0.0000000000000000000 ) ) ;
#1335 = VECTOR ( 'NONE', #9429, 1000.000000000000000 ) ;
#1336 = SURFACE_STYLE_USAGE ( .BOTH. , #7456 ) ;
#1337 = CARTESIAN_POINT ( 'NONE',  ( 7.500000000000000000, 2.836223840680269781, 9.500000000000000000 ) ) ;
#1338 = UNCERTAINTY_MEASURE_WITH_UNIT (LENGTH_MEASURE( 1.000000000000000082E-05 ), #4553, 'distance_accuracy_value', 'NONE');
#1339 = CARTESIAN_POINT ( 'NONE',  ( 2.500000000000000000, 2.500000000000000444, 9.999999999999982236 ) ) ;
#1340 = ORIENTED_EDGE ( 'NONE', *, *, #6245, .T. ) ;
#1341 = EDGE_CURVE ( 'NONE', #8001, #5572, #9478, .T. ) ;
#1342 = MECHANICAL_DESIGN_GEOMETRIC_PRESENTATION_REPRESENTATION (  '', ( #2005 ), #5814 ) ;
#1343 = DIRECTION ( 'NONE',  ( 0.0000000000000000000, 0.0000000000000000000, -1.000000000000000000 ) ) ;
#1344 = EDGE_LOOP ( 'NONE', ( #9573, #5664 ) ) ;
#1345 = VERTEX_POINT ( 'NONE', #8584 ) ;
#1346 = ADVANCED_FACE ( 'NONE', ( #9557 ), #1926, .T. ) ;
#1347 = VECTOR ( 'NONE', #6054, 1000.000000000000000 ) ;
#1348 = DIRECTION ( 'NONE',  ( -0.3713906763541040545, -0.9284766908852591927, 0.0000000000000000000 ) ) ;
#1349 = FACE_OUTER_BOUND ( 'NONE', #10127, .T. ) ;
#1350 = CARTESIAN_POINT ( 'NONE',  ( -1.128298252077120090, 6.620978138265459556, 5.127902589497670860 ) ) ;
#1351 = DIRECTION ( 'NONE',  ( 0.0000000000000000000, 0.0000000000000000000, 1.000000000000000000 ) ) ;
#1352 = CARTESIAN_POINT ( 'NONE',  ( 0.5500000000000000444, 1.652376043070270084, -7.728965982074889342E-15 ) ) ;
#1353 = VECTOR ( 'NONE', #7018, 1000.000000000000114 ) ;
#1354 = DIRECTION ( 'NONE',  ( 0.0000000000000000000, -1.000000000000000000, 0.0000000000000000000 ) ) ;
#1355 = DIRECTION ( 'NONE',  ( 0.0000000000000000000, 0.0000000000000000000, -1.000000000000000000 ) ) ;
#1356 = ADVANCED_FACE ( 'NONE', ( #8081 ), #6489, .T. ) ;
#1357 = PLANE ( 'NONE',  #8247 ) ;
#1358 = UNCERTAINTY_MEASURE_WITH_UNIT (LENGTH_MEASURE( 1.000000000000000082E-05 ), #4438, 'distance_accuracy_value', 'NONE');
#1359 = AXIS2_PLACEMENT_3D ( 'NONE', #5074, #8197, #9786 ) ;
#1360 = FACE_BOUND ( 'NONE', #4218, .T. ) ;
#1361 = CARTESIAN_POINT ( 'NONE',  ( 4.549999999999999822, 7.250000000000000000, 0.6500000000000020206 ) ) ;
#1362 = FACE_OUTER_BOUND ( 'NONE', #4591, .T. ) ;
#1363 = EDGE_CURVE ( 'NONE', #8947, #1929, #3400, .T. ) ;
#1364 = CARTESIAN_POINT ( 'NONE',  ( 5.799999999999999822, 4.650000000000010125, 9.500000000000000000 ) ) ;
#1365 = ORIENTED_EDGE ( 'NONE', *, *, #6844, .T. ) ;
#1366 = EDGE_CURVE ( 'NONE', #6518, #10069, #2611, .T. ) ;
#1367 = FACE_BOUND ( 'NONE', #6327, .T. ) ;
#1368 = CARTESIAN_POINT ( 'NONE',  ( 7.500000000000000000, 5.863267899285899531, 9.314249409997579221 ) ) ;
#1369 = COLOUR_RGB ( '',0.2862745098039215508, 0.6431372549019607199, 0.8666666666666666963 ) ;
#1370 = ORIENTED_EDGE ( 'NONE', *, *, #47, .F. ) ;
#1371 = DIRECTION ( 'NONE',  ( 0.0000000000000000000, 0.0000000000000000000, 1.000000000000000000 ) ) ;
#1372 = CARTESIAN_POINT ( 'NONE',  ( 4.500000000000000888, 6.221952518161529611, 5.100000000000011191 ) ) ;
#1373 = LINE ( 'NONE', #7666, #9893 ) ;
#1374 = DIRECTION ( 'NONE',  ( 0.0000000000000000000, -1.000000000000000000, 0.0000000000000000000 ) ) ;
#1375 = VERTEX_POINT ( 'NONE', #5614 ) ;
#1376 = CARTESIAN_POINT ( 'NONE',  ( 4.200000000000000178, 3.850000000000010303, 8.800000000000009592 ) ) ;
#1377 = CARTESIAN_POINT ( 'NONE',  ( 1.041844086465574692, 6.384612859889100100, 5.465433459372670555 ) ) ;
#1378 = DIRECTION ( 'NONE',  ( 0.0000000000000000000, -1.000000000000000000, 0.0000000000000000000 ) ) ;
#1379 = EDGE_CURVE ( 'NONE', #571, #6998, #63, .T. ) ;
#1380 = LINE ( 'NONE', #497, #1642 ) ;
#1381 = VERTEX_POINT ( 'NONE', #6434 ) ;
#1382 = CIRCLE ( 'NONE', #552, 1.749999999999989786 ) ;
#1383 = CARTESIAN_POINT ( 'NONE',  ( 1.042213446764644225, 3.850000000000008971, 9.481490714224463545 ) ) ;
#1384 = DIRECTION ( 'NONE',  ( 0.0000000000000000000, -1.000000000000000000, -3.965082230804130614E-15 ) ) ;
#1385 = EDGE_LOOP ( 'NONE', ( #4047, #5028 ) ) ;
#1386 = CARTESIAN_POINT ( 'NONE',  ( -5.000000000000000000, 4.900000000000000355, 3.275000000000000355 ) ) ;
#1387 = VERTEX_POINT ( 'NONE', #8906 ) ;
#1388 = ORIENTED_EDGE ( 'NONE', *, *, #8418, .F. ) ;
#1389 = CARTESIAN_POINT ( 'NONE',  ( 4.549999999999999822, 7.250000000000000000, 0.6499999999999990230 ) ) ;
#1390 = ORIENTED_EDGE ( 'NONE', *, *, #9471, .T. ) ;
#1391 = FACE_OUTER_BOUND ( 'NONE', #3886, .T. ) ;
#1392 = PLANE ( 'NONE',  #1837 ) ;
#1393 = DIRECTION ( 'NONE',  ( 1.000000000000000000, 0.0000000000000000000, 0.0000000000000000000 ) ) ;
#1394 = DIRECTION ( 'NONE',  ( 0.3481553119113969808, -0.8703882797784889824, 0.3481553119113949823 ) ) ;
#1395 = ORIENTED_EDGE ( 'NONE', *, *, #7036, .T. ) ;
#1396 = LINE ( 'NONE', #4570, #7578 ) ;
#1397 = AXIS2_PLACEMENT_3D ( 'NONE', #5220, #2732, #8445 ) ;
#1398 = EDGE_CURVE ( 'NONE', #1570, #2209, #602, .T. ) ;
#1399 = ORIENTED_EDGE ( 'NONE', *, *, #4656, .F. ) ;
#1400 = CARTESIAN_POINT ( 'NONE',  ( -5.500000000000000000, 6.620978138265459556, 5.127902589497670860 ) ) ;
#1401 = PRESENTATION_STYLE_ASSIGNMENT (( #3737 ) ) ;
#1402 = EDGE_CURVE ( 'NONE', #7247, #8073, #6534, .T. ) ;
#1403 = CARTESIAN_POINT ( 'NONE',  ( 8.969861671524558488, 6.381146321193678972, 5.536094731138470948 ) ) ;
#1404 = VERTEX_POINT ( 'NONE', #221 ) ;
#1405 = AXIS2_PLACEMENT_3D ( 'NONE', #5065, #1322, #6841 ) ;
#1406 = CARTESIAN_POINT ( 'NONE',  ( -2.500000000000000000, 2.550000000114664545, 8.100000000000010303 ) ) ;
#1407 = VERTEX_POINT ( 'NONE', #9719 ) ;
#1408 = DIRECTION ( 'NONE',  ( 0.0000000000000000000, 0.0000000000000000000, 1.000000000000000000 ) ) ;
#1409 = ORIENTED_EDGE ( 'NONE', *, *, #2674, .F. ) ;
#1410 = DIRECTION ( 'NONE',  ( 0.0000000000000000000, -1.000000000000000000, 0.0000000000000000000 ) ) ;
#1411 = DIRECTION ( 'NONE',  ( 0.0000000000000000000, -0.9284766908852596368, 0.3713906763541028888 ) ) ;
#1412 = ORIENTED_EDGE ( 'NONE', *, *, #3005, .T. ) ;
#1413 = EDGE_CURVE ( 'NONE', #6864, #9481, #843, .T. ) ;
#1414 = EDGE_CURVE ( 'NONE', #4978, #4097, #1680, .T. ) ;
#1415 = CIRCLE ( 'NONE', #6365, 1.400000000000000133 ) ;
#1416 = CARTESIAN_POINT ( 'NONE',  ( -1.449999999999999956, 6.700487189948059807, 3.990870176997180607 ) ) ;
#1417 = CARTESIAN_POINT ( 'NONE',  ( -3.976897247869476626, 6.379062758813164535, 5.679065084668725838 ) ) ;
#1418 = DIRECTION ( 'NONE',  ( 0.0000000000000000000, 0.0000000000000000000, 1.000000000000000000 ) ) ;
#1419 = PRESENTATION_STYLE_ASSIGNMENT (( #6284 ) ) ;
#1420 = FACE_BOUND ( 'NONE', #1920, .T. ) ;
#1421 = ORIENTED_EDGE ( 'NONE', *, *, #2898, .F. ) ;
#1422 = SURFACE_STYLE_FILL_AREA ( #1578 ) ;
#1423 = SURFACE_STYLE_USAGE ( .BOTH. , #4807 ) ;
#1424 =( LENGTH_UNIT ( ) NAMED_UNIT ( * ) SI_UNIT ( .MILLI., .METRE. ) );
#1425 = CARTESIAN_POINT ( 'NONE',  ( 2.999999999668877759, 4.250000000000031086, -3.850000000000000089 ) ) ;
#1426 = VECTOR ( 'NONE', #5975, 1000.000000000000000 ) ;
#1427 = CARTESIAN_POINT ( 'NONE',  ( 9.199999999999999289, 3.850000000000010303, 8.800000000000000711 ) ) ;
#1428 = CARTESIAN_POINT ( 'NONE',  ( 9.182760555148929527, 6.093223787951091097, 5.414712066094880427 ) ) ;
#1429 = CARTESIAN_POINT ( 'NONE',  ( 4.059110900119953236, 3.850000000000010303, 9.365540160509002732 ) ) ;
#1430 = ORIENTED_EDGE ( 'NONE', *, *, #1614, .T. ) ;
#1431 = DIRECTION ( 'NONE',  ( 3.928415396526638614E-16, 0.3713906763541028888, 0.9284766908852596368 ) ) ;
#1432 = VERTEX_POINT ( 'NONE', #5557 ) ;
#1433 = PRESENTATION_LAYER_ASSIGNMENT (  '', '', ( #600 ) ) ;
#1434 = ORIENTED_EDGE ( 'NONE', *, *, #107, .F. ) ;
#1435 = CYLINDRICAL_SURFACE ( 'NONE', #7920, 0.5999999999999998668 ) ;
#1436 = ORIENTED_EDGE ( 'NONE', *, *, #9829, .F. ) ;
#1437 = PLANE ( 'NONE',  #1512 ) ;
#1438 = ORIENTED_EDGE ( 'NONE', *, *, #9288, .T. ) ;
#1439 = DIRECTION ( 'NONE',  ( 0.0000000000000000000, 0.0000000000000000000, 1.000000000000000000 ) ) ;
#1440 = SURFACE_SIDE_STYLE ('',( #2665 ) ) ;
#1441 = CARTESIAN_POINT ( 'NONE',  ( 6.431818181818189650, 4.795454545454529871, 1.631818181818190050 ) ) ;
#1442 = PRESENTATION_STYLE_ASSIGNMENT (( #7601 ) ) ;
#1443 = PLANE ( 'NONE',  #10221 ) ;
#1444 = MECHANICAL_DESIGN_GEOMETRIC_PRESENTATION_REPRESENTATION (  '', ( #770 ), #3123 ) ;
#1445 = EDGE_CURVE ( 'NONE', #5113, #143, #3295, .T. ) ;
#1446 = PRODUCT_DEFINITION_SHAPE ( 'NONE', 'NONE',  #1563 ) ;
#1447 = DIRECTION ( 'NONE',  ( 0.0000000000000000000, -1.000000000000000000, 0.0000000000000000000 ) ) ;
#1448 = DIRECTION ( 'NONE',  ( 1.000000000000000000, 2.232180943352509796E-16, 0.0000000000000000000 ) ) ;
#1449 = DIRECTION ( 'NONE',  ( 0.0000000000000000000, 0.0000000000000000000, 1.000000000000000000 ) ) ;
#1450 = ORIENTED_EDGE ( 'NONE', *, *, #580, .T. ) ;
#1451 = AXIS2_PLACEMENT_3D ( 'NONE', #8696, #7827, #3213 ) ;
#1452 = ORIENTED_EDGE ( 'NONE', *, *, #6722, .T. ) ;
#1453 = AXIS2_PLACEMENT_3D ( 'NONE', #1200, #5039, #3496 ) ;
#1454 = DIRECTION ( 'NONE',  ( 0.0000000000000000000, 1.000000000000000000, 0.0000000000000000000 ) ) ;
#1455 = EDGE_LOOP ( 'NONE', ( #8864, #1082, #1955, #5010, #9502, #4002 ) ) ;
#1456 = EDGE_CURVE ( 'NONE', #4677, #4959, #5775, .T. ) ;
#1457 = LINE ( 'NONE', #2974, #5495 ) ;
#1458 = ORIENTED_EDGE ( 'NONE', *, *, #1106, .F. ) ;
#1459 = FILL_AREA_STYLE_COLOUR ( '', #6707 ) ;
#1460 = LINE ( 'NONE', #733, #1312 ) ;
#1461 = ORIENTED_EDGE ( 'NONE', *, *, #9852, .F. ) ;
#1462 = ADVANCED_FACE ( 'NONE', ( #2512 ), #4895, .T. ) ;
#1463 = COLOUR_RGB ( '',0.2862745098039215508, 0.6431372549019607199, 0.8666666666666666963 ) ;
#1464 = CIRCLE ( 'NONE', #4464, 0.4999999999999995559 ) ;
#1465 =( NAMED_UNIT ( * ) PLANE_ANGLE_UNIT ( ) SI_UNIT ( $, .RADIAN. ) );
#1466 = CARTESIAN_POINT ( 'NONE',  ( 3.892263480588888935, 6.816384655952807847, 5.200576600905342239 ) ) ;
#1467 = LINE ( 'NONE', #4643, #3622 ) ;
#1468 =( NAMED_UNIT ( * ) SI_UNIT ( $, .STERADIAN. ) SOLID_ANGLE_UNIT ( ) );
#1469 = FILL_AREA_STYLE ('',( #8537 ) ) ;
#1470 = CARTESIAN_POINT ( 'NONE',  ( -5.000000000000000000, 0.9399999999999999467, 6.200000000000001066 ) ) ;
#1471 = ORIENTED_EDGE ( 'NONE', *, *, #8804, .T. ) ;
#1472 = EDGE_CURVE ( 'NONE', #9310, #7266, #6830, .T. ) ;
#1473 = COLOUR_RGB ( '',0.2862745098039215508, 0.6431372549019607199, 0.8666666666666666963 ) ;
#1474 = DIRECTION ( 'NONE',  ( 0.0000000000000000000, -1.000000000000000000, 0.0000000000000000000 ) ) ;
#1475 = DIRECTION ( 'NONE',  ( 0.0000000000000000000, -0.4264192316982558517, -0.9045256429962995615 ) ) ;
#1476 = CARTESIAN_POINT ( 'NONE',  ( 0.2500000000000000000, 7.750000000000000000, 7.600149882373641713E-15 ) ) ;
#1477 = EDGE_CURVE ( 'NONE', #3968, #1387, #1779, .T. ) ;
#1478 = AXIS2_PLACEMENT_3D ( 'NONE', #3871, #9403, #7874 ) ;
#1479 = VECTOR ( 'NONE', #6266, 1000.000000000000000 ) ;
#1480 = CARTESIAN_POINT ( 'NONE',  ( 8.948605801384539760, 6.749926634365834843, 5.399714607937602828 ) ) ;
#1481 = CARTESIAN_POINT ( 'NONE',  ( -3.549999999999999822, 6.301461569844129862, 3.962967587499530264 ) ) ;
#1482 = UNCERTAINTY_MEASURE_WITH_UNIT (LENGTH_MEASURE( 1.000000000000000082E-05 ), #177, 'distance_accuracy_value', 'NONE');
#1483 = DIRECTION ( 'NONE',  ( -1.000000000000000000, 0.0000000000000000000, 0.0000000000000000000 ) ) ;
#1484 = FACE_OUTER_BOUND ( 'NONE', #2918, .T. ) ;
#1485 = ORIENTED_EDGE ( 'NONE', *, *, #485, .F. ) ;
#1486 = EDGE_LOOP ( 'NONE', ( #1128, #6588, #6394, #2743, #2949, #1981, #6455 ) ) ;
#1487 = EDGE_CURVE ( 'NONE', #1251, #6338, #7043, .T. ) ;
#1488 = CARTESIAN_POINT ( 'NONE',  ( 1.092610859955165381, 4.650000000000010125, 9.500000000000042633 ) ) ;
#1489 = ADVANCED_FACE ( 'NONE', ( #1264 ), #593, .T. ) ;
#1490 = MECHANICAL_DESIGN_GEOMETRIC_PRESENTATION_REPRESENTATION (  '', ( #4819 ), #9552 ) ;
#1491 = EDGE_CURVE ( 'NONE', #3006, #1824, #5110, .T. ) ;
#1492 = VECTOR ( 'NONE', #256, 1000.000000000000000 ) ;
#1493 = EDGE_LOOP ( 'NONE', ( #251, #58, #8157, #5311 ) ) ;
#1494 = ORIENTED_EDGE ( 'NONE', *, *, #1604, .F. ) ;
#1495 = CARTESIAN_POINT ( 'NONE',  ( 3.924099116621579952, -1.462314593354880232, 5.313097438219579693 ) ) ;
#1496 = CIRCLE ( 'NONE', #5312, 1.749999999999999778 ) ;
#1497 = VERTEX_POINT ( 'NONE', #1936 ) ;
#1498 = DIRECTION ( 'NONE',  ( 0.4472135950260953119, -5.476786976838883161E-17, 0.8944271912368472188 ) ) ;
#1499 = ORIENTED_EDGE ( 'NONE', *, *, #4836, .T. ) ;
#1500 = CARTESIAN_POINT ( 'NONE',  ( 4.034447604600113202, 4.650000000000011902, 9.413837825582248797 ) ) ;
#1501 = FILL_AREA_STYLE_COLOUR ( '', #3134 ) ;
#1502 = DIRECTION ( 'NONE',  ( -5.152643988049919983E-16, 0.0000000000000000000, -1.000000000000000000 ) ) ;
#1503 = ORIENTED_EDGE ( 'NONE', *, *, #8239, .F. ) ;
#1504 = LINE ( 'NONE', #718, #9472 ) ;
#1505 = DIRECTION ( 'NONE',  ( 0.0000000000000000000, 0.0000000000000000000, 1.000000000000000000 ) ) ;
#1506 = AXIS2_PLACEMENT_3D ( 'NONE', #2237, #7032, #8729 ) ;
#1507 = EDGE_CURVE ( 'NONE', #2831, #4055, #8861, .T. ) ;
#1508 = CARTESIAN_POINT ( 'NONE',  ( 2.750000000000000000, 4.250000000000031086, -4.349999999999999645 ) ) ;
#1509 = CARTESIAN_POINT ( 'NONE',  ( 7.423020349793491235, -1.462314593354880232, 5.694239332014509714 ) ) ;
#1510 = FACE_OUTER_BOUND ( 'NONE', #519, .T. ) ;
#1511 = FACE_BOUND ( 'NONE', #7390, .T. ) ;
#1512 = AXIS2_PLACEMENT_3D ( 'NONE', #6148, #2434, #8459 ) ;
#1513 = CARTESIAN_POINT ( 'NONE',  ( 2.500000000000000000, 4.250000000000031086, 0.0000000000000000000 ) ) ;
#1514 = ORIENTED_EDGE ( 'NONE', *, *, #5727, .F. ) ;
#1515 = FACE_OUTER_BOUND ( 'NONE', #2492, .T. ) ;
#1516 = ORIENTED_EDGE ( 'NONE', *, *, #567, .T. ) ;
#1517 = CARTESIAN_POINT ( 'NONE',  ( 0.4500000000000040079, 2.200000000000000178, 5.799999999999999822 ) ) ;
#1518 = DIRECTION ( 'NONE',  ( -1.000000000000000000, 0.0000000000000000000, 0.0000000000000000000 ) ) ;
#1519 = ORIENTED_EDGE ( 'NONE', *, *, #2806, .T. ) ;
#1520 = COLOUR_RGB ( '',0.2862745098039215508, 0.6431372549019607199, 0.8666666666666666963 ) ;
#1521 = CARTESIAN_POINT ( 'NONE',  ( 7.576979650206509653, 6.669166114049719596, 5.694239332014509714 ) ) ;
#1522 = PLANE ( 'NONE',  #1092 ) ;
#1523 = DIRECTION ( 'NONE',  ( 0.0000000000000000000, 0.1275217425395260284, -0.9918357753074259486 ) ) ;
#1524 = CARTESIAN_POINT ( 'NONE',  ( 2.500000000000000000, 4.250000000000009770, 9.500000000000010658 ) ) ;
#1525 = SURFACE_SIDE_STYLE ('',( #7768 ) ) ;
#1526 = LINE ( 'NONE', #8587, #9053 ) ;
#1527 = ADVANCED_FACE ( 'NONE', ( #5165 ), #417, .F. ) ;
#1528 = EDGE_LOOP ( 'NONE', ( #9884, #11 ) ) ;
#1529 = AXIS2_PLACEMENT_3D ( 'NONE', #9986, #8586, #9206 ) ;
#1530 = SURFACE_SIDE_STYLE ('',( #1422 ) ) ;
#1531 = CARTESIAN_POINT ( 'NONE',  ( -0.8992189406417899766, 4.650000000000010125, 8.800000000000009592 ) ) ;
#1532 =( NAMED_UNIT ( * ) SI_UNIT ( $, .STERADIAN. ) SOLID_ANGLE_UNIT ( ) );
#1533 = ORIENTED_EDGE ( 'NONE', *, *, #7349, .F. ) ;
#1534 = ORIENTED_EDGE ( 'NONE', *, *, #3466, .T. ) ;
#1535 = AXIS2_PLACEMENT_3D ( 'NONE', #6481, #2396, #989 ) ;
#1536 =( NAMED_UNIT ( * ) PLANE_ANGLE_UNIT ( ) SI_UNIT ( $, .RADIAN. ) );
#1537 = LINE ( 'NONE', #8645, #2795 ) ;
#1538 = CARTESIAN_POINT ( 'NONE',  ( 1.143990033716242083, 3.850000000000008527, 9.500000000000000000 ) ) ;
#1539 = CARTESIAN_POINT ( 'NONE',  ( 9.206355740440962165, 6.087469401107320266, 5.606250910350270011 ) ) ;
#1540 = CARTESIAN_POINT ( 'NONE',  ( 9.550000000000000711, 2.200000000000000178, 0.7500000000000019984 ) ) ;
#1541 = EDGE_CURVE ( 'NONE', #8816, #4256, #7856, .T. ) ;
#1542 = EDGE_LOOP ( 'NONE', ( #34, #4721, #7287, #6565, #8460, #631, #5699 ) ) ;
#1543 = ORIENTED_EDGE ( 'NONE', *, *, #7173, .T. ) ;
#1544 = CARTESIAN_POINT ( 'NONE',  ( 15.00000000000000000, 7.750000000000000000, 0.4499999999999980127 ) ) ;
#1545 = ORIENTED_EDGE ( 'NONE', *, *, #5862, .T. ) ;
#1546 = VERTEX_POINT ( 'NONE', #7555 ) ;
#1547 = EDGE_CURVE ( 'NONE', #3171, #7497, #1934, .T. ) ;
#1548 = B_SPLINE_CURVE_WITH_KNOTS ( 'NONE', 3,
 ( #8594, #4653, #647, #10207 ),
 .UNSPECIFIED., .F., .F.,
 ( 4, 4 ),
 ( 0.0000000000000000000, 0.0002372961508671606826 ),
 .UNSPECIFIED. ) ;
#1549 = EDGE_CURVE ( 'NONE', #6260, #2728, #1855, .T. ) ;
#1550 = FACE_OUTER_BOUND ( 'NONE', #4412, .T. ) ;
#1551 = ORIENTED_EDGE ( 'NONE', *, *, #5043, .T. ) ;
#1552 = CARTESIAN_POINT ( 'NONE',  ( -3.948603374022609191, 6.749929893934167424, 5.399706028596003904 ) ) ;
#1553 = ORIENTED_EDGE ( 'NONE', *, *, #9792, .F. ) ;
#1554 = CARTESIAN_POINT ( 'NONE',  ( 1.003189994461259893, 6.250000000000031086, 5.517634239043999855 ) ) ;
#1555 = CARTESIAN_POINT ( 'NONE',  ( -3.991842265004280410, 6.591285235931310993, 5.552530875971460667 ) ) ;
#1556 =( NAMED_UNIT ( * ) PLANE_ANGLE_UNIT ( ) SI_UNIT ( $, .RADIAN. ) );
#1557 = ORIENTED_EDGE ( 'NONE', *, *, #7415, .F. ) ;
#1558 = CARTESIAN_POINT ( 'NONE',  ( 10.00000000000000000, 0.1977371785018499917, 6.601260681670590102 ) ) ;
#1559 = DIRECTION ( 'NONE',  ( 0.0000000000000000000, 0.0000000000000000000, -1.000000000000000000 ) ) ;
#1560 = CARTESIAN_POINT ( 'NONE',  ( 4.087037305134390230, 3.850000000000010303, 8.986637655680240755 ) ) ;
#1561 = CARTESIAN_POINT ( 'NONE',  ( 6.029021513128699716, 6.380815587897259888, 5.542350741529149971 ) ) ;
#1562 = CARTESIAN_POINT ( 'NONE',  ( -2.250000000000000444, 4.250000000000031086, -4.349999999999999645 ) ) ;
#1563 = PRODUCT_DEFINITION ( 'UNKNOWN', '', #8373, #9031 ) ;
#1564 = DIRECTION ( 'NONE',  ( -0.8660254037844391517, -0.4999999999999990563, 0.0000000000000000000 ) ) ;
#1565 = VERTEX_POINT ( 'NONE', #9818 ) ;
#1566 = LINE ( 'NONE', #10128, #1028 ) ;
#1567 =( GEOMETRIC_REPRESENTATION_CONTEXT ( 3 ) GLOBAL_UNCERTAINTY_ASSIGNED_CONTEXT ( ( #416 ) ) GLOBAL_UNIT_ASSIGNED_CONTEXT ( ( #8042, #4253, #7382 ) ) REPRESENTATION_CONTEXT ( 'NONE', 'WORKASPACE' ) );
#1568 = VERTEX_POINT ( 'NONE', #1889 ) ;
#1569 = CARTESIAN_POINT ( 'NONE',  ( -2.500000000000000000, 2.650000000000010125, 8.100000000000010303 ) ) ;
#1570 = VERTEX_POINT ( 'NONE', #1105 ) ;
#1571 = SURFACE_STYLE_USAGE ( .BOTH. , #9400 ) ;
#1572 = CARTESIAN_POINT ( 'NONE',  ( 3.908529899565567067, 6.803742317568937992, 5.258069125366942487 ) ) ;
#1573 = MECHANICAL_DESIGN_GEOMETRIC_PRESENTATION_REPRESENTATION (  '', ( #2900 ), #5544 ) ;
#1574 = FILL_AREA_STYLE ('',( #2982 ) ) ;
#1575 = FACE_OUTER_BOUND ( 'NONE', #6121, .T. ) ;
#1576 = DIRECTION ( 'NONE',  ( 0.0000000000000000000, 0.0000000000000000000, -1.000000000000000000 ) ) ;
#1577 = ORIENTED_EDGE ( 'NONE', *, *, #3796, .T. ) ;
#1578 = FILL_AREA_STYLE ('',( #4592 ) ) ;
#1579 = FILL_AREA_STYLE ('',( #2254 ) ) ;
#1580 = COLOUR_RGB ( '',0.2862745098039215508, 0.6431372549019607199, 0.8666666666666666963 ) ;
#1581 = FILL_AREA_STYLE ('',( #8593 ) ) ;
#1582 = LINE ( 'NONE', #2212, #9868 ) ;
#1583 = PLANE ( 'NONE',  #9559 ) ;
#1584 = CARTESIAN_POINT ( 'NONE',  ( 8.956366702911532585, 6.148436653995700496, 5.454695792913989649 ) ) ;
#1585 = AXIS2_PLACEMENT_3D ( 'NONE', #2278, #8421, #5443 ) ;
#1586 =( NAMED_UNIT ( * ) PLANE_ANGLE_UNIT ( ) SI_UNIT ( $, .RADIAN. ) );
#1587 = ORIENTED_EDGE ( 'NONE', *, *, #1931, .F. ) ;
#1588 = CARTESIAN_POINT ( 'NONE',  ( 2.500000000000000000, 4.250000000000009770, 8.000000000000000000 ) ) ;
#1589 = SURFACE_STYLE_FILL_AREA ( #7599 ) ;
#1590 = EDGE_CURVE ( 'NONE', #1824, #5403, #1993, .T. ) ;
#1591 = VERTEX_POINT ( 'NONE', #1314 ) ;
#1592 = ORIENTED_EDGE ( 'NONE', *, *, #2147, .T. ) ;
#1593 = VECTOR ( 'NONE', #2143, 1000.000000000000000 ) ;
#1594 = EDGE_CURVE ( 'NONE', #4452, #1699, #7420, .T. ) ;
#1595 = DIRECTION ( 'NONE',  ( 0.0000000000000000000, 0.0000000000000000000, -1.000000000000000000 ) ) ;
#1596 = AXIS2_PLACEMENT_3D ( 'NONE', #3592, #2069, #1343 ) ;
#1597 = DIRECTION ( 'NONE',  ( 0.0000000000000000000, 0.0000000000000000000, 1.000000000000000000 ) ) ;
#1598 = VERTEX_POINT ( 'NONE', #9930 ) ;
#1599 = DIRECTION ( 'NONE',  ( -1.000000000000000000, 0.0000000000000000000, 0.0000000000000000000 ) ) ;
#1600 = CARTESIAN_POINT ( 'NONE',  ( 1.107736519411111509, 6.816384655952808735, 5.200576600905339575 ) ) ;
#1601 = AXIS2_PLACEMENT_3D ( 'NONE', #4321, #245, #5901 ) ;
#1602 = EDGE_CURVE ( 'NONE', #3425, #6579, #2868, .T. ) ;
#1603 = ORIENTED_EDGE ( 'NONE', *, *, #5669, .T. ) ;
#1604 = EDGE_CURVE ( 'NONE', #4875, #1858, #4921, .T. ) ;
#1605 = EDGE_LOOP ( 'NONE', ( #6745, #9631 ) ) ;
#1606 = CARTESIAN_POINT ( 'NONE',  ( 7.500000000000000000, 4.250000000000009770, 8.099999999999999645 ) ) ;
#1607 = CARTESIAN_POINT ( 'NONE',  ( 1.075900883378422712, 6.560463200155849606, 5.313097438219570812 ) ) ;
#1608 = CYLINDRICAL_SURFACE ( 'NONE', #1851, 0.4999999999999995559 ) ;
#1609 = PLANE ( 'NONE',  #6575 ) ;
#1610 = EDGE_LOOP ( 'NONE', ( #6406, #9536, #2149, #7808 ) ) ;
#1611 = VECTOR ( 'NONE', #5948, 1000.000000000000000 ) ;
#1612 = CARTESIAN_POINT ( 'NONE',  ( 5.940892779350024355, 3.850000000000008527, 9.365590064580624485 ) ) ;
#1613 = EDGE_LOOP ( 'NONE', ( #5795, #3431, #5771, #420 ) ) ;
#1614 = EDGE_CURVE ( 'NONE', #7336, #7907, #6298, .T. ) ;
#1615 = CARTESIAN_POINT ( 'NONE',  ( 5.931349185249990441, 3.850000000000010303, 9.236151811974499637 ) ) ;
#1616 = CIRCLE ( 'NONE', #7398, 0.09999999999999939493 ) ;
#1617 = VERTEX_POINT ( 'NONE', #4101 ) ;
#1618 = CARTESIAN_POINT ( 'NONE',  ( 6.450000000000000178, 5.950000000000040146, 3.494824785299559977 ) ) ;
#1619 = CARTESIAN_POINT ( 'NONE',  ( 4.750000000000000000, 7.750000000000000000, 5.900000000000000355 ) ) ;
#1620 = EDGE_CURVE ( 'NONE', #3841, #2617, #3435, .T. ) ;
#1621 = EDGE_LOOP ( 'NONE', ( #2590, #4868 ) ) ;
#1622 = EDGE_CURVE ( 'NONE', #9624, #380, #5304, .T. ) ;
#1623 = VECTOR ( 'NONE', #7452, 1000.000000000000000 ) ;
#1624 = CARTESIAN_POINT ( 'NONE',  ( 10.00000000000000000, 6.733652732787760442, 9.738256522761860268 ) ) ;
#1625 = CIRCLE ( 'NONE', #1966, 1.649999999999999467 ) ;
#1626 = CIRCLE ( 'NONE', #7241, 0.5000000000000004441 ) ;
#1627 = DIRECTION ( 'NONE',  ( -6.323770134184271214E-17, -0.9848077530122081313, -0.1736481776669300259 ) ) ;
#1628 = MECHANICAL_DESIGN_GEOMETRIC_PRESENTATION_REPRESENTATION (  '', ( #8889 ), #2954 ) ;
#1629 = LINE ( 'NONE', #2305, #2779 ) ;
#1630 = CARTESIAN_POINT ( 'NONE',  ( -1.023102752391785719, 6.379062758812451328, 5.679065084668917684 ) ) ;
#1631 = DIRECTION ( 'NONE',  ( 4.231032868236119855E-16, 0.0000000000000000000, 1.000000000000000000 ) ) ;
#1632 = DIRECTION ( 'NONE',  ( -1.000000000000000000, 0.0000000000000000000, 0.0000000000000000000 ) ) ;
#1633 = ORIENTED_EDGE ( 'NONE', *, *, #3978, .F. ) ;
#1634 = AXIS2_PLACEMENT_3D ( 'NONE', #5158, #7603, #9925 ) ;
#1635 = VECTOR ( 'NONE', #3161, 1000.000000000000000 ) ;
#1636 = ADVANCED_FACE ( 'NONE', ( #5349 ), #673, .T. ) ;
#1637 = EDGE_LOOP ( 'NONE', ( #766, #3703 ) ) ;
#1638 = CARTESIAN_POINT ( 'NONE',  ( 1.449999999999999956, 6.370920840910899940, 3.569044486294639995 ) ) ;
#1639 = CYLINDRICAL_SURFACE ( 'NONE', #6909, 0.5999999999999998668 ) ;
#1640 = PRESENTATION_LAYER_ASSIGNMENT (  '', '', ( #4794 ) ) ;
#1641 = CIRCLE ( 'NONE', #2141, 0.5999999999999998668 ) ;
#1642 = VECTOR ( 'NONE', #1287, 1000.000000000000000 ) ;
#1643 = CARTESIAN_POINT ( 'NONE',  ( 10.30499999999999972, 1.726091832102840007, 6.200000000000001066 ) ) ;
#1644 = PLANE ( 'NONE',  #7955 ) ;
#1645 = ORIENTED_EDGE ( 'NONE', *, *, #14, .F. ) ;
#1646 = ORIENTED_EDGE ( 'NONE', *, *, #2123, .T. ) ;
#1647 = CARTESIAN_POINT ( 'NONE',  ( 4.750000000000000000, 7.750000000000000000, 0.4500000000000020095 ) ) ;
#1648 = DIRECTION ( 'NONE',  ( 0.0000000000000000000, -1.000000000000000000, 0.0000000000000000000 ) ) ;
#1649 = VERTEX_POINT ( 'NONE', #1361 ) ;
#1650 = AXIS2_PLACEMENT_3D ( 'NONE', #9113, #2056, #7485 ) ;
#1651 = AXIS2_PLACEMENT_3D ( 'NONE', #9385, #6363, #51 ) ;
#1652 = ORIENTED_EDGE ( 'NONE', *, *, #3482, .F. ) ;
#1653 = DIRECTION ( 'NONE',  ( 0.0000000000000000000, 0.0000000000000000000, 1.000000000000000000 ) ) ;
#1654 = EDGE_CURVE ( 'NONE', #8559, #1303, #7855, .T. ) ;
#1655 = AXIS2_PLACEMENT_3D ( 'NONE', #3520, #8461, #7597 ) ;
#1656 = DIRECTION ( 'NONE',  ( 6.323770134184271214E-17, 0.9848077530122081313, 0.1736481776669300259 ) ) ;
#1657 = ORIENTED_EDGE ( 'NONE', *, *, #3700, .T. ) ;
#1658 = PLANE ( 'NONE',  #6415 ) ;
#1659 = AXIS2_PLACEMENT_3D ( 'NONE', #4215, #1653, #41 ) ;
#1660 = DIRECTION ( 'NONE',  ( -0.9284766908852591927, 0.3713906763541040545, 1.594703279778140325E-16 ) ) ;
#1661 = ADVANCED_FACE ( 'NONE', ( #5497 ), #772, .T. ) ;
#1662 = ORIENTED_EDGE ( 'NONE', *, *, #9657, .F. ) ;
#1663 = EDGE_LOOP ( 'NONE', ( #658, #9973, #9766, #5017 ) ) ;
#1664 = LINE ( 'NONE', #4111, #3648 ) ;
#1665 =( GEOMETRIC_REPRESENTATION_CONTEXT ( 3 ) GLOBAL_UNCERTAINTY_ASSIGNED_CONTEXT ( ( #8697 ) ) GLOBAL_UNIT_ASSIGNED_CONTEXT ( ( #8361, #5292, #512 ) ) REPRESENTATION_CONTEXT ( 'NONE', 'WORKASPACE' ) );
#1666 =( GEOMETRIC_REPRESENTATION_CONTEXT ( 3 ) GLOBAL_UNCERTAINTY_ASSIGNED_CONTEXT ( ( #1338 ) ) GLOBAL_UNIT_ASSIGNED_CONTEXT ( ( #4553, #3766, #2995 ) ) REPRESENTATION_CONTEXT ( 'NONE', 'WORKASPACE' ) );
#1667 = CARTESIAN_POINT ( 'NONE',  ( 1.143990033716241861, 4.650000000000010125, 9.500000000000010658 ) ) ;
#1668 = VERTEX_POINT ( 'NONE', #8426 ) ;
#1669 = LINE ( 'NONE', #3282, #6243 ) ;
#1670 = EDGE_CURVE ( 'NONE', #556, #6403, #2342, .T. ) ;
#1671 = ORIENTED_EDGE ( 'NONE', *, *, #9849, .T. ) ;
#1672 = CIRCLE ( 'NONE', #5477, 1.599999999999999867 ) ;
#1673 = CARTESIAN_POINT ( 'NONE',  ( 7.500000000000000000, 4.250000000000009770, 8.000000000000000000 ) ) ;
#1674 = FACE_OUTER_BOUND ( 'NONE', #8040, .T. ) ;
#1675 = DIRECTION ( 'NONE',  ( -1.000000000000000000, 0.0000000000000000000, 0.0000000000000000000 ) ) ;
#1676 = VERTEX_POINT ( 'NONE', #6984 ) ;
#1677 = AXIS2_PLACEMENT_3D ( 'NONE', #4874, #972, #150 ) ;
#1678 = CARTESIAN_POINT ( 'NONE',  ( 1.449999999999999956, 5.950000000000040146, 3.494824785299559977 ) ) ;
#1679 = EDGE_CURVE ( 'NONE', #10129, #703, #8518, .T. ) ;
#1680 = LINE ( 'NONE', #7201, #9656 ) ;
#1681 = ADVANCED_FACE ( 'NONE', ( #6064 ), #723, .F. ) ;
#1682 = EDGE_CURVE ( 'NONE', #265, #5708, #7696, .T. ) ;
#1683 =( NAMED_UNIT ( * ) PLANE_ANGLE_UNIT ( ) SI_UNIT ( $, .RADIAN. ) );
#1684 = ORIENTED_EDGE ( 'NONE', *, *, #6414, .T. ) ;
#1685 = CARTESIAN_POINT ( 'NONE',  ( 9.550000000000000711, 2.200000000000000178, 5.700000000000000178 ) ) ;
#1686 = ORIENTED_EDGE ( 'NONE', *, *, #8804, .F. ) ;
#1687 = CARTESIAN_POINT ( 'NONE',  ( -3.907389140044836839, 4.650000000000010125, 9.500000000000042633 ) ) ;
#1688 = CARTESIAN_POINT ( 'NONE',  ( 2.500000000000000000, 2.636732100714121341, 9.314249409997589879 ) ) ;
#1689 = CYLINDRICAL_SURFACE ( 'NONE', #1300, 0.5999999999999998668 ) ;
#1690 = ORIENTED_EDGE ( 'NONE', *, *, #1229, .T. ) ;
#1691 = CARTESIAN_POINT ( 'NONE',  ( 1.029529175872700097, 6.144996945065150484, 5.536040986461070013 ) ) ;
#1692 = AXIS2_PLACEMENT_3D ( 'NONE', #1785, #1631, #4801 ) ;
#1693 = CARTESIAN_POINT ( 'NONE',  ( 9.062892611435067636, 3.850000000000010303, 9.314249409999250773 ) ) ;
#1694 = DIRECTION ( 'NONE',  ( -1.000000000000000000, -5.580452358381269806E-16, 0.0000000000000000000 ) ) ;
#1695 = ORIENTED_EDGE ( 'NONE', *, *, #5576, .T. ) ;
#1696 = CONTEXT_DEPENDENT_SHAPE_REPRESENTATION ( #3126, #366 ) ;
#1697 = DIRECTION ( 'NONE',  ( 0.0000000000000000000, 1.000000000000000000, 0.0000000000000000000 ) ) ;
#1698 = CARTESIAN_POINT ( 'NONE',  ( 8.907431421379209624, 4.650000000000011902, 9.500000000000000000 ) ) ;
#1699 = VERTEX_POINT ( 'NONE', #1076 ) ;
#1700 = VECTOR ( 'NONE', #9811, 1000.000000000000000 ) ;
#1701 = DIRECTION ( 'NONE',  ( 0.0000000000000000000, -1.000000000000000000, 0.0000000000000000000 ) ) ;
#1702 = CARTESIAN_POINT ( 'NONE',  ( 1.449999999999999956, 3.592004494644689849, 2.875961234938980038 ) ) ;
#1703 = CARTESIAN_POINT ( 'NONE',  ( 2.500000000000000000, 2.650000000000010125, 8.000000000000010658 ) ) ;
#1704 = EDGE_LOOP ( 'NONE', ( #8056, #3179, #9625, #7347 ) ) ;
#1705 = DIRECTION ( 'NONE',  ( 0.0000000000000000000, 0.0000000000000000000, 1.000000000000000000 ) ) ;
#1706 = CARTESIAN_POINT ( 'NONE',  ( -0.5000000000000000000, 6.620978138265459556, 5.127902589497670860 ) ) ;
#1707 = VERTEX_POINT ( 'NONE', #6459 ) ;
#1708 = ORIENTED_EDGE ( 'NONE', *, *, #2372, .T. ) ;
#1709 = CARTESIAN_POINT ( 'NONE',  ( 10.00000000000000000, 7.450000000000000178, 6.500000000000000888 ) ) ;
#1710 = ORIENTED_EDGE ( 'NONE', *, *, #1205, .T. ) ;
#1711 = CARTESIAN_POINT ( 'NONE',  ( 5.817239423961069633, 6.093223782856449944, 5.414712191412339948 ) ) ;
#1712 =( NAMED_UNIT ( * ) PLANE_ANGLE_UNIT ( ) SI_UNIT ( $, .RADIAN. ) );
#1713 = VERTEX_POINT ( 'NONE', #8205 ) ;
#1714 = ORIENTED_EDGE ( 'NONE', *, *, #4519, .F. ) ;
#1715 = CARTESIAN_POINT ( 'NONE',  ( -5.000000000000000000, 0.9399999999999999467, 6.200000000000001066 ) ) ;
#1716 = ORIENTED_EDGE ( 'NONE', *, *, #7294, .T. ) ;
#1717 = DIRECTION ( 'NONE',  ( 0.0000000000000000000, 0.0000000000000000000, -1.000000000000000000 ) ) ;
#1718 = ORIENTED_EDGE ( 'NONE', *, *, #6679, .F. ) ;
#1719 = CARTESIAN_POINT ( 'NONE',  ( -2.500000000000000000, 5.949999999885354995, 8.100000000000010303 ) ) ;
#1720 = DIRECTION ( 'NONE',  ( -1.000000000000000000, 0.0000000000000000000, 5.152643988049929844E-16 ) ) ;
#1721 = ADVANCED_FACE ( 'NONE', ( #9794, #4216, #9581 ), #1867, .F. ) ;
#1722 = ORIENTED_EDGE ( 'NONE', *, *, #7416, .T. ) ;
#1723 = EDGE_CURVE ( 'NONE', #91, #2284, #7164, .T. ) ;
#1724 = DIRECTION ( 'NONE',  ( 0.0000000000000000000, 0.0000000000000000000, 1.000000000000000000 ) ) ;
#1725 = DIRECTION ( 'NONE',  ( 0.8660254037845415143, 0.4999999999998216982, 0.0000000000000000000 ) ) ;
#1726 = SURFACE_STYLE_FILL_AREA ( #116 ) ;
#1727 = SURFACE_STYLE_FILL_AREA ( #8135 ) ;
#1728 = CARTESIAN_POINT ( 'NONE',  ( 8.977386614090290706, 6.143310324244612097, 5.618805837179489338 ) ) ;
#1729 = ORIENTED_EDGE ( 'NONE', *, *, #7534, .F. ) ;
#1730 = LINE ( 'NONE', #1685, #10189 ) ;
#1731 = ORIENTED_EDGE ( 'NONE', *, *, #1682, .T. ) ;
#1732 = CARTESIAN_POINT ( 'NONE',  ( 2.500000000000000000, 4.250000000000031086, -3.850000000000000089 ) ) ;
#1733 = CARTESIAN_POINT ( 'NONE',  ( 8.550000000000000711, 6.700487189948059807, 3.990870176997169949 ) ) ;
#1734 = EDGE_CURVE ( 'NONE', #7706, #5893, #7388, .T. ) ;
#1735 = ADVANCED_FACE ( 'NONE', ( #2583 ), #5242, .T. ) ;
#1736 = VECTOR ( 'NONE', #9520, 1000.000000000000000 ) ;
#1737 = B_SPLINE_CURVE_WITH_KNOTS ( 'NONE', 3,
 ( #1826, #4880, #7137, #8776 ),
 .UNSPECIFIED., .F., .F.,
 ( 4, 4 ),
 ( 8.451202230061805337E-14, 0.0002372982933281809624 ),
 .UNSPECIFIED. ) ;
#1738 = DIRECTION ( 'NONE',  ( -1.000000000000000000, 0.0000000000000000000, 3.641714079092569968E-16 ) ) ;
#1739 = LINE ( 'NONE', #8033, #1793 ) ;
#1740 = LINE ( 'NONE', #3532, #113 ) ;
#1741 =( NAMED_UNIT ( * ) SI_UNIT ( $, .STERADIAN. ) SOLID_ANGLE_UNIT ( ) );
#1742 = DIRECTION ( 'NONE',  ( 0.0000000000000000000, -1.000000000000000000, 0.0000000000000000000 ) ) ;
#1743 = ORIENTED_EDGE ( 'NONE', *, *, #463, .F. ) ;
#1744 = EDGE_LOOP ( 'NONE', ( #4069, #7308, #136, #3385 ) ) ;
#1745 = DIRECTION ( 'NONE',  ( 1.000000000000000000, -1.224646799147353207E-16, 0.0000000000000000000 ) ) ;
#1746 = COLOUR_RGB ( '',0.2862745098039215508, 0.6431372549019607199, 0.8666666666666666963 ) ;
#1747 = DIRECTION ( 'NONE',  ( 0.0000000000000000000, 1.000000000000000000, 0.0000000000000000000 ) ) ;
#1748 = FILL_AREA_STYLE ('',( #9742 ) ) ;
#1749 = ORIENTED_EDGE ( 'NONE', *, *, #8337, .T. ) ;
#1750 = VERTEX_POINT ( 'NONE', #3379 ) ;
#1751 = EDGE_CURVE ( 'NONE', #2783, #57, #5071, .T. ) ;
#1752 = EDGE_LOOP ( 'NONE', ( #5476, #8206, #94, #2374 ) ) ;
#1753 = AXIS2_PLACEMENT_3D ( 'NONE', #7096, #1410, #9337 ) ;
#1754 = CARTESIAN_POINT ( 'NONE',  ( -0.9408927793500079240, 4.650000000000010125, 9.365590064580594287 ) ) ;
#1755 = SURFACE_SIDE_STYLE ('',( #8051 ) ) ;
#1756 = CARTESIAN_POINT ( 'NONE',  ( 2.500000000000000000, 4.250000000000000000, 10.00000000000000000 ) ) ;
#1757 = VERTEX_POINT ( 'NONE', #7448 ) ;
#1758 = CARTESIAN_POINT ( 'NONE',  ( 2.500000000000000000, 5.999999999999990230, 10.00000000000000711 ) ) ;
#1759 = DIRECTION ( 'NONE',  ( 0.0000000000000000000, 0.06975647374412512203, -0.9975640502598243087 ) ) ;
#1760 = B_SPLINE_CURVE_WITH_KNOTS ( 'NONE', 3,
 ( #495, #1191, #6135, #4402, #9072, #2013 ),
 .UNSPECIFIED., .F., .F.,
 ( 4, 2, 4 ),
 ( 2.168404344971008868E-18, 0.0001521198112224533459, 0.0003042396224449045233 ),
 .UNSPECIFIED. ) ;
#1761 = ORIENTED_EDGE ( 'NONE', *, *, #1604, .T. ) ;
#1762 = VECTOR ( 'NONE', #9297, 1000.000000000000000 ) ;
#1763 = ORIENTED_EDGE ( 'NONE', *, *, #8866, .F. ) ;
#1764 = CARTESIAN_POINT ( 'NONE',  ( -4.449999999999990408, 0.6224573519455459669, 6.200000000000001066 ) ) ;
#1765 = ORIENTED_EDGE ( 'NONE', *, *, #2820, .T. ) ;
#1766 = CARTESIAN_POINT ( 'NONE',  ( 10.00000000000000000, 6.733652732787760442, 9.738256522761860268 ) ) ;
#1767 = CARTESIAN_POINT ( 'NONE',  ( 7.500000000000000000, 4.250000000000009770, 8.000000000000000000 ) ) ;
#1768 = CARTESIAN_POINT ( 'NONE',  ( 3.976962475704029831, 6.379043491581979808, 5.701173905684820298 ) ) ;
#1769 = ORIENTED_EDGE ( 'NONE', *, *, #6198, .T. ) ;
#1770 = PRESENTATION_STYLE_ASSIGNMENT (( #5707 ) ) ;
#1771 = ORIENTED_EDGE ( 'NONE', *, *, #6957, .F. ) ;
#1772 = ORIENTED_EDGE ( 'NONE', *, *, #334, .T. ) ;
#1773 = CARTESIAN_POINT ( 'NONE',  ( -4.005765753731729717, 6.250000000000079936, 5.651381332702870353 ) ) ;
#1774 = AXIS2_PLACEMENT_3D ( 'NONE', #1544, #1431, #4709 ) ;
#1775 = CARTESIAN_POINT ( 'NONE',  ( -1.029528143919770100, 6.144996693392779541, 5.536046900691041550 ) ) ;
#1776 = ORIENTED_EDGE ( 'NONE', *, *, #3663, .F. ) ;
#1777 = PRESENTATION_LAYER_ASSIGNMENT (  '', '', ( #7047 ) ) ;
#1778 = DIRECTION ( 'NONE',  ( 0.0000000000000000000, 0.0000000000000000000, 1.000000000000000000 ) ) ;
#1779 = LINE ( 'NONE', #1047, #10166 ) ;
#1780 = CARTESIAN_POINT ( 'NONE',  ( 0.7936453975103899827, 6.087469678630560210, 5.606236746784579950 ) ) ;
#1781 = DIRECTION ( 'NONE',  ( 0.0000000000000000000, -1.000000000000000000, 0.0000000000000000000 ) ) ;
#1782 = ADVANCED_FACE ( 'NONE', ( #351 ), #5804, .T. ) ;
#1783 = AXIS2_PLACEMENT_3D ( 'NONE', #7766, #8683, #3923 ) ;
#1784 = DIRECTION ( 'NONE',  ( 0.0000000000000000000, -1.000000000000000000, -3.965082230804130614E-15 ) ) ;
#1785 = CARTESIAN_POINT ( 'NONE',  ( -4.549999999999999822, 2.200000000000000178, 0.6500000000000040190 ) ) ;
#1786 = SURFACE_STYLE_USAGE ( .BOTH. , #8850 ) ;
#1787 = EDGE_LOOP ( 'NONE', ( #1714, #676, #9089, #1943 ) ) ;
#1788 = VERTEX_POINT ( 'NONE', #6625 ) ;
#1789 = FACE_OUTER_BOUND ( 'NONE', #9725, .T. ) ;
#1790 = ADVANCED_FACE ( 'NONE', ( #4989 ), #9746, .T. ) ;
#1791 = CARTESIAN_POINT ( 'NONE',  ( -2.500000000000000000, 4.250000000000009770, 9.500000000000010658 ) ) ;
#1792 = CIRCLE ( 'NONE', #3119, 1.749999999999999778 ) ;
#1793 = VECTOR ( 'NONE', #3363, 1000.000000000000114 ) ;
#1794 = VECTOR ( 'NONE', #2392, 1000.000000000000000 ) ;
#1795 = CARTESIAN_POINT ( 'NONE',  ( -2.500000000000000000, 4.250000000000009770, 8.100000000000010303 ) ) ;
#1796 = DIRECTION ( 'NONE',  ( 0.0000000000000000000, -1.000000000000000000, 0.0000000000000000000 ) ) ;
#1797 = CARTESIAN_POINT ( 'NONE',  ( -1.091470100434433377, 6.803742317568937992, 5.258069125366942487 ) ) ;
#1798 = AXIS2_PLACEMENT_3D ( 'NONE', #4351, #2774, #6022 ) ;
#1799 = CARTESIAN_POINT ( 'NONE',  ( -0.9371073885649334745, 3.850000000000010303, 9.314249409999250773 ) ) ;
#1800 = EDGE_LOOP ( 'NONE', ( #6300, #7412, #237, #2541 ) ) ;
#1801 = VERTEX_POINT ( 'NONE', #8266 ) ;
#1802 = AXIS2_PLACEMENT_3D ( 'NONE', #9460, #2418, #4600 ) ;
#1803 = DIRECTION ( 'NONE',  ( 0.0000000000000000000, 1.000000000000000000, 0.0000000000000000000 ) ) ;
#1804 = STYLED_ITEM ( 'NONE', ( #3948 ), #2890 ) ;
#1805 = LINE ( 'NONE', #194, #406 ) ;
#1806 = ADVANCED_FACE ( 'NONE', ( #1965 ), #1197, .F. ) ;
#1807 = PLANE ( 'NONE',  #450 ) ;
#1808 = ORIENTED_EDGE ( 'NONE', *, *, #5548, .T. ) ;
#1809 = ORIENTED_EDGE ( 'NONE', *, *, #5646, .T. ) ;
#1810 = CONICAL_SURFACE ( 'NONE', #6258, 1.599999999999999867, 0.07130746470380971980 ) ;
#1811 = CARTESIAN_POINT ( 'NONE',  ( 5.250000000000000000, 7.750000000000000000, 5.023827888348679650E-15 ) ) ;
#1812 = AXIS2_PLACEMENT_3D ( 'NONE', #9404, #6997, #8538 ) ;
#1813 = PRESENTATION_STYLE_ASSIGNMENT (( #4100 ) ) ;
#1814 = DIRECTION ( 'NONE',  ( 0.0000000000000000000, 0.0000000000000000000, 1.000000000000000000 ) ) ;
#1815 = EDGE_CURVE ( 'NONE', #5281, #8708, #3588, .T. ) ;
#1816 = EDGE_CURVE ( 'NONE', #6717, #9333, #1244, .T. ) ;
#1817 = CARTESIAN_POINT ( 'NONE',  ( 6.450000000000000178, 3.592004494644689849, 2.875961234938969824 ) ) ;
#1818 = ORIENTED_EDGE ( 'NONE', *, *, #9392, .T. ) ;
#1819 = EDGE_CURVE ( 'NONE', #5280, #4185, #8217, .T. ) ;
#1820 = CARTESIAN_POINT ( 'NONE',  ( 4.804545454545499972, 7.886363636363641128, 0.3954545454545440042 ) ) ;
#1821 = CARTESIAN_POINT ( 'NONE',  ( -0.2500000000000000000, 7.750000000000000000, 0.4500000000000020095 ) ) ;
#1822 = AXIS2_PLACEMENT_3D ( 'NONE', #7292, #4777, #9640 ) ;
#1823 = MECHANICAL_DESIGN_GEOMETRIC_PRESENTATION_REPRESENTATION (  '', ( #6432 ), #3651 ) ;
#1824 = VERTEX_POINT ( 'NONE', #6809 ) ;
#1825 = ORIENTED_EDGE ( 'NONE', *, *, #4022, .T. ) ;
#1826 = CARTESIAN_POINT ( 'NONE',  ( 1.041844086465574026, 6.384612859889100989, 5.465433459372669667 ) ) ;
#1827 = ORIENTED_EDGE ( 'NONE', *, *, #5712, .T. ) ;
#1828 = VECTOR ( 'NONE', #3817, 1000.000000000000000 ) ;
#1829 = PLANE ( 'NONE',  #172 ) ;
#1830 = AXIS2_PLACEMENT_3D ( 'NONE', #8846, #8793, #5012 ) ;
#1831 = LINE ( 'NONE', #7350, #5823 ) ;
#1832 = DIRECTION ( 'NONE',  ( 0.0000000000000000000, -1.000000000000000000, 0.0000000000000000000 ) ) ;
#1833 = EDGE_LOOP ( 'NONE', ( #1038, #874, #249, #7332 ) ) ;
#1834 = CARTESIAN_POINT ( 'NONE',  ( 5.912962694865610658, 3.850000000000010303, 8.986637655680240755 ) ) ;
#1835 = ADVANCED_FACE ( 'NONE', ( #6862 ), #6093, .T. ) ;
#1836 = CARTESIAN_POINT ( 'NONE',  ( 6.450000000000000178, 6.900812423267500328, 3.990870176997169949 ) ) ;
#1837 = AXIS2_PLACEMENT_3D ( 'NONE', #9963, #271, #6594 ) ;
#1838 = SURFACE_STYLE_USAGE ( .BOTH. , #8902 ) ;
#1839 = VERTEX_POINT ( 'NONE', #1337 ) ;
#1840 = CARTESIAN_POINT ( 'NONE',  ( 3.996623964658529538, 6.250000000000089706, 5.516661212398780378 ) ) ;
#1841 = CARTESIAN_POINT ( 'NONE',  ( 1.449999999999999956, 6.900812423267500328, 3.990870176997180607 ) ) ;
#1842 = CARTESIAN_POINT ( 'NONE',  ( 0.0000000000000000000, 0.0000000000000000000, -2.576321994024960090E-15 ) ) ;
#1843 = FILL_AREA_STYLE_COLOUR ( '', #9024 ) ;
#1844 = VECTOR ( 'NONE', #6671, 1000.000000000000000 ) ;
#1845 = CARTESIAN_POINT ( 'NONE',  ( 6.124350997929269624, 6.820490948317419644, 5.141853884246489592 ) ) ;
#1846 = EDGE_LOOP ( 'NONE', ( #1671, #4062, #8964, #3598, #1592, #3552, #9629, #3500 ) ) ;
#1847 = DIRECTION ( 'NONE',  ( 0.0000000000000000000, 1.000000000000000000, 0.0000000000000000000 ) ) ;
#1848 = VERTEX_POINT ( 'NONE', #397 ) ;
#1849 = FACE_OUTER_BOUND ( 'NONE', #509, .T. ) ;
#1850 = DIRECTION ( 'NONE',  ( 0.0000000000000000000, 0.0000000000000000000, 1.000000000000000000 ) ) ;
#1851 = AXIS2_PLACEMENT_3D ( 'NONE', #2288, #4013, #5448 ) ;
#1852 = CARTESIAN_POINT ( 'NONE',  ( 1.449999999999999956, -1.462314593354880232, 2.800000000000019806 ) ) ;
#1853 = CARTESIAN_POINT ( 'NONE',  ( -2.500000000000000000, 2.836223840680269781, 9.500000000000010658 ) ) ;
#1854 = CARTESIAN_POINT ( 'NONE',  ( 0.7941216994211589553, 6.087585839000359655, 5.702638584486940054 ) ) ;
#1855 = B_SPLINE_CURVE_WITH_KNOTS ( 'NONE', 3,
 ( #2765, #9876, #3515, #2662, #5829, #8371 ),
 .UNSPECIFIED., .F., .F.,
 ( 4, 2, 4 ),
 ( 0.0000000000000000000, 0.4556032744928619760, 1.000000000000000000 ),
 .UNSPECIFIED. ) ;
#1856 = DIRECTION ( 'NONE',  ( 0.0000000000000000000, 0.0000000000000000000, -1.000000000000000000 ) ) ;
#1857 = FACE_OUTER_BOUND ( 'NONE', #6941, .T. ) ;
#1858 = VERTEX_POINT ( 'NONE', #4506 ) ;
#1859 = ORIENTED_EDGE ( 'NONE', *, *, #2441, .T. ) ;
#1860 = AXIS2_PLACEMENT_3D ( 'NONE', #9375, #4670, #6354 ) ;
#1861 = SURFACE_SIDE_STYLE ('',( #8925 ) ) ;
#1862 = B_SPLINE_CURVE_WITH_KNOTS ( 'NONE', 3,
 ( #9156, #9896, #3713, #1124, #5942, #7622 ),
 .UNSPECIFIED., .F., .F.,
 ( 4, 2, 4 ),
 ( 0.0000000000000000000, 0.5443967235633909718, 1.000000000000000000 ),
 .UNSPECIFIED. ) ;
#1863 = ORIENTED_EDGE ( 'NONE', *, *, #5965, .F. ) ;
#1864 = FACE_OUTER_BOUND ( 'NONE', #10091, .T. ) ;
#1865 = EDGE_CURVE ( 'NONE', #787, #3970, #9327, .T. ) ;
#1866 = CARTESIAN_POINT ( 'NONE',  ( -5.000000000000000000, 0.1499999999999999944, 6.700000000000000178 ) ) ;
#1867 = PLANE ( 'NONE',  #3096 ) ;
#1868 = CARTESIAN_POINT ( 'NONE',  ( 1.124350997929270068, 6.820490948317419644, 5.141853884246489592 ) ) ;
#1869 = ORIENTED_EDGE ( 'NONE', *, *, #2020, .F. ) ;
#1870 = CARTESIAN_POINT ( 'NONE',  ( 2.500000000000000000, 2.550000000114664545, 8.100000000000010303 ) ) ;
#1871 = LINE ( 'NONE', #8208, #6878 ) ;
#1872 = ORIENTED_EDGE ( 'NONE', *, *, #6960, .F. ) ;
#1873 = ORIENTED_EDGE ( 'NONE', *, *, #8017, .F. ) ;
#1874 = PLANE ( 'NONE',  #1991 ) ;
#1875 = EDGE_CURVE ( 'NONE', #7344, #5180, #7580, .T. ) ;
#1876 = ADVANCED_FACE ( 'NONE', ( #2844 ), #7631, .T. ) ;
#1877 = LINE ( 'NONE', #4268, #7248 ) ;
#1878 = B_SPLINE_CURVE_WITH_KNOTS ( 'NONE', 3,
 ( #2165, #5326, #4752, #851 ),
 .UNSPECIFIED., .F., .F.,
 ( 4, 4 ),
 ( 0.0000000000000000000, 0.0001440220723645887655 ),
 .UNSPECIFIED. ) ;
#1879 = AXIS2_PLACEMENT_3D ( 'NONE', #3012, #1354, #6931 ) ;
#1880 = CARTESIAN_POINT ( 'NONE',  ( 6.042213446764644225, 3.850000000000008971, 9.481490714224463545 ) ) ;
#1881 = LINE ( 'NONE', #8167, #6401 ) ;
#1882 = EDGE_LOOP ( 'NONE', ( #5270, #7394 ) ) ;
#1883 = DIRECTION ( 'NONE',  ( 0.0000000000000000000, 0.0000000000000000000, -1.000000000000000000 ) ) ;
#1884 = CARTESIAN_POINT ( 'NONE',  ( 4.068650814749700473, 4.650000000000010125, 9.236151811974439241 ) ) ;
#1885 = CARTESIAN_POINT ( 'NONE',  ( 2.500000000000000000, 4.250000000000031086, -3.850000000000000089 ) ) ;
#1886 = PRESENTATION_STYLE_ASSIGNMENT (( #6781 ) ) ;
#1887 = CARTESIAN_POINT ( 'NONE',  ( -1.022613385909710182, 6.143310324244612097, 5.618805837179500884 ) ) ;
#1888 = CARTESIAN_POINT ( 'NONE',  ( 7.500000000000000000, 4.250000000000000000, 10.00000000000000000 ) ) ;
#1889 = CARTESIAN_POINT ( 'NONE',  ( -2.500000000000000000, 6.000000000000000000, 8.000000000000000000 ) ) ;
#1890 = EDGE_CURVE ( 'NONE', #5708, #1848, #7536, .T. ) ;
#1891 = DIRECTION ( 'NONE',  ( 0.0000000000000000000, 0.0000000000000000000, 1.000000000000000000 ) ) ;
#1892 = SURFACE_SIDE_STYLE ('',( #1726 ) ) ;
#1893 = DIRECTION ( 'NONE',  ( 0.0000000000000000000, 0.9848077530122081313, 0.1736481776669300259 ) ) ;
#1894 = CARTESIAN_POINT ( 'NONE',  ( 9.198613071924839346, 6.089357680825980168, 5.509810034670159951 ) ) ;
#1895 = ORIENTED_EDGE ( 'NONE', *, *, #8600, .T. ) ;
#1896 = DIRECTION ( 'NONE',  ( 0.0000000000000000000, 0.0000000000000000000, 1.000000000000000000 ) ) ;
#1897 = ORIENTED_EDGE ( 'NONE', *, *, #10217, .T. ) ;
#1898 = CARTESIAN_POINT ( 'NONE',  ( 6.023102752130522042, 6.379062758813174305, 5.679065084668720509 ) ) ;
#1899 = DIRECTION ( 'NONE',  ( 0.0000000000000000000, 0.0000000000000000000, -1.000000000000000000 ) ) ;
#1900 = DIRECTION ( 'NONE',  ( 0.0000000000000000000, -0.9848077530122081313, -0.1736481776669300259 ) ) ;
#1901 = CYLINDRICAL_SURFACE ( 'NONE', #1359, 0.4999999999999995559 ) ;
#1902 = ORIENTED_EDGE ( 'NONE', *, *, #9358, .F. ) ;
#1903 = EDGE_LOOP ( 'NONE', ( #3707, #7585, #3065, #6194 ) ) ;
#1904 = DIRECTION ( 'NONE',  ( 1.000000000000000000, -1.224646799147353207E-16, 0.0000000000000000000 ) ) ;
#1905 = DIRECTION ( 'NONE',  ( 0.0000000000000000000, -1.000000000000000000, 0.0000000000000000000 ) ) ;
#1906 = CARTESIAN_POINT ( 'NONE',  ( 6.057217321801783960, 6.518892729351662751, 5.379133184779093746 ) ) ;
#1907 = EDGE_CURVE ( 'NONE', #6373, #4817, #546, .T. ) ;
#1908 = CARTESIAN_POINT ( 'NONE',  ( 10.00000000000000000, 0.9499999999999999556, 6.200000000000001066 ) ) ;
#1909 =( LENGTH_UNIT ( ) NAMED_UNIT ( * ) SI_UNIT ( .MILLI., .METRE. ) );
#1910 = CARTESIAN_POINT ( 'NONE',  ( 3.958155913534197712, 6.384612859888997960, 5.465433459372714964 ) ) ;
#1911 = EDGE_LOOP ( 'NONE', ( #7427, #103, #1091, #7737, #262, #3114 ) ) ;
#1912 = SURFACE_SIDE_STYLE ('',( #8207 ) ) ;
#1913 = ADVANCED_FACE ( 'NONE', ( #6763 ), #8400, .T. ) ;
#1914 = ORIENTED_EDGE ( 'NONE', *, *, #6634, .T. ) ;
#1915 = EDGE_CURVE ( 'NONE', #5722, #2273, #9124, .T. ) ;
#1916 = DIRECTION ( 'NONE',  ( 0.0000000000000000000, 0.0000000000000000000, 1.000000000000000000 ) ) ;
#1917 = CIRCLE ( 'NONE', #2080, 1.613267899285889984 ) ;
#1918 = CARTESIAN_POINT ( 'NONE',  ( 3.549999999999999822, -1.462314593354880232, 3.990870176997180607 ) ) ;
#1919 = CARTESIAN_POINT ( 'NONE',  ( 3.977355748483209386, 6.378927027922910220, 5.621778233683969894 ) ) ;
#1920 = EDGE_LOOP ( 'NONE', ( #8177, #4979 ) ) ;
#1921 = CARTESIAN_POINT ( 'NONE',  ( 9.062892611431221823, 4.650000000000010125, 9.314249409997579221 ) ) ;
#1922 = CARTESIAN_POINT ( 'NONE',  ( 7.500000000000000000, 2.650000000000010125, 8.099999999999999645 ) ) ;
#1924 = ADVANCED_FACE ( 'NONE', ( #3935 ), #9412, .F. ) ;
#1923 = ORIENTED_EDGE ( 'NONE', *, *, #3545, .T. ) ;
#1925 = EDGE_CURVE ( 'NONE', #9290, #905, #3941, .T. ) ;
#1926 = TOROIDAL_SURFACE ( 'NONE', #4910, 1.413776159319739989, 0.2000000000000000111 ) ;
#1927 = DIRECTION ( 'NONE',  ( 0.0000000000000000000, -1.000000000000000000, 0.0000000000000000000 ) ) ;
#1928 = ORIENTED_EDGE ( 'NONE', *, *, #4701, .F. ) ;
#1929 = VERTEX_POINT ( 'NONE', #3829 ) ;
#1930 = CARTESIAN_POINT ( 'NONE',  ( -1.449999999999999956, 3.592004494644689849, 2.875961234938980038 ) ) ;
#1931 = EDGE_CURVE ( 'NONE', #8088, #3315, #7005, .T. ) ;
#1932 = B_SPLINE_CURVE_WITH_KNOTS ( 'NONE', 3,
 ( #4810, #7165, #73, #3253, #6387, #9509 ),
 .UNSPECIFIED., .F., .F.,
 ( 4, 2, 4 ),
 ( 0.0000000000000000000, 0.5443967235616410383, 1.000000000000000000 ),
 .UNSPECIFIED. ) ;
#1933 = ORIENTED_EDGE ( 'NONE', *, *, #2889, .T. ) ;
#1934 = CIRCLE ( 'NONE', #5563, 1.413776159319739989 ) ;
#1935 = CARTESIAN_POINT ( 'NONE',  ( 9.059107220649993408, 4.650000000000011013, 9.365590064580585405 ) ) ;
#1936 = CARTESIAN_POINT ( 'NONE',  ( 0.4500000000000000666, 7.250000000000000000, 5.700000000000000178 ) ) ;
#1937 = DIRECTION ( 'NONE',  ( 0.0000000000000000000, 0.0000000000000000000, 1.000000000000000000 ) ) ;
#1938 = CARTESIAN_POINT ( 'NONE',  ( 10.00000000000000000, 1.550000000000000266, 6.200000000000001066 ) ) ;
#1939 = EDGE_CURVE ( 'NONE', #3626, #321, #10148, .T. ) ;
#1940 = EDGE_CURVE ( 'NONE', #6143, #7090, #9462, .T. ) ;
#1941 = VECTOR ( 'NONE', #3220, 1000.000000000000000 ) ;
#1942 = CARTESIAN_POINT ( 'NONE',  ( 4.059107220649992520, 4.650000000000011013, 9.365590064580585405 ) ) ;
#1943 = ORIENTED_EDGE ( 'NONE', *, *, #686, .T. ) ;
#1944 = EDGE_CURVE ( 'NONE', #2332, #3006, #10101, .T. ) ;
#1945 =( GEOMETRIC_REPRESENTATION_CONTEXT ( 3 ) GLOBAL_UNCERTAINTY_ASSIGNED_CONTEXT ( ( #7243 ) ) GLOBAL_UNIT_ASSIGNED_CONTEXT ( ( #2215, #5371, #9906 ) ) REPRESENTATION_CONTEXT ( 'NONE', 'WORKASPACE' ) );
#1946 = VERTEX_POINT ( 'NONE', #7829 ) ;
#1947 = SURFACE_STYLE_FILL_AREA ( #1175 ) ;
#1948 = CARTESIAN_POINT ( 'NONE',  ( -2.750000000000000000, 4.250000000000031086, -4.349999999999999645 ) ) ;
#1949 =( NAMED_UNIT ( * ) PLANE_ANGLE_UNIT ( ) SI_UNIT ( $, .RADIAN. ) );
#1950 = DIRECTION ( 'NONE',  ( -6.323770134184271214E-17, 0.9848077530122081313, 0.1736481776669300259 ) ) ;
#1951 = SHAPE_REPRESENTATION ( 'TB002-500-03P_Blue - S', ( #7559 ), #9042 ) ;
#1952 = CARTESIAN_POINT ( 'NONE',  ( 7.500000000000000000, 4.250000000000009770, 9.314249409997579221 ) ) ;
#1953 = CARTESIAN_POINT ( 'NONE',  ( -3.970978486871300284, 6.380815587897259888, 5.542350741529159741 ) ) ;
#1954 = ORIENTED_EDGE ( 'NONE', *, *, #2994, .F. ) ;
#1955 = ORIENTED_EDGE ( 'NONE', *, *, #6783, .F. ) ;
#1956 = PRESENTATION_STYLE_ASSIGNMENT (( #2886 ) ) ;
#1957 = PLANE ( 'NONE',  #5701 ) ;
#1958 = AXIS2_PLACEMENT_3D ( 'NONE', #870, #1660, #5645 ) ;
#1959 = DIRECTION ( 'NONE',  ( 0.0000000000000000000, 0.0000000000000000000, 1.000000000000000000 ) ) ;
#1960 = VECTOR ( 'NONE', #215, 1000.000000000000000 ) ;
#1961 = EDGE_CURVE ( 'NONE', #6307, #734, #2966, .T. ) ;
#1962 = AXIS2_PLACEMENT_3D ( 'NONE', #8520, #1449, #7756 ) ;
#1963 = AXIS2_PLACEMENT_3D ( 'NONE', #5121, #482, #9889 ) ;
#1964 = CARTESIAN_POINT ( 'NONE',  ( 4.500000000000000888, 6.370920840910899940, 3.569044486294639995 ) ) ;
#1965 = FACE_OUTER_BOUND ( 'NONE', #7345, .T. ) ;
#1966 = AXIS2_PLACEMENT_3D ( 'NONE', #9667, #68, #1847 ) ;
#1967 = AXIS2_PLACEMENT_3D ( 'NONE', #476, #8330, #8959 ) ;
#1968 = COLOUR_RGB ( '',0.2862745098039215508, 0.6431372549019607199, 0.8666666666666666963 ) ;
#1969 = SURFACE_STYLE_USAGE ( .BOTH. , #5277 ) ;
#1970 = ORIENTED_EDGE ( 'NONE', *, *, #5784, .F. ) ;
#1971 = DIRECTION ( 'NONE',  ( 0.0000000000000000000, -1.000000000000000000, 0.0000000000000000000 ) ) ;
#1972 = DIRECTION ( 'NONE',  ( 1.717547996016639994E-16, 0.0000000000000000000, 1.000000000000000000 ) ) ;
#1973 = VERTEX_POINT ( 'NONE', #9307 ) ;
#1974 = CARTESIAN_POINT ( 'NONE',  ( 6.075900883378422712, 6.782835288287570208, 5.313097438219570812 ) ) ;
#1975 = STYLED_ITEM ( 'NONE', ( #8447 ), #4585 ) ;
#1976 = AXIS2_PLACEMENT_3D ( 'NONE', #7519, #8331, #2148 ) ;
#1977 = EDGE_CURVE ( 'NONE', #5230, #10152, #1170, .T. ) ;
#1978 = ORIENTED_EDGE ( 'NONE', *, *, #7432, .F. ) ;
#1979 = CARTESIAN_POINT ( 'NONE',  ( 10.00000000000000000, 1.990236984239069917, 9.700000000000001066 ) ) ;
#1980 = CIRCLE ( 'NONE', #638, 1.413776159319739989 ) ;
#1981 = ORIENTED_EDGE ( 'NONE', *, *, #5897, .F. ) ;
#1982 = PRESENTATION_STYLE_ASSIGNMENT (( #5916 ) ) ;
#1983 = EDGE_CURVE ( 'NONE', #5753, #4508, #5420, .T. ) ;
#1984 = CARTESIAN_POINT ( 'NONE',  ( 2.500000000000000000, 4.250000000000031086, -3.850000000000000089 ) ) ;
#1985 = STYLED_ITEM ( 'NONE', ( #8480 ), #4849 ) ;
#1986 = CARTESIAN_POINT ( 'NONE',  ( 0.9129626948656101026, 3.850000000000010303, 8.986637655680240755 ) ) ;
#1987 = ORIENTED_EDGE ( 'NONE', *, *, #4374, .T. ) ;
#1988 = CARTESIAN_POINT ( 'NONE',  ( 10.30499999999999972, 1.726091832102840007, 6.200000000000001066 ) ) ;
#1989 = DIRECTION ( 'NONE',  ( 0.0000000000000000000, -1.000000000000000000, 0.0000000000000000000 ) ) ;
#1990 =( NAMED_UNIT ( * ) PLANE_ANGLE_UNIT ( ) SI_UNIT ( $, .RADIAN. ) );
#1991 = AXIS2_PLACEMENT_3D ( 'NONE', #8099, #1856, #5026 ) ;
#1992 = CIRCLE ( 'NONE', #1830, 1.400000000000000133 ) ;
#1993 = LINE ( 'NONE', #9140, #1426 ) ;
#1994 = DIRECTION ( 'NONE',  ( -3.614007241618348771E-16, 0.0000000000000000000, -1.000000000000000000 ) ) ;
#1995 = EDGE_CURVE ( 'NONE', #7274, #2438, #805, .T. ) ;
#1996 =( NAMED_UNIT ( * ) SI_UNIT ( $, .STERADIAN. ) SOLID_ANGLE_UNIT ( ) );
#1997 = CIRCLE ( 'NONE', #6626, 1.749999999999999778 ) ;
#1998 = FACE_OUTER_BOUND ( 'NONE', #9500, .T. ) ;
#1999 = CARTESIAN_POINT ( 'NONE',  ( 5.965707655754258987, 4.650000000000010125, 9.413932751394359144 ) ) ;
#2000 = ORIENTED_EDGE ( 'NONE', *, *, #4223, .T. ) ;
#2001 = AXIS2_PLACEMENT_3D ( 'NONE', #6771, #4330, #1207 ) ;
#2002 = DIRECTION ( 'NONE',  ( 0.0000000000000000000, 0.0000000000000000000, 1.000000000000000000 ) ) ;
#2003 = ADVANCED_FACE ( 'NONE', ( #7778 ), #3289, .T. ) ;
#2004 = EDGE_CURVE ( 'NONE', #446, #4711, #7728, .T. ) ;
#2005 = STYLED_ITEM ( 'NONE', ( #1813 ), #5714 ) ;
#2006 = DIRECTION ( 'NONE',  ( 0.0000000000000000000, -1.000000000000000000, 0.0000000000000000000 ) ) ;
#2007 = SURFACE_STYLE_USAGE ( .BOTH. , #2723 ) ;
#2008 = FACE_OUTER_BOUND ( 'NONE', #462, .T. ) ;
#2009 = CARTESIAN_POINT ( 'NONE',  ( -1.005392207637532120, 6.250000000000363265, 5.499015461809753091 ) ) ;
#2010 = ORIENTED_EDGE ( 'NONE', *, *, #6545, .F. ) ;
#2011 = CYLINDRICAL_SURFACE ( 'NONE', #9944, 0.2999999999999999334 ) ;
#2012 = CARTESIAN_POINT ( 'NONE',  ( -2.500000000000000000, 5.950000000000040146, 4.150000000000000355 ) ) ;
#2013 = CARTESIAN_POINT ( 'NONE',  ( -4.062892611431373702, 3.850000000000009415, 9.314249409997648499 ) ) ;
#2014 = COLOUR_RGB ( '',0.2862745098039215508, 0.6431372549019607199, 0.8666666666666666963 ) ;
#2015 = CARTESIAN_POINT ( 'NONE',  ( 4.006245792511189840, 6.250000000000031086, 5.665502260967810066 ) ) ;
#2016 = EDGE_LOOP ( 'NONE', ( #7832, #784, #882, #8602, #3388, #7763 ) ) ;
#2017 = DIRECTION ( 'NONE',  ( 0.0000000000000000000, 0.3713906763541028888, -0.9284766908852596368 ) ) ;
#2018 = CARTESIAN_POINT ( 'NONE',  ( 1.024296180806220091, 6.556746841721315278, 5.606750848150027444 ) ) ;
#2019 = AXIS2_PLACEMENT_3D ( 'NONE', #4515, #9132, #3601 ) ;
#2020 = EDGE_CURVE ( 'NONE', #5981, #8559, #8678, .T. ) ;
#2021 = PRODUCT_RELATED_PRODUCT_CATEGORY ( 'part', '', ( #2377 ) ) ;
#2022 =( NAMED_UNIT ( * ) SI_UNIT ( $, .STERADIAN. ) SOLID_ANGLE_UNIT ( ) );
#2023 = ORIENTED_EDGE ( 'NONE', *, *, #7847, .F. ) ;
#2024 = CARTESIAN_POINT ( 'NONE',  ( 7.500000000000000000, 4.250000000000009770, 9.300000000000000711 ) ) ;
#2025 = CARTESIAN_POINT ( 'NONE',  ( 1.008157734995720034, 6.591285235931310993, 5.552530875971450008 ) ) ;
#2026 = ORIENTED_EDGE ( 'NONE', *, *, #92, .T. ) ;
#2027 = VERTEX_POINT ( 'NONE', #2421 ) ;
#2028 = EDGE_CURVE ( 'NONE', #9956, #943, #7118, .T. ) ;
#2029 = EDGE_LOOP ( 'NONE', ( #6570, #2501, #5351, #1897 ) ) ;
#2030 = CARTESIAN_POINT ( 'NONE',  ( 3.976625426533419105, 6.471519187295015740, 5.653980163196915321 ) ) ;
#2031 = EDGE_LOOP ( 'NONE', ( #9336, #4708, #5856, #9820, #5768, #9643 ) ) ;
#2032 = FILL_AREA_STYLE_COLOUR ( '', #7618 ) ;
#2033 = DIRECTION ( 'NONE',  ( 1.000000000000000000, 0.0000000000000000000, 0.0000000000000000000 ) ) ;
#2034 = AXIS2_PLACEMENT_3D ( 'NONE', #3755, #9255, #4646 ) ;
#2035 = CARTESIAN_POINT ( 'NONE',  ( 3.553947254147849844, 6.900000000000019895, 4.004821471746000228 ) ) ;
#2036 = VERTEX_POINT ( 'NONE', #9570 ) ;
#2037 =( NAMED_UNIT ( * ) SI_UNIT ( $, .STERADIAN. ) SOLID_ANGLE_UNIT ( ) );
#2038 = DIRECTION ( 'NONE',  ( -1.000000000000000000, 0.0000000000000000000, 3.641714079092569968E-16 ) ) ;
#2039 = FACE_OUTER_BOUND ( 'NONE', #7251, .T. ) ;
#2040 = AXIS2_PLACEMENT_3D ( 'NONE', #9044, #7600, #2862 ) ;
#2041 = ORIENTED_EDGE ( 'NONE', *, *, #8777, .F. ) ;
#2042 = DIRECTION ( 'NONE',  ( 0.0000000000000000000, -1.000000000000000000, 0.0000000000000000000 ) ) ;
#2043 = FILL_AREA_STYLE_COLOUR ( '', #6216 ) ;
#2044 = PLANE ( 'NONE',  #1192 ) ;
#2045 = FACE_OUTER_BOUND ( 'NONE', #3192, .T. ) ;
#2046 = EDGE_LOOP ( 'NONE', ( #3774, #5038, #10067, #9609 ) ) ;
#2047 = DIRECTION ( 'NONE',  ( 4.231032868236119855E-16, 0.0000000000000000000, 1.000000000000000000 ) ) ;
#2048 = ORIENTED_EDGE ( 'NONE', *, *, #4404, .F. ) ;
#2049 =( NAMED_UNIT ( * ) PLANE_ANGLE_UNIT ( ) SI_UNIT ( $, .RADIAN. ) );
#2050 = LINE ( 'NONE', #333, #2072 ) ;
#2051 = CARTESIAN_POINT ( 'NONE',  ( 7.500000000000000000, 4.250000000000031086, 0.0000000000000000000 ) ) ;
#2052 = ORIENTED_EDGE ( 'NONE', *, *, #9864, .T. ) ;
#2053 = EDGE_CURVE ( 'NONE', #2070, #8053, #8004, .T. ) ;
#2054 = CARTESIAN_POINT ( 'NONE',  ( 2.500000000000000000, 4.250000000000009770, 9.300000000000009592 ) ) ;
#2055 = DIRECTION ( 'NONE',  ( -4.311199699514559827E-15, 1.000000000000000000, 0.0000000000000000000 ) ) ;
#2056 = DIRECTION ( 'NONE',  ( 0.0000000000000000000, 0.0000000000000000000, -1.000000000000000000 ) ) ;
#2057 = UNCERTAINTY_MEASURE_WITH_UNIT (LENGTH_MEASURE( 1.000000000000000082E-05 ), #7936, 'distance_accuracy_value', 'NONE');
#2058 =( NAMED_UNIT ( * ) PLANE_ANGLE_UNIT ( ) SI_UNIT ( $, .RADIAN. ) );
#2059 = ORIENTED_EDGE ( 'NONE', *, *, #3219, .F. ) ;
#2060 = ADVANCED_FACE ( 'NONE', ( #6549 ), #2569, .T. ) ;
#2061 = CARTESIAN_POINT ( 'NONE',  ( 4.006141391221530235, 6.250000000000031086, 5.699344090454331990 ) ) ;
#2062 = EDGE_CURVE ( 'NONE', #342, #5374, #979, .T. ) ;
#2063 = DIRECTION ( 'NONE',  ( 0.0000000000000000000, 1.000000000000000000, 0.0000000000000000000 ) ) ;
#2064 = LINE ( 'NONE', #9901, #8691 ) ;
#2065 = PRESENTATION_STYLE_ASSIGNMENT (( #1242 ) ) ;
#2066 = LINE ( 'NONE', #5082, #8423 ) ;
#2067 = CARTESIAN_POINT ( 'NONE',  ( 6.043633278484560556, 6.148436649458580483, 5.454695900211610216 ) ) ;
#2068 = ORIENTED_EDGE ( 'NONE', *, *, #6035, .T. ) ;
#2069 = DIRECTION ( 'NONE',  ( 0.0000000000000000000, -1.000000000000000000, 0.0000000000000000000 ) ) ;
#2070 = VERTEX_POINT ( 'NONE', #1012 ) ;
#2071 = ORIENTED_EDGE ( 'NONE', *, *, #395, .F. ) ;
#2072 = VECTOR ( 'NONE', #5210, 1000.000000000000114 ) ;
#2073 = CARTESIAN_POINT ( 'NONE',  ( 3.924099116621577288, 6.782835288287570208, 5.313097438219570812 ) ) ;
#2074 = ORIENTED_EDGE ( 'NONE', *, *, #5728, .T. ) ;
#2075 = DIRECTION ( 'NONE',  ( 3.928415396526638614E-16, 0.3713906763541028888, 0.9284766908852596368 ) ) ;
#2076 = PLANE ( 'NONE',  #4329 ) ;
#2077 = CARTESIAN_POINT ( 'NONE',  ( -1.143990033716241639, 3.850000000000010303, 9.500000000000010658 ) ) ;
#2078 = DIRECTION ( 'NONE',  ( 0.0000000000000000000, 0.0000000000000000000, -1.000000000000000000 ) ) ;
#2079 = DIRECTION ( 'NONE',  ( -1.000000000000000000, 0.0000000000000000000, 0.0000000000000000000 ) ) ;
#2080 = AXIS2_PLACEMENT_3D ( 'NONE', #4479, #9091, #2081 ) ;
#2081 = DIRECTION ( 'NONE',  ( 0.0000000000000000000, -1.000000000000000000, 0.0000000000000000000 ) ) ;
#2082 = CARTESIAN_POINT ( 'NONE',  ( -1.450854950674020039, 6.700698492242080029, 3.987848413411089865 ) ) ;
#2083 = PRESENTATION_STYLE_ASSIGNMENT (( #9048 ) ) ;
#2084 = CARTESIAN_POINT ( 'NONE',  ( 5.912962694865610658, 4.650000000000010125, 8.986637655680240755 ) ) ;
#2085 = FACE_OUTER_BOUND ( 'NONE', #8, .T. ) ;
#2086 = SURFACE_STYLE_USAGE ( .BOTH. , #8428 ) ;
#2087 = ADVANCED_FACE ( 'NONE', ( #9784 ), #5791, .T. ) ;
#2088 = CARTESIAN_POINT ( 'NONE',  ( -5.000000000000000000, 0.9399999999999999467, 6.200000000000001066 ) ) ;
#2089 = DIRECTION ( 'NONE',  ( -5.152643988049934774E-16, 0.0000000000000000000, -1.000000000000000000 ) ) ;
#2090 = ORIENTED_EDGE ( 'NONE', *, *, #9398, .T. ) ;
#2091 = DIRECTION ( 'NONE',  ( 4.231032868236119855E-16, 0.0000000000000000000, 1.000000000000000000 ) ) ;
#2092 = CARTESIAN_POINT ( 'NONE',  ( -5.000000000000000000, 1.990236984239069917, 9.999999999999989342 ) ) ;
#2093 = ORIENTED_EDGE ( 'NONE', *, *, #2760, .T. ) ;
#2094 = AXIS2_PLACEMENT_3D ( 'NONE', #1168, #6736, #6834 ) ;
#2095 = EDGE_CURVE ( 'NONE', #4711, #9960, #8035, .T. ) ;
#2096 = CARTESIAN_POINT ( 'NONE',  ( 8.976897247608212282, 6.379062758812451328, 5.679065084668919461 ) ) ;
#2097 = FILL_AREA_STYLE_COLOUR ( '', #9159 ) ;
#2098 = CARTESIAN_POINT ( 'NONE',  ( 2.500000000000000000, 5.949999999885354995, 8.100000000000010303 ) ) ;
#2099 = VECTOR ( 'NONE', #3635, 1000.000000000000000 ) ;
#2100 = FACE_OUTER_BOUND ( 'NONE', #3536, .T. ) ;
#2101 = PLANE ( 'NONE',  #5181 ) ;
#2102 = ADVANCED_FACE ( 'NONE', ( #953 ), #5389, .T. ) ;
#2103 = ORIENTED_EDGE ( 'NONE', *, *, #839, .T. ) ;
#2104 = DIRECTION ( 'NONE',  ( 0.0000000000000000000, -1.000000000000000000, 0.0000000000000000000 ) ) ;
#2105 = CARTESIAN_POINT ( 'NONE',  ( 2.500000000000000000, 4.250000000000031086, -4.349999999999999645 ) ) ;
#2106 = DIRECTION ( 'NONE',  ( 1.000000000000000000, 2.232180943352509796E-16, 0.0000000000000000000 ) ) ;
#2107 =( NAMED_UNIT ( * ) PLANE_ANGLE_UNIT ( ) SI_UNIT ( $, .RADIAN. ) );
#2108 = PRODUCT_DEFINITION_CONTEXT ( 'detailed design', #458, 'design' ) ;
#2109 = DIRECTION ( 'NONE',  ( 1.000000000000000000, 0.0000000000000000000, 0.0000000000000000000 ) ) ;
#2110 = CARTESIAN_POINT ( 'NONE',  ( 9.199999999999999289, 3.850000000000010303, 8.800000000000000711 ) ) ;
#2111 = MECHANICAL_DESIGN_GEOMETRIC_PRESENTATION_REPRESENTATION (  '', ( #3768 ), #3281 ) ;
#2112 = FACE_OUTER_BOUND ( 'NONE', #8894, .T. ) ;
#2113 = EDGE_CURVE ( 'NONE', #3154, #4017, #1740, .T. ) ;
#2114 = VERTEX_POINT ( 'NONE', #4909 ) ;
#2115 = VERTEX_POINT ( 'NONE', #7272 ) ;
#2116 = VECTOR ( 'NONE', #4257, 1000.000000000000000 ) ;
#2117 = VECTOR ( 'NONE', #4419, 1000.000000000000000 ) ;
#2118 = ORIENTED_EDGE ( 'NONE', *, *, #4327, .F. ) ;
#2119 = VERTEX_POINT ( 'NONE', #1062 ) ;
#2120 = CIRCLE ( 'NONE', #2281, 0.2999999999999999334 ) ;
#2121 = PRESENTATION_LAYER_ASSIGNMENT (  '', '', ( #372 ) ) ;
#2122 = STYLED_ITEM ( 'NONE', ( #1051 ), #4408 ) ;
#2123 = EDGE_CURVE ( 'NONE', #571, #4677, #3441, .T. ) ;
#2124 = VECTOR ( 'NONE', #7246, 1000.000000000000000 ) ;
#2125 = VERTEX_POINT ( 'NONE', #188 ) ;
#2126 = EDGE_CURVE ( 'NONE', #3970, #5619, #5665, .T. ) ;
#2127 = CARTESIAN_POINT ( 'NONE',  ( 7.500000000000000000, 5.949999999885354995, 8.099999999999999645 ) ) ;
#2128 = ORIENTED_EDGE ( 'NONE', *, *, #5875, .F. ) ;
#2129 = DIRECTION ( 'NONE',  ( 0.0000000000000000000, 0.0000000000000000000, 1.000000000000000000 ) ) ;
#2130 = FACE_BOUND ( 'NONE', #9619, .T. ) ;
#2131 = AXIS2_PLACEMENT_3D ( 'NONE', #2551, #8790, #4842 ) ;
#2132 = DIRECTION ( 'NONE',  ( 0.0000000000000000000, 0.0000000000000000000, -1.000000000000000000 ) ) ;
#2133 =( BOUNDED_SURFACE ( )  B_SPLINE_SURFACE ( 3, 2, ( 
 ( #398, #8309, #4322 ),
 ( #2797, #4407, #3546 ),
 ( #7538, #7581, #3638 ),
 ( #8352, #2067, #9796 ) ),
 .UNSPECIFIED., .F., .F., .F. ) 
 B_SPLINE_SURFACE_WITH_KNOTS ( ( 4, 4 ),
 ( 3, 3 ),
 ( 0.0000000000000000000, 1.000000000000000000 ),
 ( 0.0000000000000000000, 1.000000000000000000 ),
 .UNSPECIFIED. ) 
 GEOMETRIC_REPRESENTATION_ITEM ( )  RATIONAL_B_SPLINE_SURFACE ( (
 ( 1.000000000000000000, 0.7864262337499590139, 1.000000000000000000),
 ( 1.000000000000000000, 0.7864474701795289846, 1.000000000000000000),
 ( 1.000000000000000000, 0.7861046529251329851, 1.000000000000000000),
 ( 1.000000000000000000, 0.7854013110680500009, 1.000000000000000000) ) ) 
 REPRESENTATION_ITEM ( '' )  SURFACE ( )  );
#2134 = AXIS2_PLACEMENT_3D ( 'NONE', #1918, #3763, #2700 ) ;
#2135 = SURFACE_STYLE_USAGE ( .BOTH. , #9381 ) ;
#2136 = TOROIDAL_SURFACE ( 'NONE', #10028, 1.413776159319739989, 0.2000000000000000111 ) ;
#2137 =( NAMED_UNIT ( * ) SI_UNIT ( $, .STERADIAN. ) SOLID_ANGLE_UNIT ( ) );
#2138 = VERTEX_POINT ( 'NONE', #4865 ) ;
#2139 =( GEOMETRIC_REPRESENTATION_CONTEXT ( 3 ) GLOBAL_UNCERTAINTY_ASSIGNED_CONTEXT ( ( #490 ) ) GLOBAL_UNIT_ASSIGNED_CONTEXT ( ( #7705, #10034, #3199 ) ) REPRESENTATION_CONTEXT ( 'NONE', 'WORKASPACE' ) );
#2140 = CYLINDRICAL_SURFACE ( 'NONE', #489, 0.5999999999999998668 ) ;
#2141 = AXIS2_PLACEMENT_3D ( 'NONE', #1120, #7482, #4907 ) ;
#2142 = UNCERTAINTY_MEASURE_WITH_UNIT (LENGTH_MEASURE( 1.000000000000000082E-05 ), #9948, 'distance_accuracy_value', 'NONE');
#2143 = DIRECTION ( 'NONE',  ( -1.717547996016639994E-16, 0.0000000000000000000, -1.000000000000000000 ) ) ;
#2144 = VECTOR ( 'NONE', #7860, 1000.000000000000000 ) ;
#2145 = DIRECTION ( 'NONE',  ( 0.0000000000000000000, 1.000000000000000000, 0.0000000000000000000 ) ) ;
#2146 = CARTESIAN_POINT ( 'NONE',  ( -3.697532609506500201, 6.864512672020650186, 4.512313905521390112 ) ) ;
#2147 = EDGE_CURVE ( 'NONE', #4892, #9588, #3516, .T. ) ;
#2148 = DIRECTION ( 'NONE',  ( 0.0000000000000000000, -0.06975647374412512203, 0.9975640502598243087 ) ) ;
#2149 = ORIENTED_EDGE ( 'NONE', *, *, #9880, .T. ) ;
#2150 = DIRECTION ( 'NONE',  ( 0.0000000000000000000, -1.000000000000000000, 0.0000000000000000000 ) ) ;
#2151 = DIRECTION ( 'NONE',  ( -1.000000000000000000, 0.0000000000000000000, 0.0000000000000000000 ) ) ;
#2152 = AXIS2_PLACEMENT_3D ( 'NONE', #9965, #3657, #4480 ) ;
#2153 = CYLINDRICAL_SURFACE ( 'NONE', #788, 0.5999999999999998668 ) ;
#2154 = TOROIDAL_SURFACE ( 'NONE', #2978, 1.413776159319739989, 0.2000000000000000111 ) ;
#2155 = ORIENTED_EDGE ( 'NONE', *, *, #2380, .F. ) ;
#2156 = EDGE_CURVE ( 'NONE', #8076, #1929, #6503, .T. ) ;
#2157 = DIRECTION ( 'NONE',  ( -1.000000000000000000, 0.0000000000000000000, 0.0000000000000000000 ) ) ;
#2158 = DIRECTION ( 'NONE',  ( 0.0000000000000000000, 1.000000000000000000, 0.0000000000000000000 ) ) ;
#2159 = DIRECTION ( 'NONE',  ( 0.0000000000000000000, 0.0000000000000000000, -1.000000000000000000 ) ) ;
#2160 =( GEOMETRIC_REPRESENTATION_CONTEXT ( 3 ) GLOBAL_UNCERTAINTY_ASSIGNED_CONTEXT ( ( #4975 ) ) GLOBAL_UNIT_ASSIGNED_CONTEXT ( ( #5338, #4561, #10066 ) ) REPRESENTATION_CONTEXT ( 'NONE', 'WORKASPACE' ) );
#2161 = CARTESIAN_POINT ( 'NONE',  ( 5.450000000000009948, 7.750000000000000000, 5.900000000000000355 ) ) ;
#2162 = CARTESIAN_POINT ( 'NONE',  ( 1.075900883378420048, -1.462314593354880232, 5.313097438219569923 ) ) ;
#2163 = ORIENTED_EDGE ( 'NONE', *, *, #9881, .F. ) ;
#2164 = CARTESIAN_POINT ( 'NONE',  ( 8.924099116621579952, 6.560463200155851382, 5.313097438219569923 ) ) ;
#2165 = CARTESIAN_POINT ( 'NONE',  ( -3.994607792591831519, 6.250000000000031086, 5.499015461808847149 ) ) ;
#2166 = AXIS2_PLACEMENT_3D ( 'NONE', #8685, #5779, #7202 ) ;
#2167 = VECTOR ( 'NONE', #545, 1000.000000000000000 ) ;
#2168 = LINE ( 'NONE', #6678, #5774 ) ;
#2169 = FACE_BOUND ( 'NONE', #3226, .T. ) ;
#2170 = CARTESIAN_POINT ( 'NONE',  ( -1.449999999999999956, 5.950000000000040146, 2.800000000000019806 ) ) ;
#2171 = PRESENTATION_STYLE_ASSIGNMENT (( #8648 ) ) ;
#2172 = ORIENTED_EDGE ( 'NONE', *, *, #5533, .F. ) ;
#2173 = PRESENTATION_LAYER_ASSIGNMENT (  '', '', ( #348 ) ) ;
#2174 =( NAMED_UNIT ( * ) SI_UNIT ( $, .STERADIAN. ) SOLID_ANGLE_UNIT ( ) );
#2175 = EDGE_CURVE ( 'NONE', #8101, #728, #9825, .T. ) ;
#2176 = ORIENTED_EDGE ( 'NONE', *, *, #8252, .F. ) ;
#2177 = ORIENTED_EDGE ( 'NONE', *, *, #6155, .T. ) ;
#2178 = ADVANCED_FACE ( 'NONE', ( #9894 ), #5128, .F. ) ;
#2179 = VECTOR ( 'NONE', #3946, 1000.000000000000000 ) ;
#2180 = B_SPLINE_CURVE_WITH_KNOTS ( 'NONE', 3,
 ( #4420, #4474, #7598, #8992, #8362, #2077 ),
 .UNSPECIFIED., .F., .F.,
 ( 4, 2, 4 ),
 ( 4.719042235047125419E-16, 0.0001520665957078400619, 0.0003041331914152082248 ),
 .UNSPECIFIED. ) ;
#2181 = LINE ( 'NONE', #604, #5963 ) ;
#2182 = VERTEX_POINT ( 'NONE', #2780 ) ;
#2183 = SURFACE_SIDE_STYLE ('',( #6775 ) ) ;
#2184 = FACE_OUTER_BOUND ( 'NONE', #5289, .T. ) ;
#2185 = DIRECTION ( 'NONE',  ( 1.000000000000000000, 0.0000000000000000000, 0.0000000000000000000 ) ) ;
#2186 = EDGE_CURVE ( 'NONE', #3133, #2783, #7620, .T. ) ;
#2187 = SURFACE_STYLE_FILL_AREA ( #10117 ) ;
#2188 = EDGE_CURVE ( 'NONE', #5180, #9290, #3623, .T. ) ;
#2189 =( LENGTH_UNIT ( ) NAMED_UNIT ( * ) SI_UNIT ( .MILLI., .METRE. ) );
#2190 = DIRECTION ( 'NONE',  ( 0.0000000000000000000, 0.0000000000000000000, -1.000000000000000000 ) ) ;
#2191 = UNCERTAINTY_MEASURE_WITH_UNIT (LENGTH_MEASURE( 1.000000000000000082E-05 ), #7428, 'distance_accuracy_value', 'NONE');
#2192 = DIRECTION ( 'NONE',  ( 0.0000000000000000000, 0.0000000000000000000, -1.000000000000000000 ) ) ;
#2193 = STYLED_ITEM ( 'NONE', ( #7529 ), #10018 ) ;
#2194 = SURFACE_STYLE_FILL_AREA ( #618 ) ;
#2195 = DIRECTION ( 'NONE',  ( 0.0000000000000000000, 0.0000000000000000000, 1.000000000000000000 ) ) ;
#2196 = CARTESIAN_POINT ( 'NONE',  ( 5.994234246268270283, 6.250000000000079936, 5.651381332702859694 ) ) ;
#2197 = ORIENTED_EDGE ( 'NONE', *, *, #6142, .T. ) ;
#2198 = CARTESIAN_POINT ( 'NONE',  ( 8.550000000000000711, -1.462314593354880232, 3.990870176997169949 ) ) ;
#2199 = EDGE_CURVE ( 'NONE', #7916, #1839, #2436, .T. ) ;
#2200 = ORIENTED_EDGE ( 'NONE', *, *, #2371, .F. ) ;
#2201 =( GEOMETRIC_REPRESENTATION_CONTEXT ( 3 ) GLOBAL_UNCERTAINTY_ASSIGNED_CONTEXT ( ( #584 ) ) GLOBAL_UNIT_ASSIGNED_CONTEXT ( ( #6285, #7623, #4696 ) ) REPRESENTATION_CONTEXT ( 'NONE', 'WORKASPACE' ) );
#2202 = ORIENTED_EDGE ( 'NONE', *, *, #77, .T. ) ;
#2203 = CARTESIAN_POINT ( 'NONE',  ( 6.005392207408168481, 6.250000000000030198, 5.499015461808848038 ) ) ;
#2204 = CARTESIAN_POINT ( 'NONE',  ( -3.958155913534425530, 6.384612859889100100, 5.465433459372670555 ) ) ;
#2205 = CARTESIAN_POINT ( 'NONE',  ( -5.000000000000000000, 0.9399999999999999467, -5.152643988049929647E-15 ) ) ;
#2206 = CIRCLE ( 'NONE', #3211, 0.4000000000000001887 ) ;
#2207 = CARTESIAN_POINT ( 'NONE',  ( 4.074407072548740238, 4.650000000000010125, 9.158054070483681031 ) ) ;
#2208 = FACE_OUTER_BOUND ( 'NONE', #995, .T. ) ;
#2209 = VERTEX_POINT ( 'NONE', #536 ) ;
#2210 = DIRECTION ( 'NONE',  ( 0.0000000000000000000, 0.0000000000000000000, 1.000000000000000000 ) ) ;
#2211 = SURFACE_STYLE_FILL_AREA ( #4328 ) ;
#2212 = CARTESIAN_POINT ( 'NONE',  ( 2.810606060606080092, 15.40151515151520023, 8.960606060606059131 ) ) ;
#2213 = AXIS2_PLACEMENT_3D ( 'NONE', #5764, #2656, #5969 ) ;
#2214 = CARTESIAN_POINT ( 'NONE',  ( 1.041868568309954224, 4.650000000000009237, 9.481228347016088520 ) ) ;
#2215 =( LENGTH_UNIT ( ) NAMED_UNIT ( * ) SI_UNIT ( .MILLI., .METRE. ) );
#2216 = CARTESIAN_POINT ( 'NONE',  ( 2.500000000000000000, 4.250000000000000000, 10.00000000000000000 ) ) ;
#2217 = ORIENTED_EDGE ( 'NONE', *, *, #3266, .T. ) ;
#2218 = VERTEX_POINT ( 'NONE', #3712 ) ;
#2219 = CARTESIAN_POINT ( 'NONE',  ( 9.550000000000000711, 6.250000000000031086, 0.6500000000000289990 ) ) ;
#2220 = EDGE_CURVE ( 'NONE', #143, #6532, #6703, .T. ) ;
#2221 = ORIENTED_EDGE ( 'NONE', *, *, #6573, .T. ) ;
#2222 = EDGE_LOOP ( 'NONE', ( #1553, #8611, #4494, #1873 ) ) ;
#2223 = EDGE_CURVE ( 'NONE', #5584, #6247, #9066, .T. ) ;
#2224 = ORIENTED_EDGE ( 'NONE', *, *, #5534, .T. ) ;
#2225 = LINE ( 'NONE', #5381, #3191 ) ;
#2226 = EDGE_LOOP ( 'NONE', ( #6425, #391, #2654, #6935 ) ) ;
#2227 = DIRECTION ( 'NONE',  ( -1.000000000000000000, 0.0000000000000000000, 1.717547996016639994E-16 ) ) ;
#2228 = CYLINDRICAL_SURFACE ( 'NONE', #1655, 0.4000000000000001887 ) ;
#2229 = ADVANCED_FACE ( 'NONE', ( #2008 ), #9984, .T. ) ;
#2230 = DIRECTION ( 'NONE',  ( -5.152643988049929844E-16, 0.0000000000000000000, -1.000000000000000000 ) ) ;
#2231 = CARTESIAN_POINT ( 'NONE',  ( -2.500000000000000000, 4.250000000000000000, 9.999999999999989342 ) ) ;
#2232 = COLOUR_RGB ( '',0.2862745098039215508, 0.6431372549019607199, 0.8666666666666666963 ) ;
#2233 = ORIENTED_EDGE ( 'NONE', *, *, #2371, .T. ) ;
#2234 = LINE ( 'NONE', #8517, #6929 ) ;
#2235 = EDGE_CURVE ( 'NONE', #5502, #1432, #7525, .T. ) ;
#2236 = CARTESIAN_POINT ( 'NONE',  ( 4.074407072548710040, 3.850000000000010303, 9.158054070484210385 ) ) ;
#2237 = CARTESIAN_POINT ( 'NONE',  ( 0.4500000000000030087, 2.200000000000000178, 0.6500000000000040190 ) ) ;
#2238 = CARTESIAN_POINT ( 'NONE',  ( 6.005392207408168481, 6.250000000000030198, 5.499015461808848038 ) ) ;
#2239 = ADVANCED_FACE ( 'NONE', ( #7570 ), #8044, .T. ) ;
#2240 = VERTEX_POINT ( 'NONE', #8387 ) ;
#2241 = CARTESIAN_POINT ( 'NONE',  ( -2.500000000000000000, 5.850000000000009415, 8.000000000000010658 ) ) ;
#2242 = EDGE_LOOP ( 'NONE', ( #1869, #5308, #2975, #8606 ) ) ;
#2243 = VERTEX_POINT ( 'NONE', #2098 ) ;
#2244 = CARTESIAN_POINT ( 'NONE',  ( 9.006141391221529346, 6.250000000000030198, 5.699344090454331990 ) ) ;
#2245 = CARTESIAN_POINT ( 'NONE',  ( 10.00000000000000000, 0.9499999999999999556, 0.0000000000000000000 ) ) ;
#2246 = EDGE_CURVE ( 'NONE', #5377, #2869, #5301, .T. ) ;
#2247 = EDGE_CURVE ( 'NONE', #3673, #9787, #8684, .T. ) ;
#2248 = CARTESIAN_POINT ( 'NONE',  ( 8.958131431689386304, 3.850000000000009859, 9.481228347016346092 ) ) ;
#2249 = DIRECTION ( 'NONE',  ( 1.000000000000000000, 0.0000000000000000000, 0.0000000000000000000 ) ) ;
#2250 = CARTESIAN_POINT ( 'NONE',  ( 1.075900883378422712, 6.782835288287570208, 5.313097438219570812 ) ) ;
#2251 = VERTEX_POINT ( 'NONE', #10136 ) ;
#2252 = CARTESIAN_POINT ( 'NONE',  ( 4.549999999999999822, 2.200000000000000178, 5.700000000000000178 ) ) ;
#2253 = CIRCLE ( 'NONE', #9991, 0.2999999999999999334 ) ;
#2254 = FILL_AREA_STYLE_COLOUR ( '', #2232 ) ;
#2255 = LINE ( 'NONE', #24, #2456 ) ;
#2256 = CARTESIAN_POINT ( 'NONE',  ( -0.5000000000000000000, 5.950000000000040146, 3.494824785299559977 ) ) ;
#2257 = FACE_OUTER_BOUND ( 'NONE', #8725, .T. ) ;
#2258 = AXIS2_PLACEMENT_3D ( 'NONE', #4027, #7153, #3242 ) ;
#2259 = CARTESIAN_POINT ( 'NONE',  ( 1.143990033716241861, 4.650000000000010125, 9.500000000000000000 ) ) ;
#2260 = CARTESIAN_POINT ( 'NONE',  ( 7.500000000000000000, 4.250000000000031086, 0.0000000000000000000 ) ) ;
#2261 = DIRECTION ( 'NONE',  ( 0.0000000000000000000, 0.0000000000000000000, 1.000000000000000000 ) ) ;
#2262 = ORIENTED_EDGE ( 'NONE', *, *, #6352, .F. ) ;
#2263 = LINE ( 'NONE', #2219, #7045 ) ;
#2264 = EDGE_CURVE ( 'NONE', #8244, #4735, #1629, .T. ) ;
#2265 = VERTEX_POINT ( 'NONE', #2205 ) ;
#2266 = VECTOR ( 'NONE', #2159, 1000.000000000000000 ) ;
#2267 = ORIENTED_EDGE ( 'NONE', *, *, #3644, .F. ) ;
#2268 = CARTESIAN_POINT ( 'NONE',  ( 10.00000000000000000, 0.9499999999999999556, 6.200000000000001066 ) ) ;
#2269 = COLOUR_RGB ( '',0.2862745098039215508, 0.6431372549019607199, 0.8666666666666666963 ) ;
#2270 =( BOUNDED_CURVE ( )  B_SPLINE_CURVE ( 3, ( #9401, #1466, #1572, #18 ),
 .UNSPECIFIED., .F., .T. ) 
 B_SPLINE_CURVE_WITH_KNOTS ( ( 4, 4 ),
 ( 4.782202150464466506, 5.075476764891790005 ),
 .UNSPECIFIED. ) 
 CURVE ( )  GEOMETRIC_REPRESENTATION_ITEM ( )  RATIONAL_B_SPLINE_CURVE ( ( 1.000000000000000000, 0.9928453341064031878, 0.9928453341064031878, 1.000000000000000000 ) ) 
 REPRESENTATION_ITEM ( '' )  );
#2271 = EDGE_LOOP ( 'NONE', ( #8108, #2330, #7417, #8784 ) ) ;
#2272 = DIRECTION ( 'NONE',  ( 1.000000000000000000, 0.0000000000000000000, 0.0000000000000000000 ) ) ;
#2273 = VERTEX_POINT ( 'NONE', #10195 ) ;
#2274 = LINE ( 'NONE', #6312, #2796 ) ;
#2275 = CARTESIAN_POINT ( 'NONE',  ( 1.075900883378422712, 6.782835288287570208, 5.313097438219570812 ) ) ;
#2276 = LINE ( 'NONE', #2088, #3646 ) ;
#2277 = CARTESIAN_POINT ( 'NONE',  ( 3.958155913534195935, 6.384612859889001513, 5.465433459372714076 ) ) ;
#2278 = CARTESIAN_POINT ( 'NONE',  ( 0.4500000000000000666, 2.200000000000000178, 5.800000000000009592 ) ) ;
#2279 = VECTOR ( 'NONE', #4316, 1000.000000000000000 ) ;
#2280 = CARTESIAN_POINT ( 'NONE',  ( 7.500000000000000000, 4.250000000000009770, 9.500000000000000000 ) ) ;
#2281 = AXIS2_PLACEMENT_3D ( 'NONE', #2589, #1027, #355 ) ;
#2282 = AXIS2_PLACEMENT_3D ( 'NONE', #1811, #4987, #6560 ) ;
#2283 = AXIS2_PLACEMENT_3D ( 'NONE', #9542, #7351, #5653 ) ;
#2284 = VERTEX_POINT ( 'NONE', #3086 ) ;
#2285 = EDGE_CURVE ( 'NONE', #4773, #4501, #739, .T. ) ;
#2286 = FACE_OUTER_BOUND ( 'NONE', #9937, .T. ) ;
#2287 = CARTESIAN_POINT ( 'NONE',  ( -0.5000000000000000000, 6.700487189948059807, 3.990870176997180607 ) ) ;
#2288 = CARTESIAN_POINT ( 'NONE',  ( 15.00000000000000000, 0.6500000000000001332, 6.388051065821461094 ) ) ;
#2289 = CARTESIAN_POINT ( 'NONE',  ( 7.500000000000000000, 5.949999999885354995, 8.099999999999999645 ) ) ;
#2290 = AXIS2_PLACEMENT_3D ( 'NONE', #3704, #1272, #5249 ) ;
#2291 = VECTOR ( 'NONE', #234, 999.9999999999998863 ) ;
#2292 = LINE ( 'NONE', #5501, #3305 ) ;
#2293 = ORIENTED_EDGE ( 'NONE', *, *, #1939, .T. ) ;
#2294 = CARTESIAN_POINT ( 'NONE',  ( 8.550000000000000711, 5.950000000000040146, 3.494824785299559977 ) ) ;
#2295 = VERTEX_POINT ( 'NONE', #3815 ) ;
#2296 = CARTESIAN_POINT ( 'NONE',  ( -5.000000000000000000, 7.150000000000000355, 6.500000000000009770 ) ) ;
#2297 = FACE_OUTER_BOUND ( 'NONE', #121, .T. ) ;
#2298 = ORIENTED_EDGE ( 'NONE', *, *, #4860, .T. ) ;
#2299 = CIRCLE ( 'NONE', #3974, 0.5000000000000004441 ) ;
#2300 = VECTOR ( 'NONE', #4863, 1000.000000000000000 ) ;
#2301 = VECTOR ( 'NONE', #6225, 1000.000000000000000 ) ;
#2302 = ADVANCED_FACE ( 'NONE', ( #4028 ), #7702, .T. ) ;
#2303 = CARTESIAN_POINT ( 'NONE',  ( 2.500000000000000000, 4.250000000000009770, 9.500000000000010658 ) ) ;
#2304 = CARTESIAN_POINT ( 'NONE',  ( 10.00000000000000000, 7.450000000000000178, 6.200000000000001066 ) ) ;
#2305 = CARTESIAN_POINT ( 'NONE',  ( -2.750000000000000000, 4.250000000000031086, -4.349999999999999645 ) ) ;
#2306 = SURFACE_STYLE_FILL_AREA ( #3149 ) ;
#2307 = CARTESIAN_POINT ( 'NONE',  ( 0.4500000000000040079, 7.750000000000000000, 5.900000000000000355 ) ) ;
#2308 = DIRECTION ( 'NONE',  ( 0.0000000000000000000, 0.0000000000000000000, -1.000000000000000000 ) ) ;
#2309 = ORIENTED_EDGE ( 'NONE', *, *, #8732, .F. ) ;
#2310 = CYLINDRICAL_SURFACE ( 'NONE', #8878, 0.3999999999999993006 ) ;
#2311 = CARTESIAN_POINT ( 'NONE',  ( 10.00000000000000000, 0.6500000000000001332, 6.388051065821461094 ) ) ;
#2312 = CARTESIAN_POINT ( 'NONE',  ( -2.500000000000000000, 4.250000000000009770, 8.800000000000009592 ) ) ;
#2313 = ADVANCED_FACE ( 'NONE', ( #10087 ), #7046, .T. ) ;
#2314 = EDGE_CURVE ( 'NONE', #8575, #6083, #2937, .T. ) ;
#2315 = AXIS2_PLACEMENT_3D ( 'NONE', #583, #2984, #3754 ) ;
#2316 = VECTOR ( 'NONE', #1087, 1000.000000000000000 ) ;
#2317 =( NAMED_UNIT ( * ) SI_UNIT ( $, .STERADIAN. ) SOLID_ANGLE_UNIT ( ) );
#2318 = CARTESIAN_POINT ( 'NONE',  ( 1.057217321801785070, 6.518892729351658311, 5.379133184779098187 ) ) ;
#2319 = CARTESIAN_POINT ( 'NONE',  ( -2.500000000000000000, 2.500000000000000444, 9.999999999999982236 ) ) ;
#2320 = CARTESIAN_POINT ( 'NONE',  ( 8.875649002070730376, 6.820490948317419644, 5.141853884246479822 ) ) ;
#2321 = FACE_OUTER_BOUND ( 'NONE', #7794, .T. ) ;
#2322 = VERTEX_POINT ( 'NONE', #2406 ) ;
#2323 = ORIENTED_EDGE ( 'NONE', *, *, #6587, .F. ) ;
#2324 = DIRECTION ( 'NONE',  ( 1.000000000000000000, 0.0000000000000000000, 0.0000000000000000000 ) ) ;
#2325 = PRESENTATION_LAYER_ASSIGNMENT (  '', '', ( #3504 ) ) ;
#2326 = ORIENTED_EDGE ( 'NONE', *, *, #407, .T. ) ;
#2327 = ORIENTED_EDGE ( 'NONE', *, *, #2990, .F. ) ;
#2328 = EDGE_CURVE ( 'NONE', #5006, #1303, #8525, .T. ) ;
#2329 = DIRECTION ( 'NONE',  ( 0.0000000000000000000, -1.000000000000000000, 0.0000000000000000000 ) ) ;
#2330 = ORIENTED_EDGE ( 'NONE', *, *, #6399, .T. ) ;
#2331 = CARTESIAN_POINT ( 'NONE',  ( 0.7999999999999990452, 4.650000000000010125, 8.800000000000000711 ) ) ;
#2332 = VERTEX_POINT ( 'NONE', #687 ) ;
#2333 = SURFACE_STYLE_FILL_AREA ( #8508 ) ;
#2334 =( NAMED_UNIT ( * ) SI_UNIT ( $, .STERADIAN. ) SOLID_ANGLE_UNIT ( ) );
#2335 = LINE ( 'NONE', #8377, #966 ) ;
#2336 = PRESENTATION_STYLE_ASSIGNMENT (( #2135 ) ) ;
#2337 = VERTEX_POINT ( 'NONE', #5363 ) ;
#2338 = PRESENTATION_STYLE_ASSIGNMENT (( #10171 ) ) ;
#2339 = PLANE ( 'NONE',  #5288 ) ;
#2340 = STYLED_ITEM ( 'NONE', ( #1401 ), #6097 ) ;
#2341 = FACE_OUTER_BOUND ( 'NONE', #4762, .T. ) ;
#2342 = LINE ( 'NONE', #3800, #1593 ) ;
#2343 =( NAMED_UNIT ( * ) PLANE_ANGLE_UNIT ( ) SI_UNIT ( $, .RADIAN. ) );
#2344 = CARTESIAN_POINT ( 'NONE',  ( -2.500000000000000000, 5.950000000000040146, 2.750000000000000000 ) ) ;
#2345 = COLOUR_RGB ( '',0.2862745098039215508, 0.6431372549019607199, 0.8666666666666666963 ) ;
#2346 = EDGE_LOOP ( 'NONE', ( #7921, #3639, #7933, #9487, #3593, #1695, #10160 ) ) ;
#2347 = CARTESIAN_POINT ( 'NONE',  ( 2.500000000000000000, 5.850000000000009415, 8.099999999999999645 ) ) ;
#2348 = ORIENTED_EDGE ( 'NONE', *, *, #3467, .F. ) ;
#2349 = DIRECTION ( 'NONE',  ( 1.000000000000000000, 0.0000000000000000000, -5.152643988049929844E-16 ) ) ;
#2350 = EDGE_LOOP ( 'NONE', ( #10060, #4431, #6480 ) ) ;
#2351 = DIRECTION ( 'NONE',  ( -1.000000000000000000, 0.0000000000000000000, 0.0000000000000000000 ) ) ;
#2352 = CARTESIAN_POINT ( 'NONE',  ( 5.450000000000009948, 2.200000000000000178, 5.700000000000000178 ) ) ;
#2353 = VERTEX_POINT ( 'NONE', #6282 ) ;
#2354 = VECTOR ( 'NONE', #4706, 1000.000000000000000 ) ;
#2355 = DIRECTION ( 'NONE',  ( 0.0000000000000000000, 1.000000000000000000, 0.0000000000000000000 ) ) ;
#2356 = CARTESIAN_POINT ( 'NONE',  ( -3.969861671524697488, 6.381146321193634563, 5.536094731139331593 ) ) ;
#2357 = CARTESIAN_POINT ( 'NONE',  ( 8.907389140044507769, 3.850000000000010303, 9.500000000000033751 ) ) ;
#2358 =( LENGTH_UNIT ( ) NAMED_UNIT ( * ) SI_UNIT ( .MILLI., .METRE. ) );
#2359 = PLANE ( 'NONE',  #2034 ) ;
#2360 = DIRECTION ( 'NONE',  ( 0.0000000000000000000, 0.0000000000000000000, 1.000000000000000000 ) ) ;
#2361 = EDGE_LOOP ( 'NONE', ( #6240, #2668, #3909, #8526, #8703, #3579 ) ) ;
#2362 = CIRCLE ( 'NONE', #9257, 0.5000000000000004441 ) ;
#2363 = FILL_AREA_STYLE ('',( #3156 ) ) ;
#2364 = DIRECTION ( 'NONE',  ( 0.0000000000000000000, -1.000000000000000000, 0.0000000000000000000 ) ) ;
#2365 = ADVANCED_FACE ( 'NONE', ( #7818 ), #5464, .F. ) ;
#2366 = AXIS2_PLACEMENT_3D ( 'NONE', #8071, #6326, #7146 ) ;
#2367 = CARTESIAN_POINT ( 'NONE',  ( -3.892263480588891156, 6.816384655952806071, 5.200576600905350233 ) ) ;
#2368 = CARTESIAN_POINT ( 'NONE',  ( 1.143990033716241861, 4.650000000000010125, 9.500000000000000000 ) ) ;
#2369 = CARTESIAN_POINT ( 'NONE',  ( -2.500000000000000000, 4.250000000000031086, -3.850000000000000089 ) ) ;
#2370 = DIRECTION ( 'NONE',  ( -0.2722442098535290400, 0.0000000000000000000, -0.9622281902964742173 ) ) ;
#2371 = EDGE_CURVE ( 'NONE', #1568, #7706, #1122, .T. ) ;
#2372 = EDGE_CURVE ( 'NONE', #3562, #8149, #1467, .T. ) ;
#2373 =( NAMED_UNIT ( * ) SI_UNIT ( $, .STERADIAN. ) SOLID_ANGLE_UNIT ( ) );
#2374 = ORIENTED_EDGE ( 'NONE', *, *, #9471, .F. ) ;
#2375 = DIRECTION ( 'NONE',  ( 0.0000000000000000000, 0.0000000000000000000, -1.000000000000000000 ) ) ;
#2376 = DIRECTION ( 'NONE',  ( 0.0000000000000000000, 1.000000000000000000, 0.0000000000000000000 ) ) ;
#2377 = PRODUCT ( 'TB002-500-03P_Blue - S', 'TB002-500-03P_Blue - S', '', ( #10153 ) ) ;
#2378 = VERTEX_POINT ( 'NONE', #270 ) ;
#2379 = ORIENTED_EDGE ( 'NONE', *, *, #5805, .T. ) ;
#2380 = EDGE_CURVE ( 'NONE', #2516, #7973, #6231, .T. ) ;
#2381 = EDGE_CURVE ( 'NONE', #5808, #5278, #7873, .T. ) ;
#2382 = CARTESIAN_POINT ( 'NONE',  ( 0.0000000000000000000, 7.750000000000000000, 6.500000000000009770 ) ) ;
#2383 = ORIENTED_EDGE ( 'NONE', *, *, #2755, .T. ) ;
#2384 = CARTESIAN_POINT ( 'NONE',  ( 6.013368696353974308, 6.290959692733931519, 5.697427301323919835 ) ) ;
#2385 = SURFACE_STYLE_USAGE ( .BOTH. , #7845 ) ;
#2386 = CARTESIAN_POINT ( 'NONE',  ( 3.549999999999999822, 6.900812423267500328, 3.990870176997180607 ) ) ;
#2387 = ORIENTED_EDGE ( 'NONE', *, *, #9075, .F. ) ;
#2388 = ORIENTED_EDGE ( 'NONE', *, *, #10194, .T. ) ;
#2389 = CARTESIAN_POINT ( 'NONE',  ( 1.448683386022368680, 6.900595781960301878, 3.995523657362071823 ) ) ;
#2390 = DIRECTION ( 'NONE',  ( 0.0000000000000000000, -1.000000000000000000, 0.0000000000000000000 ) ) ;
#2391 = LINE ( 'NONE', #2444, #3832 ) ;
#2392 = DIRECTION ( 'NONE',  ( 0.4472135950260953119, 0.0000000000000000000, 0.8944271912368472188 ) ) ;
#2393 = ORIENTED_EDGE ( 'NONE', *, *, #7750, .F. ) ;
#2394 = CARTESIAN_POINT ( 'NONE',  ( 6.143990033716241861, 3.850000000000008527, 9.500000000000000000 ) ) ;
#2395 = EDGE_LOOP ( 'NONE', ( #8979, #1095, #2847, #6162 ) ) ;
#2396 = DIRECTION ( 'NONE',  ( 0.0000000000000000000, 0.0000000000000000000, -1.000000000000000000 ) ) ;
#2397 = EDGE_CURVE ( 'NONE', #4892, #5735, #4897, .T. ) ;
#2398 = MECHANICAL_DESIGN_GEOMETRIC_PRESENTATION_REPRESENTATION (  '', ( #4396 ), #9457 ) ;
#2399 = ORIENTED_EDGE ( 'NONE', *, *, #3527, .T. ) ;
#2400 = CARTESIAN_POINT ( 'NONE',  ( 7.500000000000000000, 6.250000000000031086, 4.150000000000000355 ) ) ;
#2401 = CARTESIAN_POINT ( 'NONE',  ( 3.976897247608214503, 6.379062758811953060, 5.679065084669054464 ) ) ;
#2402 = ORIENTED_EDGE ( 'NONE', *, *, #8358, .T. ) ;
#2403 = DIRECTION ( 'NONE',  ( 0.0000000000000000000, 1.000000000000000000, 0.0000000000000000000 ) ) ;
#2404 = EDGE_CURVE ( 'NONE', #8165, #91, #6889, .T. ) ;
#2405 = COLOUR_RGB ( '',0.2862745098039215508, 0.6431372549019607199, 0.8666666666666666963 ) ;
#2406 = CARTESIAN_POINT ( 'NONE',  ( 6.143990033716241861, 4.650000000000010125, 9.500000000000000000 ) ) ;
#2407 = CARTESIAN_POINT ( 'NONE',  ( 2.000000000000000000, 4.250000000000031086, 0.0000000000000000000 ) ) ;
#2408 = PRESENTATION_STYLE_ASSIGNMENT (( #9452 ) ) ;
#2409 = CARTESIAN_POINT ( 'NONE',  ( 1.023102752130522486, 6.379062758813164535, 5.679065084668725838 ) ) ;
#2410 = EDGE_LOOP ( 'NONE', ( #142, #8903, #4416, #8653 ) ) ;
#2411 =( NAMED_UNIT ( * ) PLANE_ANGLE_UNIT ( ) SI_UNIT ( $, .RADIAN. ) );
#2412 = CARTESIAN_POINT ( 'NONE',  ( 8.976897412858470204, 6.379062759268808946, 5.679065083712689699 ) ) ;
#2413 = CARTESIAN_POINT ( 'NONE',  ( 0.4500000000000020095, 7.250000000000000000, 0.6500000000000040190 ) ) ;
#2414 = AXIS2_PLACEMENT_3D ( 'NONE', #7801, #6156, #3695 ) ;
#2415 = EDGE_CURVE ( 'NONE', #7732, #6726, #9497, .T. ) ;
#2416 = ORIENTED_EDGE ( 'NONE', *, *, #10159, .F. ) ;
#2417 = CARTESIAN_POINT ( 'NONE',  ( 0.0000000000000000000, 7.750000000000000000, 2.576321994025010183E-15 ) ) ;
#2418 = DIRECTION ( 'NONE',  ( 0.0000000000000000000, 0.0000000000000000000, 1.000000000000000000 ) ) ;
#2419 = UNCERTAINTY_MEASURE_WITH_UNIT (LENGTH_MEASURE( 1.000000000000000082E-05 ), #3257, 'distance_accuracy_value', 'NONE');
#2420 = ADVANCED_FACE ( 'NONE', ( #1108 ), #6376, .T. ) ;
#2421 = CARTESIAN_POINT ( 'NONE',  ( -4.006141391291535570, 6.250000000000041744, 5.699344090454425249 ) ) ;
#2422 = VECTOR ( 'NONE', #3032, 1000.000000000000000 ) ;
#2423 = CARTESIAN_POINT ( 'NONE',  ( 7.500000000000000000, 2.650000000000010125, 8.000000000000000000 ) ) ;
#2424 = VERTEX_POINT ( 'NONE', #889 ) ;
#2425 = VERTEX_POINT ( 'NONE', #8181 ) ;
#2426 = ITEM_DEFINED_TRANSFORMATION ( 'NONE', 'NONE', #9517,  #7559 ) ;
#2427 = CARTESIAN_POINT ( 'NONE',  ( 2.750000000000000000, 4.250000000000031086, -4.349999999999999645 ) ) ;
#2428 = CYLINDRICAL_SURFACE ( 'NONE', #7996, 0.3999999999999993006 ) ;
#2429 = ORIENTED_EDGE ( 'NONE', *, *, #7062, .T. ) ;
#2430 = AXIS2_PLACEMENT_3D ( 'NONE', #7031, #9185, #10176 ) ;
#2431 = EDGE_CURVE ( 'NONE', #2182, #2027, #228, .T. ) ;
#2432 = FILL_AREA_STYLE_COLOUR ( '', #9554 ) ;
#2433 = AXIS2_PLACEMENT_3D ( 'NONE', #860, #7892, #3996 ) ;
#2434 = DIRECTION ( 'NONE',  ( -0.9622281902964742173, 0.0000000000000000000, -0.2722442098535290400 ) ) ;
#2435 = EDGE_LOOP ( 'NONE', ( #4050, #8998, #2987, #6305, #6553 ) ) ;
#2436 = CIRCLE ( 'NONE', #1286, 1.413776159319739989 ) ;
#2437 = EDGE_LOOP ( 'NONE', ( #3409, #454, #8865, #911 ) ) ;
#2438 = VERTEX_POINT ( 'NONE', #3296 ) ;
#2439 = DIRECTION ( 'NONE',  ( 0.0000000000000000000, 0.0000000000000000000, -1.000000000000000000 ) ) ;
#2440 = ADVANCED_FACE ( 'NONE', ( #939 ), #2607, .F. ) ;
#2441 = EDGE_CURVE ( 'NONE', #905, #8652, #8155, .T. ) ;
#2442 = EDGE_LOOP ( 'NONE', ( #317, #5915, #7302, #5145 ) ) ;
#2443 = CARTESIAN_POINT ( 'NONE',  ( 8.550000000000000711, -1.462314593354880232, 3.990870176997169949 ) ) ;
#2444 = CARTESIAN_POINT ( 'NONE',  ( 4.549999999999999822, 7.250000000000000000, 5.700000000000000178 ) ) ;
#2445 = SURFACE_SIDE_STYLE ('',( #1037 ) ) ;
#2446 = ORIENTED_EDGE ( 'NONE', *, *, #5469, .F. ) ;
#2447 = CIRCLE ( 'NONE', #4453, 1.649999999999999467 ) ;
#2448 = DIRECTION ( 'NONE',  ( 0.0000000000000000000, 0.0000000000000000000, -1.000000000000000000 ) ) ;
#2449 = ORIENTED_EDGE ( 'NONE', *, *, #7924, .T. ) ;
#2450 = CONICAL_SURFACE ( 'NONE', #8214, 0.2499999999999997780, 0.4636476084710116075 ) ;
#2451 = CARTESIAN_POINT ( 'NONE',  ( 1.075900883378422934, 6.782835288287566655, 5.313097438219579693 ) ) ;
#2452 = ORIENTED_EDGE ( 'NONE', *, *, #1734, .F. ) ;
#2453 =( NAMED_UNIT ( * ) PLANE_ANGLE_UNIT ( ) SI_UNIT ( $, .RADIAN. ) );
#2454 = FACE_OUTER_BOUND ( 'NONE', #4182, .T. ) ;
#2455 = ORIENTED_EDGE ( 'NONE', *, *, #2584, .F. ) ;
#2456 = VECTOR ( 'NONE', #6341, 1000.000000000000000 ) ;
#2457 = VECTOR ( 'NONE', #4094, 1000.000000000000000 ) ;
#2458 = DIRECTION ( 'NONE',  ( 0.0000000000000000000, -1.000000000000000000, 0.0000000000000000000 ) ) ;
#2459 = EDGE_CURVE ( 'NONE', #6653, #7071, #2664, .T. ) ;
#2460 = AXIS2_PLACEMENT_3D ( 'NONE', #9276, #2227, #5383 ) ;
#2461 = SURFACE_STYLE_USAGE ( .BOTH. , #1892 ) ;
#2462 = LINE ( 'NONE', #1001, #7926 ) ;
#2463 =( NAMED_UNIT ( * ) SI_UNIT ( $, .STERADIAN. ) SOLID_ANGLE_UNIT ( ) );
#2464 = CARTESIAN_POINT ( 'NONE',  ( 2.500000000000000000, 5.950000000000040146, 2.750000000000000000 ) ) ;
#2465 = VERTEX_POINT ( 'NONE', #6537 ) ;
#2466 = CARTESIAN_POINT ( 'NONE',  ( 2.500000000000000000, 4.250000000000031086, -4.349999999999999645 ) ) ;
#2467 = ORIENTED_EDGE ( 'NONE', *, *, #8457, .F. ) ;
#2468 = PRESENTATION_STYLE_ASSIGNMENT (( #183 ) ) ;
#2469 = PRESENTATION_LAYER_ASSIGNMENT (  '', '', ( #6913 ) ) ;
#2470 = DIRECTION ( 'NONE',  ( 0.0000000000000000000, 1.000000000000000000, 0.0000000000000000000 ) ) ;
#2471 = EDGE_CURVE ( 'NONE', #5757, #6723, #9661, .T. ) ;
#2472 = EDGE_CURVE ( 'NONE', #5753, #5075, #1098, .T. ) ;
#2473 = CARTESIAN_POINT ( 'NONE',  ( -3.924099116621577288, 6.782835288287566655, 5.313097438219579693 ) ) ;
#2474 = PLANE ( 'NONE',  #791 ) ;
#2475 = VECTOR ( 'NONE', #4934, 1000.000000000000000 ) ;
#2476 = CARTESIAN_POINT ( 'NONE',  ( 9.198613071924839346, 6.089357680825980168, 5.509810034670159951 ) ) ;
#2477 = CARTESIAN_POINT ( 'NONE',  ( -1.075900883378422934, 6.782835288287568432, 5.313097438219579693 ) ) ;
#2478 = UNCERTAINTY_MEASURE_WITH_UNIT (LENGTH_MEASURE( 1.000000000000000082E-05 ), #4099, 'distance_accuracy_value', 'NONE');
#2479 = CARTESIAN_POINT ( 'NONE',  ( 4.074407072548710040, 3.850000000000010303, 9.158054070484201503 ) ) ;
#2480 = ORIENTED_EDGE ( 'NONE', *, *, #1445, .T. ) ;
#2481 = ORIENTED_EDGE ( 'NONE', *, *, #9398, .F. ) ;
#2482 = DIRECTION ( 'NONE',  ( -0.9622281902964742173, 0.0000000000000000000, -0.2722442098535290400 ) ) ;
#2483 = DIRECTION ( 'NONE',  ( 0.0000000000000000000, 0.0000000000000000000, -1.000000000000000000 ) ) ;
#2484 = ORIENTED_EDGE ( 'NONE', *, *, #4159, .F. ) ;
#2485 = CIRCLE ( 'NONE', #4482, 0.09999999999999939493 ) ;
#2486 = FACE_OUTER_BOUND ( 'NONE', #1493, .T. ) ;
#2487 = ORIENTED_EDGE ( 'NONE', *, *, #10190, .F. ) ;
#2488 = DIRECTION ( 'NONE',  ( 0.0000000000000000000, 1.000000000000000000, 0.0000000000000000000 ) ) ;
#2489 = ORIENTED_EDGE ( 'NONE', *, *, #7750, .T. ) ;
#2490 = LINE ( 'NONE', #4929, #6750 ) ;
#2491 = COLOUR_RGB ( '',0.2862745098039215508, 0.6431372549019607199, 0.8666666666666666963 ) ;
#2492 = EDGE_LOOP ( 'NONE', ( #5794, #3024, #7038, #1872, #1708, #6992 ) ) ;
#2493 = ORIENTED_EDGE ( 'NONE', *, *, #89, .F. ) ;
#2494 = EDGE_CURVE ( 'NONE', #1407, #9281, #9972, .T. ) ;
#2495 = FILL_AREA_STYLE_COLOUR ( '', #9371 ) ;
#2496 = CIRCLE ( 'NONE', #8269, 0.5999999999999998668 ) ;
#2497 = ORIENTED_EDGE ( 'NONE', *, *, #2615, .F. ) ;
#2498 = FACE_OUTER_BOUND ( 'NONE', #4952, .T. ) ;
#2499 = CARTESIAN_POINT ( 'NONE',  ( -3.552632424847470549, 6.900324961960824233, 4.000174299198468120 ) ) ;
#2500 = SURFACE_STYLE_FILL_AREA ( #8065 ) ;
#2502 = ADVANCED_FACE ( 'NONE', ( #1362 ), #5112, .F. ) ;
#2501 = ORIENTED_EDGE ( 'NONE', *, *, #2760, .F. ) ;
#2503 = EDGE_CURVE ( 'NONE', #9442, #4884, #7054, .T. ) ;
#2504 = LINE ( 'NONE', #5658, #10049 ) ;
#2505 = ORIENTED_EDGE ( 'NONE', *, *, #1166, .T. ) ;
#2506 = CARTESIAN_POINT ( 'NONE',  ( 5.937107388568627186, 3.850000000000009415, 9.314249409997643170 ) ) ;
#2507 = ORIENTED_EDGE ( 'NONE', *, *, #5727, .T. ) ;
#2508 = FILL_AREA_STYLE ('',( #4841 ) ) ;
#2509 = ORIENTED_EDGE ( 'NONE', *, *, #7489, .T. ) ;
#2510 = COLOUR_RGB ( '',0.2862745098039215508, 0.6431372549019607199, 0.8666666666666666963 ) ;
#2511 = PRESENTATION_STYLE_ASSIGNMENT (( #8079 ) ) ;
#2512 = FACE_OUTER_BOUND ( 'NONE', #7588, .T. ) ;
#2513 = DIRECTION ( 'NONE',  ( 0.0000000000000000000, -1.000000000000000000, 0.0000000000000000000 ) ) ;
#2514 = CARTESIAN_POINT ( 'NONE',  ( -1.024293729958390964, 6.556592752526431589, 5.606841190858710355 ) ) ;
#2515 = CARTESIAN_POINT ( 'NONE',  ( 6.109592952281651002, 6.616355096402059210, 5.194015168276943761 ) ) ;
#2516 = VERTEX_POINT ( 'NONE', #9004 ) ;
#2517 = DIRECTION ( 'NONE',  ( 0.0000000000000000000, 1.000000000000000000, 0.0000000000000000000 ) ) ;
#2518 = ORIENTED_EDGE ( 'NONE', *, *, #2494, .T. ) ;
#2519 = FACE_OUTER_BOUND ( 'NONE', #5837, .T. ) ;
#2520 = VECTOR ( 'NONE', #4912, 1000.000000000000000 ) ;
#2521 = FILL_AREA_STYLE_COLOUR ( '', #4312 ) ;
#2522 = CARTESIAN_POINT ( 'NONE',  ( -0.5000000000000000000, 6.620978138265459556, 5.127902589497670860 ) ) ;
#2523 = CARTESIAN_POINT ( 'NONE',  ( 5.993858608708461766, 6.250000000000034639, 5.699344090454418144 ) ) ;
#2524 = CARTESIAN_POINT ( 'NONE',  ( 8.550000000000000711, 5.950000000000040146, 2.800000000000010036 ) ) ;
#2525 = CARTESIAN_POINT ( 'NONE',  ( 3.549999999999999822, -1.462314593354880232, 2.800000000000010036 ) ) ;
#2526 = ORIENTED_EDGE ( 'NONE', *, *, #2942, .T. ) ;
#2527 = VERTEX_POINT ( 'NONE', #1938 ) ;
#2528 = CARTESIAN_POINT ( 'NONE',  ( 2.500000000000000000, 9.550000000000029132, 2.750000000000000000 ) ) ;
#2529 = DIRECTION ( 'NONE',  ( 0.0000000000000000000, -3.675221047034999628E-15, 1.000000000000000000 ) ) ;
#2530 = VERTEX_POINT ( 'NONE', #5978 ) ;
#2531 = VERTEX_POINT ( 'NONE', #8240 ) ;
#2532 = AXIS2_PLACEMENT_3D ( 'NONE', #10093, #3040, #10200 ) ;
#2533 = SURFACE_STYLE_FILL_AREA ( #5691 ) ;
#2534 = SURFACE_STYLE_FILL_AREA ( #3378 ) ;
#2535 = CARTESIAN_POINT ( 'NONE',  ( 3.924099116621577288, 6.560463200155849606, 5.313097438219570812 ) ) ;
#2536 = CARTESIAN_POINT ( 'NONE',  ( 0.5500000000000000444, 1.652376043070270084, 6.200000000000001066 ) ) ;
#2537 = EDGE_LOOP ( 'NONE', ( #1662, #2233, #4109, #1827 ) ) ;
#2538 = DIRECTION ( 'NONE',  ( 0.0000000000000000000, 1.000000000000000000, 0.0000000000000000000 ) ) ;
#2539 = FACE_OUTER_BOUND ( 'NONE', #6098, .T. ) ;
#2540 = EDGE_LOOP ( 'NONE', ( #8670, #6367, #9427, #2177 ) ) ;
#2541 = ORIENTED_EDGE ( 'NONE', *, *, #5534, .F. ) ;
#2542 = ADVANCED_FACE ( 'NONE', ( #2045 ), #419, .F. ) ;
#2543 = EDGE_CURVE ( 'NONE', #4179, #3626, #8286, .T. ) ;
#2544 = DIRECTION ( 'NONE',  ( 0.0000000000000000000, -1.000000000000000000, 0.0000000000000000000 ) ) ;
#2545 = ADVANCED_FACE ( 'NONE', ( #7515 ), #6739, .F. ) ;
#2546 = CARTESIAN_POINT ( 'NONE',  ( 4.205878195200130065, 6.087585864700089999, 5.702659885757020319 ) ) ;
#2547 = ORIENTED_EDGE ( 'NONE', *, *, #1751, .T. ) ;
#2548 = CARTESIAN_POINT ( 'NONE',  ( 10.50000000000000000, 1.838675134594820015, 6.200000000000001066 ) ) ;
#2549 = ORIENTED_EDGE ( 'NONE', *, *, #9120, .F. ) ;
#2550 = CARTESIAN_POINT ( 'NONE',  ( -0.5000000000000000000, 6.620978138265459556, 5.127902589497660202 ) ) ;
#2551 = CARTESIAN_POINT ( 'NONE',  ( 2.500000000000000000, 2.836223840680269781, 9.300000000000000711 ) ) ;
#2552 = ORIENTED_EDGE ( 'NONE', *, *, #1245, .F. ) ;
#2553 = CARTESIAN_POINT ( 'NONE',  ( 3.994607792362412368, 6.250000000000413891, 5.499015461809751315 ) ) ;
#2554 = CARTESIAN_POINT ( 'NONE',  ( 9.074407072548739350, 4.650000000000010125, 9.158054070483670372 ) ) ;
#2555 = EDGE_CURVE ( 'NONE', #7336, #2438, #1133, .T. ) ;
#2556 = EDGE_LOOP ( 'NONE', ( #4409, #1452, #5332, #9312, #8764, #2068, #2128, #5151, #8609, #8800, #4413, #1771 ) ) ;
#2557 = CIRCLE ( 'NONE', #7664, 1.400000000000000133 ) ;
#2558 = DIRECTION ( 'NONE',  ( -0.5000000000002000622, -0.8660254037843231334, 0.0000000000000000000 ) ) ;
#2559 =( NAMED_UNIT ( * ) PLANE_ANGLE_UNIT ( ) SI_UNIT ( $, .RADIAN. ) );
#2560 = CARTESIAN_POINT ( 'NONE',  ( 6.075900883378422712, 6.560463200155849606, 5.313097438219570812 ) ) ;
#2561 = ORIENTED_EDGE ( 'NONE', *, *, #345, .T. ) ;
#2562 = ORIENTED_EDGE ( 'NONE', *, *, #2156, .F. ) ;
#2563 = DIRECTION ( 'NONE',  ( 0.0000000000000000000, 0.0000000000000000000, 1.000000000000000000 ) ) ;
#2564 = DIRECTION ( 'NONE',  ( 0.0000000000000000000, -1.000000000000000000, 0.0000000000000000000 ) ) ;
#2565 = EDGE_CURVE ( 'NONE', #1248, #1375, #9330, .T. ) ;
#2566 = PRESENTATION_LAYER_ASSIGNMENT (  '', '', ( #6857 ) ) ;
#2567 = EDGE_CURVE ( 'NONE', #6169, #4829, #7161, .T. ) ;
#2568 = DIRECTION ( 'NONE',  ( 0.0000000000000000000, 0.0000000000000000000, -1.000000000000000000 ) ) ;
#2569 = PLANE ( 'NONE',  #5096 ) ;
#2570 = UNCERTAINTY_MEASURE_WITH_UNIT (LENGTH_MEASURE( 1.000000000000000082E-05 ), #5269, 'distance_accuracy_value', 'NONE');
#2571 = FACE_OUTER_BOUND ( 'NONE', #3783, .T. ) ;
#2572 = ORIENTED_EDGE ( 'NONE', *, *, #886, .F. ) ;
#2573 = EDGE_LOOP ( 'NONE', ( #8972, #3867, #8455, #8873 ) ) ;
#2574 = CYLINDRICAL_SURFACE ( 'NONE', #2731, 1.399999999999999911 ) ;
#2575 = MECHANICAL_DESIGN_GEOMETRIC_PRESENTATION_REPRESENTATION (  '', ( #9308 ), #3733 ) ;
#2576 = CARTESIAN_POINT ( 'NONE',  ( 2.500000000000000000, 4.250000000000000000, 10.00000000000000000 ) ) ;
#2577 = LINE ( 'NONE', #9431, #8212 ) ;
#2578 = ORIENTED_EDGE ( 'NONE', *, *, #3221, .F. ) ;
#2579 = VERTEX_POINT ( 'NONE', #7089 ) ;
#2580 = CARTESIAN_POINT ( 'NONE',  ( 5.250000000000000000, 7.750000000000000000, 0.6500000000000040190 ) ) ;
#2581 = VECTOR ( 'NONE', #2158, 1000.000000000000000 ) ;
#2582 = CARTESIAN_POINT ( 'NONE',  ( -0.9655523953998882414, 4.650000000000011013, 9.413837825582248797 ) ) ;
#2583 = FACE_OUTER_BOUND ( 'NONE', #4559, .T. ) ;
#2584 = EDGE_CURVE ( 'NONE', #4179, #5964, #3132, .T. ) ;
#2585 = EDGE_CURVE ( 'NONE', #299, #3509, #7882, .T. ) ;
#2586 = DIRECTION ( 'NONE',  ( 4.311199699514559827E-15, -1.000000000000000000, 0.0000000000000000000 ) ) ;
#2587 = VERTEX_POINT ( 'NONE', #2289 ) ;
#2588 = LINE ( 'NONE', #1820, #6089 ) ;
#2589 = CARTESIAN_POINT ( 'NONE',  ( -5.000000000000000000, 6.436102000195529804, 9.700000000000001066 ) ) ;
#2590 = ORIENTED_EDGE ( 'NONE', *, *, #4347, .T. ) ;
#2591 = COLOUR_RGB ( '',0.2862745098039215508, 0.6431372549019607199, 0.8666666666666666963 ) ;
#2592 = VERTEX_POINT ( 'NONE', #8471 ) ;
#2593 = FACE_OUTER_BOUND ( 'NONE', #8066, .T. ) ;
#2594 = CARTESIAN_POINT ( 'NONE',  ( 3.994607792362412368, 6.250000000000413891, 5.499015461809751315 ) ) ;
#2595 = FACE_BOUND ( 'NONE', #6407, .T. ) ;
#2596 = ORIENTED_EDGE ( 'NONE', *, *, #1679, .F. ) ;
#2597 =( NAMED_UNIT ( * ) PLANE_ANGLE_UNIT ( ) SI_UNIT ( $, .RADIAN. ) );
#2598 = ORIENTED_EDGE ( 'NONE', *, *, #4025, .T. ) ;
#2599 = VERTEX_POINT ( 'NONE', #6269 ) ;
#2600 = VECTOR ( 'NONE', #4818, 1000.000000000000227 ) ;
#2601 = ORIENTED_EDGE ( 'NONE', *, *, #6546, .F. ) ;
#2602 = VECTOR ( 'NONE', #4813, 1000.000000000000000 ) ;
#2603 = EDGE_CURVE ( 'NONE', #4325, #8912, #10124, .T. ) ;
#2604 = FACE_OUTER_BOUND ( 'NONE', #8900, .T. ) ;
#2605 = DIRECTION ( 'NONE',  ( 0.0000000000000000000, -1.000000000000000000, 0.0000000000000000000 ) ) ;
#2606 =( NAMED_UNIT ( * ) PLANE_ANGLE_UNIT ( ) SI_UNIT ( $, .RADIAN. ) );
#2607 = CYLINDRICAL_SURFACE ( 'NONE', #7223, 1.399999999999999911 ) ;
#2608 = VECTOR ( 'NONE', #461, 1000.000000000000000 ) ;
#2609 = AXIS2_PLACEMENT_3D ( 'NONE', #635, #9298, #1523 ) ;
#2610 = CARTESIAN_POINT ( 'NONE',  ( 2.500000000000000000, 4.250000000000009770, 9.314249409997579221 ) ) ;
#2611 =( BOUNDED_CURVE ( )  B_SPLINE_CURVE ( 3, ( #4232, #115, #7360, #8744 ),
 .UNSPECIFIED., .F., .T. ) 
 B_SPLINE_CURVE_WITH_KNOTS ( ( 4, 4 ),
 ( 2.977423445241608402, 3.130753691978166220 ),
 .UNSPECIFIED. ) 
 CURVE ( )  GEOMETRIC_REPRESENTATION_ITEM ( )  RATIONAL_B_SPLINE_CURVE ( ( 1.000000000000000000, 0.9980417790286001400, 0.9980417790286001400, 1.000000000000000000 ) ) 
 REPRESENTATION_ITEM ( '' )  );
#2612 = FILL_AREA_STYLE_COLOUR ( '', #5340 ) ;
#2613 = PLANE ( 'NONE',  #6261 ) ;
#2614 = VERTEX_POINT ( 'NONE', #3072 ) ;
#2615 = EDGE_CURVE ( 'NONE', #2218, #2378, #5449, .T. ) ;
#2616 = DIRECTION ( 'NONE',  ( 0.0000000000000000000, 0.0000000000000000000, -1.000000000000000000 ) ) ;
#2617 = VERTEX_POINT ( 'NONE', #8573 ) ;
#2618 = CARTESIAN_POINT ( 'NONE',  ( 5.799999999999999822, 4.650000000000010125, 8.800000000000000711 ) ) ;
#2619 = CARTESIAN_POINT ( 'NONE',  ( -4.450000000000000178, 1.652376043070270084, -5.152643988049929647E-15 ) ) ;
#2620 = VECTOR ( 'NONE', #4548, 1000.000000000000000 ) ;
#2621 = EDGE_CURVE ( 'NONE', #8274, #4009, #774, .T. ) ;
#2622 = STYLED_ITEM ( 'NONE', ( #3383 ), #9549 ) ;
#2623 = PRODUCT_DEFINITION_FORMATION_WITH_SPECIFIED_SOURCE ( 'ANY', '', #2377, .NOT_KNOWN. ) ;
#2624 = VECTOR ( 'NONE', #3738, 1000.000000000000000 ) ;
#2625 = FILL_AREA_STYLE ('',( #2521 ) ) ;
#2626 = DIRECTION ( 'NONE',  ( 0.0000000000000000000, 0.0000000000000000000, 1.000000000000000000 ) ) ;
#2627 = CARTESIAN_POINT ( 'NONE',  ( 6.001299467198440318, 6.250000000000079936, 5.536292564213420420 ) ) ;
#2628 = COLOUR_RGB ( '',0.2862745098039215508, 0.6431372549019607199, 0.8666666666666666963 ) ;
#2629 = DIRECTION ( 'NONE',  ( 3.641714079092569968E-16, 0.0000000000000000000, -1.000000000000000000 ) ) ;
#2630 = ORIENTED_EDGE ( 'NONE', *, *, #8732, .T. ) ;
#2631 = ADVANCED_FACE ( 'NONE', ( #5499, #1511, #3190 ), #9439, .T. ) ;
#2632 = AXIS2_PLACEMENT_3D ( 'NONE', #3846, #3063, #7746 ) ;
#2633 = DIRECTION ( 'NONE',  ( 0.0000000000000000000, 0.0000000000000000000, 1.000000000000000000 ) ) ;
#2634 = EDGE_CURVE ( 'NONE', #6946, #2728, #4683, .T. ) ;
#2635 = MECHANICAL_DESIGN_GEOMETRIC_PRESENTATION_REPRESENTATION (  '', ( #1804 ), #4613 ) ;
#2636 = CARTESIAN_POINT ( 'NONE',  ( -0.4499999999999990119, 7.250000000000000000, 0.6500000000000020206 ) ) ;
#2637 = CARTESIAN_POINT ( 'NONE',  ( 6.047237146905954930, 6.457750997099133805, 5.432878492312099183 ) ) ;
#2638 = ORIENTED_EDGE ( 'NONE', *, *, #8612, .F. ) ;
#2639 = CARTESIAN_POINT ( 'NONE',  ( 9.034848484848490457, 5.962121212121219926, 5.184848484848489925 ) ) ;
#2640 = CIRCLE ( 'NONE', #6423, 1.400000000000000133 ) ;
#2641 = SURFACE_SIDE_STYLE ('',( #2534 ) ) ;
#2642 = DIRECTION ( 'NONE',  ( 0.0000000000000000000, 0.0000000000000000000, 1.000000000000000000 ) ) ;
#2643 = ORIENTED_EDGE ( 'NONE', *, *, #3223, .F. ) ;
#2644 = DIRECTION ( 'NONE',  ( 0.4472135950260953119, 0.0000000000000000000, 0.8944271912368472188 ) ) ;
#2645 = CARTESIAN_POINT ( 'NONE',  ( -2.500000000000000000, 5.999999999999990230, 9.999999999999996447 ) ) ;
#2646 =( GEOMETRIC_REPRESENTATION_CONTEXT ( 3 ) GLOBAL_UNCERTAINTY_ASSIGNED_CONTEXT ( ( #7731 ) ) GLOBAL_UNIT_ASSIGNED_CONTEXT ( ( #4339, #9817, #5974 ) ) REPRESENTATION_CONTEXT ( 'NONE', 'WORKASPACE' ) );
#2647 = ORIENTED_EDGE ( 'NONE', *, *, #6681, .F. ) ;
#2648 = VERTEX_POINT ( 'NONE', #10025 ) ;
#2649 = VECTOR ( 'NONE', #5733, 1000.000000000000000 ) ;
#2650 =( NAMED_UNIT ( * ) PLANE_ANGLE_UNIT ( ) SI_UNIT ( $, .RADIAN. ) );
#2651 = VECTOR ( 'NONE', #6561, 1000.000000000000000 ) ;
#2652 = CARTESIAN_POINT ( 'NONE',  ( 5.937107388568626298, 3.850000000000009415, 9.314249409997639617 ) ) ;
#2653 = CARTESIAN_POINT ( 'NONE',  ( 4.182760555148930415, 6.093223787951091097, 5.414712066094880427 ) ) ;
#2654 = ORIENTED_EDGE ( 'NONE', *, *, #2565, .T. ) ;
#2655 = FILL_AREA_STYLE ('',( #4119 ) ) ;
#2656 = DIRECTION ( 'NONE',  ( 2.232180943352509796E-16, -1.000000000000000000, 0.0000000000000000000 ) ) ;
#2657 = CARTESIAN_POINT ( 'NONE',  ( -2.500000000000000000, 2.836223840680269781, 9.300000000000009592 ) ) ;
#2658 = EDGE_LOOP ( 'NONE', ( #1436, #2023, #6019, #6923 ) ) ;
#2659 = CYLINDRICAL_SURFACE ( 'NONE', #86, 0.5999999999999998668 ) ;
#2660 = ORIENTED_EDGE ( 'NONE', *, *, #9095, .F. ) ;
#2661 = CARTESIAN_POINT ( 'NONE',  ( 2.500000000000000000, 9.550000000000029132, 2.750000000000000000 ) ) ;
#2662 = CARTESIAN_POINT ( 'NONE',  ( 9.087037305134389342, 4.650000000000010125, 8.986637655680240755 ) ) ;
#2663 = DIRECTION ( 'NONE',  ( -1.000000000000000000, 0.0000000000000000000, 0.0000000000000000000 ) ) ;
#2664 = LINE ( 'NONE', #999, #6070 ) ;
#2665 = SURFACE_STYLE_FILL_AREA ( #3693 ) ;
#2666 = CARTESIAN_POINT ( 'NONE',  ( -2.500000000000000000, 4.250000000000009770, 9.314249409997589879 ) ) ;
#2667 = CARTESIAN_POINT ( 'NONE',  ( 9.205878195200131842, 6.087585864700089999, 5.702659885757020319 ) ) ;
#2668 = ORIENTED_EDGE ( 'NONE', *, *, #9288, .F. ) ;
#2669 = ORIENTED_EDGE ( 'NONE', *, *, #762, .T. ) ;
#2670 = CARTESIAN_POINT ( 'NONE',  ( 0.8992189406417899766, 4.650000000000010125, 8.800000000000009592 ) ) ;
#2671 = CARTESIAN_POINT ( 'NONE',  ( 6.051396626000877355, 6.749929893965711969, 5.399706028512977873 ) ) ;
#2672 = CIRCLE ( 'NONE', #3186, 1.613267899285889984 ) ;
#2673 =( BOUNDED_CURVE ( )  B_SPLINE_CURVE ( 3, ( #9056, #1225, #9191, #527 ),
 .UNSPECIFIED., .F., .T. ) 
 B_SPLINE_CURVE_WITH_KNOTS ( ( 4, 4 ),
 ( 3.152431615203299398, 3.305761861937969837 ),
 .UNSPECIFIED. ) 
 CURVE ( )  GEOMETRIC_REPRESENTATION_ITEM ( )  RATIONAL_B_SPLINE_CURVE ( ( 1.000000000000000000, 0.9980417790286484347, 0.9980417790286484347, 1.000000000000000000 ) ) 
 REPRESENTATION_ITEM ( '' )  );
#2674 = EDGE_CURVE ( 'NONE', #1750, #9351, #8880, .T. ) ;
#2675 = SURFACE_SIDE_STYLE ('',( #8193 ) ) ;
#2676 = CARTESIAN_POINT ( 'NONE',  ( 8.550000000000000711, 6.370920840910899940, 3.569044486294639995 ) ) ;
#2677 =( BOUNDED_CURVE ( )  B_SPLINE_CURVE ( 3, ( #10088, #2930, #4695, #6080 ),
 .UNSPECIFIED., .F., .T. ) 
 B_SPLINE_CURVE_WITH_KNOTS ( ( 4, 4 ),
 ( 2.977423445280399594, 3.130753692572554758 ),
 .UNSPECIFIED. ) 
 CURVE ( )  GEOMETRIC_REPRESENTATION_ITEM ( )  RATIONAL_B_SPLINE_CURVE ( ( 1.000000000000000000, 0.9980417790144159307, 0.9980417790144159307, 1.000000000000000000 ) ) 
 REPRESENTATION_ITEM ( '' )  );
#2678 = SURFACE_STYLE_FILL_AREA ( #6551 ) ;
#2679 = UNCERTAINTY_MEASURE_WITH_UNIT (LENGTH_MEASURE( 1.000000000000000082E-05 ), #10213, 'distance_accuracy_value', 'NONE');
#2680 = EDGE_CURVE ( 'NONE', #6613, #8149, #456, .T. ) ;
#2681 = ORIENTED_EDGE ( 'NONE', *, *, #9303, .T. ) ;
#2682 = ORIENTED_EDGE ( 'NONE', *, *, #4171, .F. ) ;
#2683 = TOROIDAL_SURFACE ( 'NONE', #8437, 1.413776159319739989, 0.2000000000000000111 ) ;
#2684 = CARTESIAN_POINT ( 'NONE',  ( 9.059107220649993408, 4.650000000000011013, 9.365590064580585405 ) ) ;
#2685 = DIRECTION ( 'NONE',  ( 0.0000000000000000000, -3.675221047034999628E-15, 1.000000000000000000 ) ) ;
#2686 = ADVANCED_FACE ( 'NONE', ( #7033 ), #7561, .T. ) ;
#2687 = EDGE_CURVE ( 'NONE', #4764, #8791, #4731, .T. ) ;
#2688 = DIRECTION ( 'NONE',  ( -1.000000000000000000, 0.0000000000000000000, 0.0000000000000000000 ) ) ;
#2689 = DIRECTION ( 'NONE',  ( 0.0000000000000000000, 1.000000000000000000, 0.0000000000000000000 ) ) ;
#2690 = CARTESIAN_POINT ( 'NONE',  ( 6.092610859955165381, 4.650000000000010125, 9.500000000000031974 ) ) ;
#2691 = ORIENTED_EDGE ( 'NONE', *, *, #9747, .T. ) ;
#2692 = CARTESIAN_POINT ( 'NONE',  ( 0.0000000000000000000, 1.718879291340180027, 9.827925769509480602 ) ) ;
#2693 = DIRECTION ( 'NONE',  ( -0.4999999999998217537, 0.8660254037845416253, 0.0000000000000000000 ) ) ;
#2694 = B_SPLINE_CURVE_WITH_KNOTS ( 'NONE', 3,
 ( #5644, #7901, #9529, #918 ),
 .UNSPECIFIED., .F., .F.,
 ( 4, 4 ),
 ( 0.0000000000000000000, 0.0002372961508671520361 ),
 .UNSPECIFIED. ) ;
#2695 = CIRCLE ( 'NONE', #1529, 1.700000000000000178 ) ;
#2696 = VECTOR ( 'NONE', #5324, 1000.000000000000000 ) ;
#2697 = ORIENTED_EDGE ( 'NONE', *, *, #9165, .F. ) ;
#2698 = CARTESIAN_POINT ( 'NONE',  ( 8.942782050534042071, 6.518894125889204361, 5.379130966343810272 ) ) ;
#2699 = ADVANCED_FACE ( 'NONE', ( #928 ), #3278, .T. ) ;
#2700 = DIRECTION ( 'NONE',  ( -0.2722442098535290400, 0.0000000000000000000, -0.9622281902964742173 ) ) ;
#2701 = EDGE_CURVE ( 'NONE', #5280, #9738, #7621, .T. ) ;
#2702 = STYLED_ITEM ( 'NONE', ( #2336 ), #7661 ) ;
#2703 = DIRECTION ( 'NONE',  ( -5.152643988049929844E-16, 0.0000000000000000000, -1.000000000000000000 ) ) ;
#2704 = CARTESIAN_POINT ( 'NONE',  ( 10.00000000000000000, 0.9499999999999999556, 6.200000000000001066 ) ) ;
#2705 = VERTEX_POINT ( 'NONE', #8783 ) ;
#2706 = PLANE ( 'NONE',  #4947 ) ;
#2707 = CARTESIAN_POINT ( 'NONE',  ( 4.093910474793799992, 4.650000000000010125, 8.893318922984189356 ) ) ;
#2708 = DIRECTION ( 'NONE',  ( -5.152643988049929844E-16, 0.0000000000000000000, -1.000000000000000000 ) ) ;
#2709 = ORIENTED_EDGE ( 'NONE', *, *, #2328, .F. ) ;
#2710 = CARTESIAN_POINT ( 'NONE',  ( -3.996810005538740551, 6.250000000000031086, 5.517634239043999855 ) ) ;
#2711 = ORIENTED_EDGE ( 'NONE', *, *, #9938, .T. ) ;
#2712 = DIRECTION ( 'NONE',  ( 0.0000000000000000000, 0.0000000000000000000, -1.000000000000000000 ) ) ;
#2713 = CARTESIAN_POINT ( 'NONE',  ( 5.937107388568777289, 4.650000000000010125, 9.314249409997573892 ) ) ;
#2714 = DIRECTION ( 'NONE',  ( 1.000000000000000000, 0.0000000000000000000, 0.0000000000000000000 ) ) ;
#2715 = EDGE_CURVE ( 'NONE', #1858, #156, #9594, .T. ) ;
#2716 = CARTESIAN_POINT ( 'NONE',  ( 6.075900883378422712, 6.782835288287570208, 5.313097438219570812 ) ) ;
#2717 = ORIENTED_EDGE ( 'NONE', *, *, #6732, .F. ) ;
#2718 = ORIENTED_EDGE ( 'NONE', *, *, #1094, .F. ) ;
#2719 = CARTESIAN_POINT ( 'NONE',  ( 5.912962694865610658, 3.850000000000010303, 8.986637655680240755 ) ) ;
#2720 = CARTESIAN_POINT ( 'NONE',  ( 4.500000000000000888, 6.301461569844129862, 3.962967587499520050 ) ) ;
#2721 = ORIENTED_EDGE ( 'NONE', *, *, #147, .T. ) ;
#2722 = CARTESIAN_POINT ( 'NONE',  ( 10.00000000000000000, 0.1499999999999999944, 6.388051065821461094 ) ) ;
#2723 = SURFACE_SIDE_STYLE ('',( #6796 ) ) ;
#2724 = CIRCLE ( 'NONE', #3575, 1.749999999999989786 ) ;
#2725 = CARTESIAN_POINT ( 'NONE',  ( 5.993784637127530068, 6.250000000000009770, 5.675366343103210198 ) ) ;
#2726 = DIRECTION ( 'NONE',  ( 0.0000000000000000000, 0.0000000000000000000, 1.000000000000000000 ) ) ;
#2727 = PLANE ( 'NONE',  #856 ) ;
#2728 = VERTEX_POINT ( 'NONE', #6474 ) ;
#2729 = ORIENTED_EDGE ( 'NONE', *, *, #3002, .T. ) ;
#2730 = CARTESIAN_POINT ( 'NONE',  ( 8.890407047718349887, 6.616355096402058322, 5.194015168276943761 ) ) ;
#2731 = AXIS2_PLACEMENT_3D ( 'NONE', #2528, #7380, #286 ) ;
#2732 = DIRECTION ( 'NONE',  ( -5.580452358381269806E-16, 1.000000000000000000, 0.0000000000000000000 ) ) ;
#2733 = ADVANCED_FACE ( 'NONE', ( #8010 ), #4798, .T. ) ;
#2734 = VECTOR ( 'NONE', #4699, 1000.000000000000000 ) ;
#2735 = ADVANCED_FACE ( 'NONE', ( #6525 ), #1609, .T. ) ;
#2736 = CARTESIAN_POINT ( 'NONE',  ( 1.128298252077120090, 6.620978138265459556, 5.127902589497660202 ) ) ;
#2737 = DIRECTION ( 'NONE',  ( 0.0000000000000000000, 1.000000000000000000, 0.0000000000000000000 ) ) ;
#2738 = CARTESIAN_POINT ( 'NONE',  ( 3.549999999999999822, 6.900812423267500328, 3.990870176997169949 ) ) ;
#2739 = STYLED_ITEM ( 'NONE', ( #2468 ), #521 ) ;
#2740 = CARTESIAN_POINT ( 'NONE',  ( -1.446052745852149934, 6.900000000000019895, 4.004821471746000228 ) ) ;
#2741 = ORIENTED_EDGE ( 'NONE', *, *, #9279, .F. ) ;
#2742 = LINE ( 'NONE', #2799, #5776 ) ;
#2743 = ORIENTED_EDGE ( 'NONE', *, *, #2821, .F. ) ;
#2744 = CARTESIAN_POINT ( 'NONE',  ( 3.549999999999999822, 6.900812423267500328, 3.990870176997180607 ) ) ;
#2745 = ADVANCED_FACE ( 'NONE', ( #7403 ), #5967, .F. ) ;
#2746 = PLANE ( 'NONE',  #2134 ) ;
#2747 = ORIENTED_EDGE ( 'NONE', *, *, #4916, .F. ) ;
#2748 = CARTESIAN_POINT ( 'NONE',  ( 4.205878195200130065, 6.087585864700089999, 5.702659885757030089 ) ) ;
#2749 = VERTEX_POINT ( 'NONE', #8945 ) ;
#2750 = CARTESIAN_POINT ( 'NONE',  ( 3.994607792362412368, 6.250000000000413891, 5.499015461809751315 ) ) ;
#2751 = LINE ( 'NONE', #1211, #2948 ) ;
#2752 = PRESENTATION_LAYER_ASSIGNMENT (  '', '', ( #5232 ) ) ;
#2753 = DIRECTION ( 'NONE',  ( 0.0000000000000000000, 0.0000000000000000000, 1.000000000000000000 ) ) ;
#2754 = ORIENTED_EDGE ( 'NONE', *, *, #924, .F. ) ;
#2755 = EDGE_CURVE ( 'NONE', #2114, #4221, #9087, .T. ) ;
#2756 = EDGE_CURVE ( 'NONE', #196, #8344, #10193, .T. ) ;
#2757 = ORIENTED_EDGE ( 'NONE', *, *, #3837, .T. ) ;
#2758 = DIRECTION ( 'NONE',  ( -6.323770134184271214E-17, -0.9848077530122081313, -0.1736481776669300259 ) ) ;
#2759 =( LENGTH_UNIT ( ) NAMED_UNIT ( * ) SI_UNIT ( .MILLI., .METRE. ) );
#2760 = EDGE_CURVE ( 'NONE', #4978, #8652, #9808, .T. ) ;
#2761 = VERTEX_POINT ( 'NONE', #6727 ) ;
#2762 = VECTOR ( 'NONE', #1725, 1000.000000000000114 ) ;
#2763 = ORIENTED_EDGE ( 'NONE', *, *, #3266, .F. ) ;
#2764 = DIRECTION ( 'NONE',  ( 1.000000000000000000, 0.0000000000000000000, 0.0000000000000000000 ) ) ;
#2765 = CARTESIAN_POINT ( 'NONE',  ( 9.062892611431221823, 4.650000000000010125, 9.314249409997579221 ) ) ;
#2766 =( NAMED_UNIT ( * ) PLANE_ANGLE_UNIT ( ) SI_UNIT ( $, .RADIAN. ) );
#2767 = CARTESIAN_POINT ( 'NONE',  ( -5.500000000000000000, 6.301461569844129862, 3.962967587499530264 ) ) ;
#2768 = ORIENTED_EDGE ( 'NONE', *, *, #7294, .F. ) ;
#2769 = FACE_OUTER_BOUND ( 'NONE', #85, .T. ) ;
#2770 = DIRECTION ( 'NONE',  ( 0.0000000000000000000, 1.000000000000000000, 0.0000000000000000000 ) ) ;
#2771 = EDGE_LOOP ( 'NONE', ( #400, #988, #6816, #2823, #492, #8507, #1421, #3523 ) ) ;
#2772 = VECTOR ( 'NONE', #4498, 1000.000000000000000 ) ;
#2773 = DIRECTION ( 'NONE',  ( 1.000000000000000000, 0.0000000000000000000, -4.231032868236119855E-16 ) ) ;
#2774 = DIRECTION ( 'NONE',  ( 0.0000000000000000000, 1.000000000000000000, 0.0000000000000000000 ) ) ;
#2775 = B_SPLINE_CURVE_WITH_KNOTS ( 'NONE', 3,
 ( #8610, #1552, #3178, #7074, #6310, #1024 ),
 .UNSPECIFIED., .F., .F.,
 ( 4, 2, 4 ),
 ( 8.673617379884035472E-19, 0.0002833620155390333866, 0.0005667240310780659058 ),
 .UNSPECIFIED. ) ;
#2776 = ADVANCED_FACE ( 'NONE', ( #3602 ), #8376, .T. ) ;
#2777 = CARTESIAN_POINT ( 'NONE',  ( 2.500000000000000000, 4.250000000000031086, -4.349999999999999645 ) ) ;
#2778 = CARTESIAN_POINT ( 'NONE',  ( 4.549999999999999822, 7.250000000000000000, 0.6500000000000020206 ) ) ;
#2779 = VECTOR ( 'NONE', #844, 1000.000000000000000 ) ;
#2780 = CARTESIAN_POINT ( 'NONE',  ( -3.976897247869476626, 6.379062758813164535, 5.679065084668725838 ) ) ;
#2781 = CARTESIAN_POINT ( 'NONE',  ( 0.2500000000000000000, 7.750000000000000000, 7.600149882373641713E-15 ) ) ;
#2782 =( LENGTH_UNIT ( ) NAMED_UNIT ( * ) SI_UNIT ( .MILLI., .METRE. ) );
#2783 = VERTEX_POINT ( 'NONE', #5234 ) ;
#2784 =( NAMED_UNIT ( * ) PLANE_ANGLE_UNIT ( ) SI_UNIT ( $, .RADIAN. ) );
#2785 = DIRECTION ( 'NONE',  ( -0.8660254037845415143, -0.4999999999998216982, 0.0000000000000000000 ) ) ;
#2786 = AXIS2_PLACEMENT_3D ( 'NONE', #9753, #4220, #7392 ) ;
#2787 = LINE ( 'NONE', #3717, #1611 ) ;
#2788 = AXIS2_PLACEMENT_3D ( 'NONE', #3585, #7673, #5138 ) ;
#2789 = AXIS2_PLACEMENT_3D ( 'NONE', #6938, #9388, #3022 ) ;
#2790 = SURFACE_SIDE_STYLE ('',( #8348 ) ) ;
#2791 = VECTOR ( 'NONE', #4594, 1000.000000000000000 ) ;
#2792 = DIRECTION ( 'NONE',  ( 1.717547996016639994E-16, 0.0000000000000000000, 1.000000000000000000 ) ) ;
#2793 = SURFACE_SIDE_STYLE ('',( #4369 ) ) ;
#2794 = STYLED_ITEM ( 'NONE', ( #8750 ), #4945 ) ;
#2795 = VECTOR ( 'NONE', #9305, 1000.000000000000114 ) ;
#2796 = VECTOR ( 'NONE', #7954, 1000.000000000000000 ) ;
#2797 = CARTESIAN_POINT ( 'NONE',  ( 6.022645188653849679, 6.378927305446330465, 5.621766569588300122 ) ) ;
#2798 = ORIENTED_EDGE ( 'NONE', *, *, #5742, .T. ) ;
#2799 = CARTESIAN_POINT ( 'NONE',  ( 7.750000000000000000, 4.250000000000031086, -4.349999999999999645 ) ) ;
#2800 = FILL_AREA_STYLE ('',( #7679 ) ) ;
#2801 = EDGE_CURVE ( 'NONE', #5502, #7379, #3457, .T. ) ;
#2802 = VERTEX_POINT ( 'NONE', #4273 ) ;
#2803 = SURFACE_SIDE_STYLE ('',( #3594 ) ) ;
#2804 = COLOUR_RGB ( '',0.2862745098039215508, 0.6431372549019607199, 0.8666666666666666963 ) ;
#2805 = PRESENTATION_STYLE_ASSIGNMENT (( #7459 ) ) ;
#2806 = EDGE_CURVE ( 'NONE', #3887, #8274, #6639, .T. ) ;
#2807 = AXIS2_PLACEMENT_3D ( 'NONE', #9238, #2190, #4626 ) ;
#2808 = ORIENTED_EDGE ( 'NONE', *, *, #7691, .T. ) ;
#2809 = DIRECTION ( 'NONE',  ( 0.0000000000000000000, 0.0000000000000000000, -1.000000000000000000 ) ) ;
#2810 = LINE ( 'NONE', #8319, #6078 ) ;
#2811 = PRESENTATION_LAYER_ASSIGNMENT (  '', '', ( #7258 ) ) ;
#2812 = CARTESIAN_POINT ( 'NONE',  ( -0.5000000000000000000, 6.250000000000031086, 5.699344090454340872 ) ) ;
#2813 = EDGE_CURVE ( 'NONE', #3570, #7075, #2810, .T. ) ;
#2814 = PLANE ( 'NONE',  #2213 ) ;
#2815 = FILL_AREA_STYLE_COLOUR ( '', #209 ) ;
#2816 =( NAMED_UNIT ( * ) PLANE_ANGLE_UNIT ( ) SI_UNIT ( $, .RADIAN. ) );
#2817 = VECTOR ( 'NONE', #5321, 1000.000000000000000 ) ;
#2818 = AXIS2_PLACEMENT_3D ( 'NONE', #220, #267, #7418 ) ;
#2819 = FILL_AREA_STYLE ('',( #7649 ) ) ;
#2820 = EDGE_CURVE ( 'NONE', #9442, #4418, #511, .T. ) ;
#2821 = EDGE_CURVE ( 'NONE', #8890, #8738, #1881, .T. ) ;
#2822 = FILL_AREA_STYLE_COLOUR ( '', #5250 ) ;
#2823 = ORIENTED_EDGE ( 'NONE', *, *, #3221, .T. ) ;
#2824 = DIRECTION ( 'NONE',  ( 0.0000000000000000000, 0.0000000000000000000, -1.000000000000000000 ) ) ;
#2825 = LINE ( 'NONE', #4430, #9209 ) ;
#2826 = ORIENTED_EDGE ( 'NONE', *, *, #7162, .F. ) ;
#2827 = PRESENTATION_STYLE_ASSIGNMENT (( #8291 ) ) ;
#2828 = CARTESIAN_POINT ( 'NONE',  ( 5.937107388568626298, 3.850000000000009415, 9.314249409997639617 ) ) ;
#2829 = DIRECTION ( 'NONE',  ( 0.0000000000000000000, -1.000000000000000000, 0.0000000000000000000 ) ) ;
#2830 = VERTEX_POINT ( 'NONE', #9759 ) ;
#2831 = VERTEX_POINT ( 'NONE', #6009 ) ;
#2832 = MECHANICAL_DESIGN_GEOMETRIC_PRESENTATION_REPRESENTATION (  '', ( #7113 ), #1666 ) ;
#2833 =( NAMED_UNIT ( * ) SI_UNIT ( $, .STERADIAN. ) SOLID_ANGLE_UNIT ( ) );
#2834 = LINE ( 'NONE', #7524, #428 ) ;
#2835 = EDGE_CURVE ( 'NONE', #5584, #2114, #5045, .T. ) ;
#2836 = DIRECTION ( 'NONE',  ( -0.3713906763541049427, 0.9284766908852587486, 5.238529448733279331E-32 ) ) ;
#2837 = CARTESIAN_POINT ( 'NONE',  ( 6.450000000000000178, -1.462314593354880232, 2.800000000000010036 ) ) ;
#2838 = ORIENTED_EDGE ( 'NONE', *, *, #5526, .F. ) ;
#2839 = CARTESIAN_POINT ( 'NONE',  ( 6.450000000000000178, 6.900812423267500328, 3.990870176997169949 ) ) ;
#2840 = AXIS2_PLACEMENT_3D ( 'NONE', #7755, #3962, #7140 ) ;
#2841 = CARTESIAN_POINT ( 'NONE',  ( 5.937107388568777289, 4.650000000000010125, 9.314249409997573892 ) ) ;
#2842 = ORIENTED_EDGE ( 'NONE', *, *, #6673, .F. ) ;
#2843 = PLANE ( 'NONE',  #7279 ) ;
#2844 = FACE_OUTER_BOUND ( 'NONE', #4537, .T. ) ;
#2845 = AXIS2_PLACEMENT_3D ( 'NONE', #2331, #3059, #8563 ) ;
#2846 = CARTESIAN_POINT ( 'NONE',  ( 10.00000000000000000, 0.9499999999999999556, 6.200000000000001066 ) ) ;
#2847 = ORIENTED_EDGE ( 'NONE', *, *, #207, .T. ) ;
#2848 = SURFACE_SIDE_STYLE ('',( #6866 ) ) ;
#2849 = ORIENTED_EDGE ( 'NONE', *, *, #1865, .T. ) ;
#2850 = ORIENTED_EDGE ( 'NONE', *, *, #7972, .F. ) ;
#2851 = CARTESIAN_POINT ( 'NONE',  ( 0.8992189406417899766, 3.850000000000010303, 8.800000000000000711 ) ) ;
#2852 = CONICAL_SURFACE ( 'NONE', #6139, 1.599999999999999867, 0.07130746470380971980 ) ;
#2853 = EDGE_CURVE ( 'NONE', #274, #3970, #3069, .T. ) ;
#2854 = CARTESIAN_POINT ( 'NONE',  ( 3.970471856080231010, 6.144996693392779541, 5.536046900691041550 ) ) ;
#2855 = ORIENTED_EDGE ( 'NONE', *, *, #7431, .F. ) ;
#2856 = PLANE ( 'NONE',  #6646 ) ;
#2857 = DIRECTION ( 'NONE',  ( -0.2716300227878299944, -0.06713375248915300075, 0.9600573889080840084 ) ) ;
#2858 = VECTOR ( 'NONE', #4543, 1000.000000000000000 ) ;
#2859 = PLANE ( 'NONE',  #9903 ) ;
#2860 = CARTESIAN_POINT ( 'NONE',  ( 2.500000000000000000, 4.250000000000009770, 9.500000000000010658 ) ) ;
#2861 = LINE ( 'NONE', #9135, #4715 ) ;
#2862 = DIRECTION ( 'NONE',  ( 0.0000000000000000000, 0.0000000000000000000, 1.000000000000000000 ) ) ;
#2863 = DIRECTION ( 'NONE',  ( 0.0000000000000000000, 1.000000000000000000, 0.0000000000000000000 ) ) ;
#2864 = FACE_OUTER_BOUND ( 'NONE', #7284, .T. ) ;
#2865 = EDGE_CURVE ( 'NONE', #4256, #9957, #1616, .T. ) ;
#2866 = EDGE_CURVE ( 'NONE', #6403, #3626, #2751, .T. ) ;
#2867 = SURFACE_STYLE_FILL_AREA ( #2819 ) ;
#2868 = LINE ( 'NONE', #4284, #5907 ) ;
#2869 = VERTEX_POINT ( 'NONE', #9036 ) ;
#2870 = DIRECTION ( 'NONE',  ( 0.0000000000000000000, 1.000000000000000000, 0.0000000000000000000 ) ) ;
#2871 = CARTESIAN_POINT ( 'NONE',  ( 6.143990033716241861, 4.650000000000010125, 9.500000000000000000 ) ) ;
#2872 = ORIENTED_EDGE ( 'NONE', *, *, #4713, .F. ) ;
#2873 = CARTESIAN_POINT ( 'NONE',  ( 0.0000000000000000000, 0.0000000000000000000, 0.0000000000000000000 ) ) ;
#2874 =( NAMED_UNIT ( * ) PLANE_ANGLE_UNIT ( ) SI_UNIT ( $, .RADIAN. ) );
#2875 = CARTESIAN_POINT ( 'NONE',  ( 4.500000000000000888, 6.620978138265459556, 5.127902589497660202 ) ) ;
#2876 = ORIENTED_EDGE ( 'NONE', *, *, #10190, .T. ) ;
#2877 = EDGE_CURVE ( 'NONE', #6680, #1432, #5115, .T. ) ;
#2878 = DIRECTION ( 'NONE',  ( 1.000000000000000000, 0.0000000000000000000, -4.231032868236119855E-16 ) ) ;
#2879 = FACE_OUTER_BOUND ( 'NONE', #6527, .T. ) ;
#2880 = CARTESIAN_POINT ( 'NONE',  ( 8.550000000000000711, 3.592004494644689849, 2.875961234938969824 ) ) ;
#2881 = PLANE ( 'NONE',  #645 ) ;
#2882 = UNCERTAINTY_MEASURE_WITH_UNIT (LENGTH_MEASURE( 1.000000000000000082E-05 ), #8519, 'distance_accuracy_value', 'NONE');
#2883 = FACE_OUTER_BOUND ( 'NONE', #7121, .T. ) ;
#2884 = ORIENTED_EDGE ( 'NONE', *, *, #5227, .T. ) ;
#2885 = B_SPLINE_CURVE_WITH_KNOTS ( 'NONE', 3,
 ( #1131, #1069, #4154, #5739 ),
 .UNSPECIFIED., .F., .F.,
 ( 4, 4 ),
 ( 2.431334022595082756E-11, 0.0001342749659835718143 ),
 .UNSPECIFIED. ) ;
#2886 = SURFACE_STYLE_USAGE ( .BOTH. , #3627 ) ;
#2887 = CARTESIAN_POINT ( 'NONE',  ( -2.000000000000000000, 4.250000000000031086, 0.7500000000000009992 ) ) ;
#2888 = DIRECTION ( 'NONE',  ( 0.0000000000000000000, 0.0000000000000000000, -1.000000000000000000 ) ) ;
#2889 = EDGE_CURVE ( 'NONE', #750, #3080, #3844, .T. ) ;
#2890 = ADVANCED_FACE ( 'NONE', ( #6975 ), #4672, .T. ) ;
#2891 = CARTESIAN_POINT ( 'NONE',  ( -1.128298252077120090, 6.620978138265459556, 5.127902589497670860 ) ) ;
#2892 = DIRECTION ( 'NONE',  ( 0.0000000000000000000, 0.9284766908852596368, 0.3713906763541028888 ) ) ;
#2893 = DIRECTION ( 'NONE',  ( -0.3481553119113940387, 0.8703882797784900927, 0.3481553119113949823 ) ) ;
#2894 = ORIENTED_EDGE ( 'NONE', *, *, #896, .T. ) ;
#2895 = CARTESIAN_POINT ( 'NONE',  ( 8.550000000000000711, -1.462314593354880232, 2.800000000000010036 ) ) ;
#2896 = COLOUR_RGB ( '',0.2862745098039215508, 0.6431372549019607199, 0.8666666666666666963 ) ;
#2897 = ORIENTED_EDGE ( 'NONE', *, *, #4022, .F. ) ;
#2898 = EDGE_CURVE ( 'NONE', #9225, #4019, #3004, .T. ) ;
#2899 = VERTEX_POINT ( 'NONE', #6107 ) ;
#2900 = STYLED_ITEM ( 'NONE', ( #9826 ), #636 ) ;
#2901 = CARTESIAN_POINT ( 'NONE',  ( 4.549999999999999822, 6.250000000000031086, 0.6499999999999990230 ) ) ;
#2902 = EDGE_LOOP ( 'NONE', ( #8742, #69, #1206, #7318 ) ) ;
#2903 = CARTESIAN_POINT ( 'NONE',  ( 15.00000000000000000, 0.1499999999999999944, 6.700000000000000178 ) ) ;
#2904 = DIRECTION ( 'NONE',  ( 1.000000000000000000, 0.0000000000000000000, 0.0000000000000000000 ) ) ;
#2905 = CARTESIAN_POINT ( 'NONE',  ( 6.041844086465573582, 6.384612859889100989, 5.465433459372670555 ) ) ;
#2906 = SURFACE_SIDE_STYLE ('',( #1589 ) ) ;
#2907 = COLOUR_RGB ( '',0.2862745098039215508, 0.6431372549019607199, 0.8666666666666666963 ) ;
#2908 = CYLINDRICAL_SURFACE ( 'NONE', #9197, 1.400000000000000133 ) ;
#2909 = UNCERTAINTY_MEASURE_WITH_UNIT (LENGTH_MEASURE( 1.000000000000000082E-05 ), #4569, 'distance_accuracy_value', 'NONE');
#2910 = ORIENTED_EDGE ( 'NONE', *, *, #2835, .T. ) ;
#2911 = DIRECTION ( 'NONE',  ( 0.0000000000000000000, -1.000000000000000000, 0.0000000000000000000 ) ) ;
#2912 = DIRECTION ( 'NONE',  ( 0.0000000000000000000, 1.000000000000000000, 0.0000000000000000000 ) ) ;
#2913 = COLOUR_RGB ( '',0.2862745098039215508, 0.6431372549019607199, 0.8666666666666666963 ) ;
#2914 = DIRECTION ( 'NONE',  ( 1.000000000000000000, 0.0000000000000000000, -3.641714079092569968E-16 ) ) ;
#2915 = DIRECTION ( 'NONE',  ( 0.0000000000000000000, 0.0000000000000000000, 1.000000000000000000 ) ) ;
#2916 = ORIENTED_EDGE ( 'NONE', *, *, #7974, .F. ) ;
#2917 = CARTESIAN_POINT ( 'NONE',  ( 25.00000000000000000, 7.750000000000000000, 0.4499999999999910183 ) ) ;
#2918 = EDGE_LOOP ( 'NONE', ( #7747, #2026 ) ) ;
#2919 =( NAMED_UNIT ( * ) SI_UNIT ( $, .STERADIAN. ) SOLID_ANGLE_UNIT ( ) );
#2920 = FACE_OUTER_BOUND ( 'NONE', #5085, .T. ) ;
#2921 = LINE ( 'NONE', #8335, #6905 ) ;
#2922 = ORIENTED_EDGE ( 'NONE', *, *, #3173, .T. ) ;
#2923 = AXIS2_PLACEMENT_3D ( 'NONE', #3660, #9051, #5056 ) ;
#2924 = DIRECTION ( 'NONE',  ( -6.323770134184271214E-17, 0.9848077530122081313, 0.1736481776669300259 ) ) ;
#2925 = CARTESIAN_POINT ( 'NONE',  ( 4.200000000000000178, 3.850000000000010303, 8.800000000000009592 ) ) ;
#2926 = CIRCLE ( 'NONE', #8203, 0.2499999999999997780 ) ;
#2927 = CARTESIAN_POINT ( 'NONE',  ( 9.059110900119890175, 3.850000000000010303, 9.365540160509151946 ) ) ;
#2928 = EDGE_CURVE ( 'NONE', #9646, #9339, #4516, .T. ) ;
#2929 = AXIS2_PLACEMENT_3D ( 'NONE', #8496, #4554, #9219 ) ;
#2930 = CARTESIAN_POINT ( 'NONE',  ( 6.030138328426668082, 6.381146321179233638, 5.536094731449907158 ) ) ;
#2931 = DIRECTION ( 'NONE',  ( -1.000000000000000000, 0.0000000000000000000, -3.641714079092569968E-16 ) ) ;
#2932 = EDGE_LOOP ( 'NONE', ( #9975, #2682, #1763, #8885 ) ) ;
#2933 =( NAMED_UNIT ( * ) SI_UNIT ( $, .STERADIAN. ) SOLID_ANGLE_UNIT ( ) );
#2934 = CARTESIAN_POINT ( 'NONE',  ( -5.000000000000000000, 1.560000000000000275, 6.200000000000001066 ) ) ;
#2935 = EDGE_CURVE ( 'NONE', #6686, #1381, #7411, .T. ) ;
#2936 = DIRECTION ( 'NONE',  ( 0.0000000000000000000, 0.0000000000000000000, -1.000000000000000000 ) ) ;
#2937 = CIRCLE ( 'NONE', #9335, 1.700000000000000178 ) ;
#2938 = LINE ( 'NONE', #1085, #9875 ) ;
#2939 = FACE_OUTER_BOUND ( 'NONE', #6482, .T. ) ;
#2940 = FILL_AREA_STYLE_COLOUR ( '', #3107 ) ;
#2941 = ADVANCED_FACE ( 'NONE', ( #10113 ), #6150, .T. ) ;
#2942 = EDGE_CURVE ( 'NONE', #3667, #265, #2274, .T. ) ;
#2943 = COLOUR_RGB ( '',0.2862745098039215508, 0.6431372549019607199, 0.8666666666666666963 ) ;
#2944 = FILL_AREA_STYLE ('',( #3994 ) ) ;
#2945 = ORIENTED_EDGE ( 'NONE', *, *, #16, .F. ) ;
#2946 = AXIS2_PLACEMENT_3D ( 'NONE', #8785, #4886, #1093 ) ;
#2947 =( NAMED_UNIT ( * ) PLANE_ANGLE_UNIT ( ) SI_UNIT ( $, .RADIAN. ) );
#2948 = VECTOR ( 'NONE', #5917, 1000.000000000000000 ) ;
#2949 = ORIENTED_EDGE ( 'NONE', *, *, #7612, .F. ) ;
#2950 = ORIENTED_EDGE ( 'NONE', *, *, #4743, .F. ) ;
#2951 = VECTOR ( 'NONE', #9616, 1000.000000000000000 ) ;
#2952 = MECHANICAL_DESIGN_GEOMETRIC_PRESENTATION_REPRESENTATION (  '', ( #372 ), #621 ) ;
#2953 = PRESENTATION_LAYER_ASSIGNMENT (  '', '', ( #2122 ) ) ;
#2954 =( GEOMETRIC_REPRESENTATION_CONTEXT ( 3 ) GLOBAL_UNCERTAINTY_ASSIGNED_CONTEXT ( ( #6320 ) ) GLOBAL_UNIT_ASSIGNED_CONTEXT ( ( #7182, #4770, #5696 ) ) REPRESENTATION_CONTEXT ( 'NONE', 'WORKASPACE' ) );
#2955 = ORIENTED_EDGE ( 'NONE', *, *, #7612, .T. ) ;
#2956 = DIRECTION ( 'NONE',  ( 0.0000000000000000000, 0.0000000000000000000, 1.000000000000000000 ) ) ;
#2957 = ORIENTED_EDGE ( 'NONE', *, *, #4476, .T. ) ;
#2958 = CARTESIAN_POINT ( 'NONE',  ( 10.00000000000000000, 7.450000000000000178, 6.200000000000001066 ) ) ;
#2959 = CARTESIAN_POINT ( 'NONE',  ( 6.005392207408168481, 6.250000000000030198, 5.499015461808848038 ) ) ;
#2960 = VECTOR ( 'NONE', #6060, 1000.000000000000000 ) ;
#2961 = DIRECTION ( 'NONE',  ( 0.0000000000000000000, 0.0000000000000000000, -1.000000000000000000 ) ) ;
#2962 = CARTESIAN_POINT ( 'NONE',  ( 3.549999999999999822, 6.301461569844129862, 3.962967587499520050 ) ) ;
#2963 = AXIS2_PLACEMENT_3D ( 'NONE', #3089, #4697, #10090 ) ;
#2964 = LINE ( 'NONE', #6876, #5950 ) ;
#2965 = UNCERTAINTY_MEASURE_WITH_UNIT (LENGTH_MEASURE( 1.000000000000000082E-05 ), #693, 'distance_accuracy_value', 'NONE');
#2966 = B_SPLINE_CURVE_WITH_KNOTS ( 'NONE', 3,
 ( #75, #8699, #4602, #3164 ),
 .UNSPECIFIED., .F., .F.,
 ( 4, 4 ),
 ( 0.0000000000000000000, 0.0001342552525292888292 ),
 .UNSPECIFIED. ) ;
#2967 = SURFACE_STYLE_FILL_AREA ( #6882 ) ;
#2968 = STYLED_ITEM ( 'NONE', ( #1770 ), #3773 ) ;
#2969 = SURFACE_SIDE_STYLE ('',( #2194 ) ) ;
#2970 = DIRECTION ( 'NONE',  ( 1.000000000000000000, 0.0000000000000000000, -4.231032868236119855E-16 ) ) ;
#2971 = ORIENTED_EDGE ( 'NONE', *, *, #10063, .F. ) ;
#2972 = CARTESIAN_POINT ( 'NONE',  ( 3.856009966283758583, 4.650000000000010125, 9.500000000000000000 ) ) ;
#2973 = VERTEX_POINT ( 'NONE', #6516 ) ;
#2974 = CARTESIAN_POINT ( 'NONE',  ( 0.4500000000000000666, 2.200000000000000178, 5.700000000000000178 ) ) ;
#2975 = ORIENTED_EDGE ( 'NONE', *, *, #2328, .T. ) ;
#2976 = CARTESIAN_POINT ( 'NONE',  ( 0.9371073885686268534, 3.850000000000009415, 9.314249409997653828 ) ) ;
#2977 =( GEOMETRIC_REPRESENTATION_CONTEXT ( 3 ) GLOBAL_UNCERTAINTY_ASSIGNED_CONTEXT ( ( #3765 ) ) GLOBAL_UNIT_ASSIGNED_CONTEXT ( ( #9622, #7215, #8809 ) ) REPRESENTATION_CONTEXT ( 'NONE', 'WORKASPACE' ) );
#2978 = AXIS2_PLACEMENT_3D ( 'NONE', #7606, #520, #2911 ) ;
#2979 = EDGE_LOOP ( 'NONE', ( #7176, #6241 ) ) ;
#2980 = CARTESIAN_POINT ( 'NONE',  ( 2.500000000000000000, 4.250000000000031086, -7.780492421955380190E-15 ) ) ;
#2981 = EDGE_CURVE ( 'NONE', #5281, #8005, #3382, .T. ) ;
#2982 = FILL_AREA_STYLE_COLOUR ( '', #117 ) ;
#2983 = PRESENTATION_LAYER_ASSIGNMENT (  '', '', ( #7445 ) ) ;
#2984 = DIRECTION ( 'NONE',  ( 0.0000000000000000000, 0.0000000000000000000, 1.000000000000000000 ) ) ;
#2985 = UNCERTAINTY_MEASURE_WITH_UNIT (LENGTH_MEASURE( 1.000000000000000082E-05 ), #6492, 'distance_accuracy_value', 'NONE');
#2986 =( LENGTH_UNIT ( ) NAMED_UNIT ( * ) SI_UNIT ( .MILLI., .METRE. ) );
#2987 = ORIENTED_EDGE ( 'NONE', *, *, #8976, .F. ) ;
#2988 = PRESENTATION_STYLE_ASSIGNMENT (( #8490 ) ) ;
#2989 = DIRECTION ( 'NONE',  ( 0.0000000000000000000, 0.0000000000000000000, 1.000000000000000000 ) ) ;
#2990 = EDGE_CURVE ( 'NONE', #9666, #5535, #2588, .T. ) ;
#2991 = STYLED_ITEM ( 'NONE', ( #7362 ), #6024 ) ;
#2992 = CARTESIAN_POINT ( 'NONE',  ( 0.4500000000000000666, 7.750000000000000000, 5.900000000000000355 ) ) ;
#2993 = CARTESIAN_POINT ( 'NONE',  ( -4.450000000000000178, 1.877542648054139951, 6.200000000000001066 ) ) ;
#2994 = EDGE_CURVE ( 'NONE', #9225, #2036, #2694, .T. ) ;
#2995 =( NAMED_UNIT ( * ) SI_UNIT ( $, .STERADIAN. ) SOLID_ANGLE_UNIT ( ) );
#2996 = CARTESIAN_POINT ( 'NONE',  ( 3.969861671524563373, 6.381146321193676307, 5.536094731138513581 ) ) ;
#2997 = EDGE_LOOP ( 'NONE', ( #5358, #6902, #2293, #1388 ) ) ;
#2998 = COLOUR_RGB ( '',0.2862745098039215508, 0.6431372549019607199, 0.8666666666666666963 ) ;
#2999 = PRESENTATION_STYLE_ASSIGNMENT (( #503 ) ) ;
#3000 = ORIENTED_EDGE ( 'NONE', *, *, #4824, .F. ) ;
#3001 = ORIENTED_EDGE ( 'NONE', *, *, #5356, .T. ) ;
#3002 = EDGE_CURVE ( 'NONE', #196, #2465, #4106, .T. ) ;
#3003 = EDGE_CURVE ( 'NONE', #9960, #6864, #2490, .T. ) ;
#3004 =( BOUNDED_CURVE ( )  B_SPLINE_CURVE ( 3, ( #8415, #5488, #6195, #1350 ),
 .UNSPECIFIED., .F., .T. ) 
 B_SPLINE_CURVE_WITH_KNOTS ( ( 4, 4 ),
 ( 1.008957096879879778, 1.500983156715103739 ),
 .UNSPECIFIED. ) 
 CURVE ( )  GEOMETRIC_REPRESENTATION_ITEM ( )  RATIONAL_B_SPLINE_CURVE ( ( 1.000000000000000000, 0.9799274069394412479, 0.9799274069394412479, 1.000000000000000000 ) ) 
 REPRESENTATION_ITEM ( '' )  );
#3005 = EDGE_CURVE ( 'NONE', #571, #2830, #7132, .T. ) ;
#3006 = VERTEX_POINT ( 'NONE', #868 ) ;
#3007 = DIRECTION ( 'NONE',  ( 0.0000000000000000000, -0.1275217425395260284, 0.9918357753074259486 ) ) ;
#3008 = ORIENTED_EDGE ( 'NONE', *, *, #8213, .T. ) ;
#3009 =( NAMED_UNIT ( * ) PLANE_ANGLE_UNIT ( ) SI_UNIT ( $, .RADIAN. ) );
#3010 = B_SPLINE_CURVE_WITH_KNOTS ( 'NONE', 3,
 ( #8038, #3368, #3313, #6452, #6505, #1799 ),
 .UNSPECIFIED., .F., .F.,
 ( 4, 2, 4 ),
 ( 0.0000000000000000000, 0.5443967235616410383, 1.000000000000000000 ),
 .UNSPECIFIED. ) ;
#3011 = AXIS2_PLACEMENT_3D ( 'NONE', #2216, #9309, #1384 ) ;
#3012 = CARTESIAN_POINT ( 'NONE',  ( 7.500000000000000000, 5.950000000000040146, 2.750000000000000000 ) ) ;
#3013 = ORIENTED_EDGE ( 'NONE', *, *, #9741, .T. ) ;
#3014 = CARTESIAN_POINT ( 'NONE',  ( 3.856009966283758583, 4.650000000000010125, 9.500000000000000000 ) ) ;
#3015 = CARTESIAN_POINT ( 'NONE',  ( 8.553947254147852064, 6.900000000000019895, 4.004821471746000228 ) ) ;
#3016 = ADVANCED_FACE ( 'NONE', ( #152 ), #4992, .T. ) ;
#3017 = EDGE_CURVE ( 'NONE', #2424, #342, #6636, .T. ) ;
#3018 = AXIS2_PLACEMENT_3D ( 'NONE', #7931, #178, #846 ) ;
#3019 = FACE_OUTER_BOUND ( 'NONE', #706, .T. ) ;
#3020 = CARTESIAN_POINT ( 'NONE',  ( 6.999999999999999112, 4.250000000000031086, 0.7499999999999960032 ) ) ;
#3021 = SURFACE_STYLE_FILL_AREA ( #7962 ) ;
#3022 = DIRECTION ( 'NONE',  ( 0.0000000000000000000, -1.000000000000000000, 0.0000000000000000000 ) ) ;
#3023 = CARTESIAN_POINT ( 'NONE',  ( 8.994607792362456777, 6.250000000000374811, 5.499015461809751315 ) ) ;
#3024 = ORIENTED_EDGE ( 'NONE', *, *, #2028, .F. ) ;
#3025 = LINE ( 'NONE', #2198, #5191 ) ;
#3026 = ORIENTED_EDGE ( 'NONE', *, *, #3210, .F. ) ;
#3027 = CARTESIAN_POINT ( 'NONE',  ( 6.024296180761087527, 6.556746840807199384, 5.606750848806111520 ) ) ;
#3028 = CYLINDRICAL_SURFACE ( 'NONE', #6753, 0.5000000000000004441 ) ;
#3029 = COLOUR_RGB ( '',0.2862745098039215508, 0.6431372549019607199, 0.8666666666666666963 ) ;
#3030 = EDGE_LOOP ( 'NONE', ( #4707, #206, #4661, #2202 ) ) ;
#3031 = AXIS2_PLACEMENT_3D ( 'NONE', #3674, #6084, #2104 ) ;
#3032 = DIRECTION ( 'NONE',  ( 1.000000000000000000, 0.0000000000000000000, 0.0000000000000000000 ) ) ;
#3033 = EDGE_CURVE ( 'NONE', #2119, #812, #3780, .T. ) ;
#3034 = SURFACE_STYLE_USAGE ( .BOTH. , #19 ) ;
#3035 = PRODUCT ( 'CUI_DEVICES_TB002-500-07BE', 'CUI_DEVICES_TB002-500-07BE', '', ( #7890 ) ) ;
#3036 = CARTESIAN_POINT ( 'NONE',  ( 4.062892611435065859, 3.850000000000010303, 9.314249409999250773 ) ) ;
#3037 = SURFACE_STYLE_USAGE ( .BOTH. , #10089 ) ;
#3038 = DIRECTION ( 'NONE',  ( 1.000000000000000000, 0.0000000000000000000, 0.0000000000000000000 ) ) ;
#3039 = ORIENTED_EDGE ( 'NONE', *, *, #4267, .T. ) ;
#3040 = DIRECTION ( 'NONE',  ( 0.0000000000000000000, 0.9045256429962995615, -0.4264192316982558517 ) ) ;
#3041 = DIRECTION ( 'NONE',  ( 0.0000000000000000000, 1.000000000000000000, 0.0000000000000000000 ) ) ;
#3042 = SURFACE_STYLE_FILL_AREA ( #8492 ) ;
#3043 = AXIS2_PLACEMENT_3D ( 'NONE', #9406, #2210, #3758 ) ;
#3044 = CARTESIAN_POINT ( 'NONE',  ( 6.075900883378422712, 6.560463200155849606, 5.313097438219570812 ) ) ;
#3045 = ORIENTED_EDGE ( 'NONE', *, *, #8251, .T. ) ;
#3046 = FILL_AREA_STYLE ('',( #10100 ) ) ;
#3047 = CARTESIAN_POINT ( 'NONE',  ( 8.892263480588887603, 6.816384655952809624, 5.200576600905333358 ) ) ;
#3048 = CARTESIAN_POINT ( 'NONE',  ( 3.907389140044557507, 3.850000000000010303, 9.500000000000031974 ) ) ;
#3049 = ORIENTED_EDGE ( 'NONE', *, *, #567, .F. ) ;
#3050 = CARTESIAN_POINT ( 'NONE',  ( -2.500000000000000000, 4.250000000000031086, -4.349999999999999645 ) ) ;
#3051 = ORIENTED_EDGE ( 'NONE', *, *, #768, .F. ) ;
#3053 = VERTEX_POINT ( 'NONE', #9584 ) ;
#3052 = ADVANCED_FACE ( 'NONE', ( #7288 ), #1658, .T. ) ;
#3054 = EDGE_CURVE ( 'NONE', #5515, #4727, #4130, .T. ) ;
#3055 = ORIENTED_EDGE ( 'NONE', *, *, #1398, .T. ) ;
#3056 = DIRECTION ( 'NONE',  ( 0.0000000000000000000, -1.000000000000000000, 0.0000000000000000000 ) ) ;
#3057 = CIRCLE ( 'NONE', #7002, 1.613267899285889984 ) ;
#3058 = ORIENTED_EDGE ( 'NONE', *, *, #5272, .T. ) ;
#3059 = DIRECTION ( 'NONE',  ( 2.232180943352509796E-16, -1.000000000000000000, 0.0000000000000000000 ) ) ;
#3060 = ORIENTED_EDGE ( 'NONE', *, *, #1915, .T. ) ;
#3061 = FILL_AREA_STYLE_COLOUR ( '', #1968 ) ;
#3062 = SURFACE_STYLE_USAGE ( .BOTH. , #665 ) ;
#3063 = DIRECTION ( 'NONE',  ( -0.9622281902964742173, 0.0000000000000000000, 0.2722442098535290400 ) ) ;
#3064 = PLANE ( 'NONE',  #7149 ) ;
#3065 = ORIENTED_EDGE ( 'NONE', *, *, #9729, .T. ) ;
#3066 = CARTESIAN_POINT ( 'NONE',  ( 3.875649002070729932, 6.820490948317419644, 5.141853884246489592 ) ) ;
#3067 = ADVANCED_FACE ( 'NONE', ( #4876 ), #1308, .T. ) ;
#3068 = DIRECTION ( 'NONE',  ( 0.0000000000000000000, 0.0000000000000000000, 1.000000000000000000 ) ) ;
#3069 =( BOUNDED_CURVE ( )  B_SPLINE_CURVE ( 3, ( #5099, #8221, #1152, #4333 ),
 .UNSPECIFIED., .F., .T. ) 
 B_SPLINE_CURVE_WITH_KNOTS ( ( 4, 4 ),
 ( 2.977423445241600852, 3.130753691978260367 ),
 .UNSPECIFIED. ) 
 CURVE ( )  GEOMETRIC_REPRESENTATION_ITEM ( )  RATIONAL_B_SPLINE_CURVE ( ( 1.000000000000000000, 0.9980417790285975865, 0.9980417790285975865, 1.000000000000000000 ) ) 
 REPRESENTATION_ITEM ( '' )  );
#3070 = LINE ( 'NONE', #10175, #1479 ) ;
#3071 =( NAMED_UNIT ( * ) SI_UNIT ( $, .STERADIAN. ) SOLID_ANGLE_UNIT ( ) );
#3072 = CARTESIAN_POINT ( 'NONE',  ( 0.2500000000000029976, 7.750000000000000000, 5.900000000000000355 ) ) ;
#3074 = EDGE_CURVE ( 'NONE', #5398, #5006, #2742, .T. ) ;
#3073 = EDGE_LOOP ( 'NONE', ( #5218, #10227, #8411, #6497, #4964, #9778, #412, #799, #4783, #9701, #2010, #3341, #3938, #4580, #4560 ) ) ;
#3075 = ADVANCED_FACE ( 'NONE', ( #2208 ), #2136, .T. ) ;
#3076 = CIRCLE ( 'NONE', #5709, 0.5000000000000000000 ) ;
#3077 = DIRECTION ( 'NONE',  ( 0.0000000000000000000, -1.000000000000000000, 0.0000000000000000000 ) ) ;
#3078 = VERTEX_POINT ( 'NONE', #1870 ) ;
#3079 = DIRECTION ( 'NONE',  ( -1.000000000000000000, -5.580452358381269806E-16, 0.0000000000000000000 ) ) ;
#3080 = VERTEX_POINT ( 'NONE', #4410 ) ;
#3081 = DIRECTION ( 'NONE',  ( 0.0000000000000000000, -1.000000000000000000, 0.0000000000000000000 ) ) ;
#3082 = VERTEX_POINT ( 'NONE', #2692 ) ;
#3083 = CIRCLE ( 'NONE', #5229, 0.4000000000000001887 ) ;
#3084 = DIRECTION ( 'NONE',  ( 0.0000000000000000000, 0.0000000000000000000, 1.000000000000000000 ) ) ;
#3085 = CARTESIAN_POINT ( 'NONE',  ( -0.5000000000000000000, 6.405650476444289865, 3.372082935692199968 ) ) ;
#3086 = CARTESIAN_POINT ( 'NONE',  ( 3.553947254147849844, 6.900000000000019895, 4.004821471746000228 ) ) ;
#3087 = DIRECTION ( 'NONE',  ( -1.000000000000000000, 0.0000000000000000000, 0.0000000000000000000 ) ) ;
#3088 = LINE ( 'NONE', #689, #4366 ) ;
#3089 = CARTESIAN_POINT ( 'NONE',  ( 10.36999999999999922, 0.8864914703891380032, 6.200000000000001066 ) ) ;
#3090 = EDGE_LOOP ( 'NONE', ( #3300, #5736 ) ) ;
#3091 = DIRECTION ( 'NONE',  ( 1.717547996016639994E-16, 0.0000000000000000000, 1.000000000000000000 ) ) ;
#3092 = CARTESIAN_POINT ( 'NONE',  ( 4.500000000000000888, 6.700487189948059807, 3.990870176997169949 ) ) ;
#3093 = ADVANCED_FACE ( 'NONE', ( #5086 ), #3471, .T. ) ;
#3094 = SURFACE_STYLE_USAGE ( .BOTH. , #3877 ) ;
#3095 = DIRECTION ( 'NONE',  ( 0.0000000000000000000, 0.0000000000000000000, 1.000000000000000000 ) ) ;
#3096 = AXIS2_PLACEMENT_3D ( 'NONE', #200, #1814, #5854 ) ;
#3097 = LINE ( 'NONE', #4601, #7929 ) ;
#3098 = DIRECTION ( 'NONE',  ( 1.000000000000000000, 0.0000000000000000000, 0.0000000000000000000 ) ) ;
#3099 = B_SPLINE_CURVE_WITH_KNOTS ( 'NONE', 3,
 ( #2828, #8246, #9780, #2719, #7521, #9935 ),
 .UNSPECIFIED., .F., .F.,
 ( 4, 2, 4 ),
 ( 0.0000000000000000000, 0.4556032744929219835, 1.000000000000000000 ),
 .UNSPECIFIED. ) ;
#3100 = UNCERTAINTY_MEASURE_WITH_UNIT (LENGTH_MEASURE( 1.000000000000000082E-05 ), #4394, 'distance_accuracy_value', 'NONE');
#3101 = FACE_OUTER_BOUND ( 'NONE', #811, .T. ) ;
#3102 = ORIENTED_EDGE ( 'NONE', *, *, #4597, .T. ) ;
#3103 = EDGE_LOOP ( 'NONE', ( #2910, #2383, #5588, #2507 ) ) ;
#3104 = SHAPE_DEFINITION_REPRESENTATION ( #4466, #1951 ) ;
#3105 = CARTESIAN_POINT ( 'NONE',  ( 1.143990033716241861, 4.650000000000010125, 9.500000000000010658 ) ) ;
#3106 = ORIENTED_EDGE ( 'NONE', *, *, #9607, .T. ) ;
#3107 = COLOUR_RGB ( '',0.2862745098039215508, 0.6431372549019607199, 0.8666666666666666963 ) ;
#3108 = ORIENTED_EDGE ( 'NONE', *, *, #9607, .F. ) ;
#3109 = SURFACE_STYLE_USAGE ( .BOTH. , #5484 ) ;
#3110 = PRESENTATION_LAYER_ASSIGNMENT (  '', '', ( #605 ) ) ;
#3111 = VERTEX_POINT ( 'NONE', #9023 ) ;
#3112 = ORIENTED_EDGE ( 'NONE', *, *, #5965, .T. ) ;
#3113 = FACE_OUTER_BOUND ( 'NONE', #1486, .T. ) ;
#3114 = ORIENTED_EDGE ( 'NONE', *, *, #5669, .F. ) ;
#3115 = CARTESIAN_POINT ( 'NONE',  ( 30.00000000000000000, 7.750000000000000000, 5.900000000000000355 ) ) ;
#3116 = FILL_AREA_STYLE_COLOUR ( '', #4288 ) ;
#3117 = CARTESIAN_POINT ( 'NONE',  ( -0.5000000000000000000, 6.301461569844129862, 3.962967587499520050 ) ) ;
#3118 = CARTESIAN_POINT ( 'NONE',  ( 2.500000000000000000, 4.250000000000000000, 9.999999999999989342 ) ) ;
#3119 = AXIS2_PLACEMENT_3D ( 'NONE', #9628, #765, #5031 ) ;
#3120 = DIRECTION ( 'NONE',  ( -0.8660254037844391517, -0.4999999999999990563, 0.0000000000000000000 ) ) ;
#3121 = COLOUR_RGB ( '',0.7921568627450980005, 0.8196078431372548767, 0.9333333333333333481 ) ;
#3122 = AXIS2_PLACEMENT_3D ( 'NONE', #6502, #9618, #2568 ) ;
#3123 =( GEOMETRIC_REPRESENTATION_CONTEXT ( 3 ) GLOBAL_UNCERTAINTY_ASSIGNED_CONTEXT ( ( #6418 ) ) GLOBAL_UNIT_ASSIGNED_CONTEXT ( ( #6786, #5245, #4487 ) ) REPRESENTATION_CONTEXT ( 'NONE', 'WORKASPACE' ) );
#3124 = ADVANCED_FACE ( 'NONE', ( #8936 ), #6901, .T. ) ;
#3125 = UNCERTAINTY_MEASURE_WITH_UNIT (LENGTH_MEASURE( 1.000000000000000082E-05 ), #2189, 'distance_accuracy_value', 'NONE');
#3126 =( REPRESENTATION_RELATIONSHIP ('NONE','NONE', #3415, #1951 ) REPRESENTATION_RELATIONSHIP_WITH_TRANSFORMATION ( #9467 )SHAPE_REPRESENTATION_RELATIONSHIP( ) );
#3127 = CARTESIAN_POINT ( 'NONE',  ( -0.5000000000000000000, 6.221952518161529611, 5.100000000000011191 ) ) ;
#3128 = DIRECTION ( 'NONE',  ( 1.000000000000000000, 0.0000000000000000000, -5.152643988049929844E-16 ) ) ;
#3129 = VECTOR ( 'NONE', #3746, 1000.000000000000000 ) ;
#3130 = CARTESIAN_POINT ( 'NONE',  ( 6.023038840290179330, 6.143414083933709691, 5.701440280542519723 ) ) ;
#3131 = ADVANCED_FACE ( 'NONE', ( #6629 ), #5939, .T. ) ;
#3132 = LINE ( 'NONE', #674, #6246 ) ;
#3133 = VERTEX_POINT ( 'NONE', #6133 ) ;
#3134 = COLOUR_RGB ( '',0.2862745098039215508, 0.6431372549019607199, 0.8666666666666666963 ) ;
#3135 = COLOUR_RGB ( '',0.2862745098039215508, 0.6431372549019607199, 0.8666666666666666963 ) ;
#3136 = CARTESIAN_POINT ( 'NONE',  ( -4.549999999999999822, 5.950000000000040146, 0.6500000000000289990 ) ) ;
#3137 = ORIENTED_EDGE ( 'NONE', *, *, #1148, .T. ) ;
#3138 = DIRECTION ( 'NONE',  ( -5.152643988049929844E-16, 0.0000000000000000000, -1.000000000000000000 ) ) ;
#3139 = VERTEX_POINT ( 'NONE', #5365 ) ;
#3140 = DIRECTION ( 'NONE',  ( 1.000000000000000000, 0.0000000000000000000, -5.152643988049919983E-16 ) ) ;
#3141 = DIRECTION ( 'NONE',  ( 1.000000000000000000, 0.0000000000000000000, 0.0000000000000000000 ) ) ;
#3142 = EDGE_LOOP ( 'NONE', ( #1370, #9958 ) ) ;
#3143 = AXIS2_PLACEMENT_3D ( 'NONE', #682, #6168, #5457 ) ;
#3144 = ADVANCED_FACE ( 'NONE', ( #9752 ), #401, .T. ) ;
#3145 =( GEOMETRIC_REPRESENTATION_CONTEXT ( 3 ) GLOBAL_UNCERTAINTY_ASSIGNED_CONTEXT ( ( #9168 ) ) GLOBAL_UNIT_ASSIGNED_CONTEXT ( ( #1269, #3569, #7518 ) ) REPRESENTATION_CONTEXT ( 'NONE', 'WORKASPACE' ) );
#3146 = ADVANCED_FACE ( 'NONE', ( #21 ), #8711, .T. ) ;
#3147 = DIRECTION ( 'NONE',  ( 1.000000000000000000, 0.0000000000000000000, -5.152643988049929844E-16 ) ) ;
#3148 = DIRECTION ( 'NONE',  ( 0.0000000000000000000, -0.06975647374412512203, 0.9975640502598243087 ) ) ;
#3149 = FILL_AREA_STYLE ('',( #4745 ) ) ;
#3150 = AXIS2_PLACEMENT_3D ( 'NONE', #1606, #4831, #9480 ) ;
#3151 = DIRECTION ( 'NONE',  ( 0.0000000000000000000, 0.0000000000000000000, -1.000000000000000000 ) ) ;
#3152 = CARTESIAN_POINT ( 'NONE',  ( 7.500000000000000000, 4.250000000000009770, 8.000000000000000000 ) ) ;
#3153 = VERTEX_POINT ( 'NONE', #1470 ) ;
#3154 = VERTEX_POINT ( 'NONE', #8748 ) ;
#3155 = AXIS2_PLACEMENT_3D ( 'NONE', #9617, #5730, #233 ) ;
#3156 = FILL_AREA_STYLE_COLOUR ( '', #4692 ) ;
#3157 = DIRECTION ( 'NONE',  ( 1.000000000000000000, 0.0000000000000000000, -5.152643988049929844E-16 ) ) ;
#3158 = AXIS2_PLACEMENT_3D ( 'NONE', #1524, #3980, #7107 ) ;
#3159 = EDGE_CURVE ( 'NONE', #6453, #6494, #1526, .T. ) ;
#3160 = VECTOR ( 'NONE', #4781, 1000.000000000000000 ) ;
#3161 = DIRECTION ( 'NONE',  ( 0.0000000000000000000, 1.000000000000000000, 0.0000000000000000000 ) ) ;
#3162 = CARTESIAN_POINT ( 'NONE',  ( 2.500000000000000000, 4.250000000000009770, 9.300000000000000711 ) ) ;
#3163 = CARTESIAN_POINT ( 'NONE',  ( 1.092568578620797703, 3.850000000000008527, 9.500000000000003553 ) ) ;
#3164 = CARTESIAN_POINT ( 'NONE',  ( -1.023102752391785719, 6.379062758812451328, 5.679065084668917684 ) ) ;
#3165 = LINE ( 'NONE', #3937, #1021 ) ;
#3166 = ORIENTED_EDGE ( 'NONE', *, *, #9161, .T. ) ;
#3167 = APPLICATION_PROTOCOL_DEFINITION ( 'draft international standard', 'automotive_design', 1998, #5430 ) ;
#3168 = LINE ( 'NONE', #7124, #5093 ) ;
#3169 = LINE ( 'NONE', #1352, #4558 ) ;
#3170 = VECTOR ( 'NONE', #9130, 1000.000000000000000 ) ;
#3171 = VERTEX_POINT ( 'NONE', #7715 ) ;
#3172 = ORIENTED_EDGE ( 'NONE', *, *, #1983, .F. ) ;
#3173 = EDGE_CURVE ( 'NONE', #3891, #1268, #2640, .T. ) ;
#3174 = B_SPLINE_CURVE_WITH_KNOTS ( 'NONE', 3,
 ( #9306, #594, #8596, #2214, #3828, #2259 ),
 .UNSPECIFIED., .F., .F.,
 ( 4, 2, 4 ),
 ( 1.067815302520814628E-17, 0.0001520665957082023480, 0.0003041331914163942877 ),
 .UNSPECIFIED. ) ;
#3175 = VECTOR ( 'NONE', #8050, 1000.000000000000000 ) ;
#3176 = EDGE_CURVE ( 'NONE', #9787, #3673, #9525, .T. ) ;
#3177 = EDGE_LOOP ( 'NONE', ( #9469, #322, #137, #9078, #5029, #7502, #867 ) ) ;
#3178 = CARTESIAN_POINT ( 'NONE',  ( -3.961917468677703891, 6.695996851929203686, 5.479691494257337148 ) ) ;
#3179 = ORIENTED_EDGE ( 'NONE', *, *, #9672, .F. ) ;
#3180 = DIRECTION ( 'NONE',  ( 0.0000000000000000000, 0.0000000000000000000, -1.000000000000000000 ) ) ;
#3181 = CARTESIAN_POINT ( 'NONE',  ( 0.9942342462682710602, 6.250000000000079936, 5.651381332702859694 ) ) ;
#3182 = FACE_OUTER_BOUND ( 'NONE', #6140, .T. ) ;
#3183 = ORIENTED_EDGE ( 'NONE', *, *, #8462, .F. ) ;
#3184 = ORIENTED_EDGE ( 'NONE', *, *, #590, .T. ) ;
#3185 = DIRECTION ( 'NONE',  ( 0.0000000000000000000, 0.0000000000000000000, 1.000000000000000000 ) ) ;
#3186 = AXIS2_PLACEMENT_3D ( 'NONE', #1089, #309, #8990 ) ;
#3187 = ORIENTED_EDGE ( 'NONE', *, *, #8410, .T. ) ;
#3188 = DIRECTION ( 'NONE',  ( 0.0000000000000000000, -0.9975640502598243087, -0.06975647374412512203 ) ) ;
#3189 = CARTESIAN_POINT ( 'NONE',  ( 8.976897247608212282, 6.379062758812451328, 5.679065084668919461 ) ) ;
#3190 = FACE_BOUND ( 'NONE', #628, .T. ) ;
#3191 = VECTOR ( 'NONE', #4006, 1000.000000000000000 ) ;
#3192 = EDGE_LOOP ( 'NONE', ( #3614, #6865, #7082, #8568 ) ) ;
#3193 = CARTESIAN_POINT ( 'NONE',  ( 10.30499999999999972, 1.726091832102840007, 0.0000000000000000000 ) ) ;
#3194 = EDGE_LOOP ( 'NONE', ( #3247, #8198, #664, #544 ) ) ;
#3195 = ADVANCED_FACE ( 'NONE', ( #4647, #9453 ), #7769, .T. ) ;
#3196 = DIRECTION ( 'NONE',  ( 0.0000000000000000000, 1.000000000000000000, 0.0000000000000000000 ) ) ;
#3197 = ORIENTED_EDGE ( 'NONE', *, *, #6047, .T. ) ;
#3198 = CARTESIAN_POINT ( 'NONE',  ( 10.00000000000000000, 7.450000000000000178, 6.200000000000001066 ) ) ;
#3199 =( NAMED_UNIT ( * ) SI_UNIT ( $, .STERADIAN. ) SOLID_ANGLE_UNIT ( ) );
#3200 = ORIENTED_EDGE ( 'NONE', *, *, #10180, .T. ) ;
#3201 = EDGE_CURVE ( 'NONE', #5522, #8101, #7374, .T. ) ;
#3202 = FACE_OUTER_BOUND ( 'NONE', #7806, .T. ) ;
#3203 = LINE ( 'NONE', #3977, #5556 ) ;
#3204 = CARTESIAN_POINT ( 'NONE',  ( -0.9313491852503010815, 4.650000000000010125, 9.236151811974451675 ) ) ;
#3205 = CARTESIAN_POINT ( 'NONE',  ( 1.023374480557289745, 6.471514946771709020, 5.653981231910946370 ) ) ;
#3206 = ORIENTED_EDGE ( 'NONE', *, *, #7101, .F. ) ;
#3207 = AXIS2_PLACEMENT_3D ( 'NONE', #4500, #2931, #3151 ) ;
#3208 = CARTESIAN_POINT ( 'NONE',  ( 6.450000000000000178, 6.370920840910899940, 3.569044486294639995 ) ) ;
#3209 = DIRECTION ( 'NONE',  ( 0.0000000000000000000, 0.0000000000000000000, 1.000000000000000000 ) ) ;
#3210 = EDGE_CURVE ( 'NONE', #1788, #1598, #5947, .T. ) ;
#3211 = AXIS2_PLACEMENT_3D ( 'NONE', #2962, #3694, #3732 ) ;
#3212 = DIRECTION ( 'NONE',  ( 0.0000000000000000000, 0.0000000000000000000, 1.000000000000000000 ) ) ;
#3213 = DIRECTION ( 'NONE',  ( 0.0000000000000000000, 1.000000000000000000, 0.0000000000000000000 ) ) ;
#3214 = CARTESIAN_POINT ( 'NONE',  ( 8.000000000000000000, 4.250000000000031086, 0.0000000000000000000 ) ) ;
#3215 = DIRECTION ( 'NONE',  ( -1.000000000000000000, 0.0000000000000000000, 0.0000000000000000000 ) ) ;
#3216 = LINE ( 'NONE', #5734, #7134 ) ;
#3217 = ORIENTED_EDGE ( 'NONE', *, *, #10118, .T. ) ;
#3218 = ORIENTED_EDGE ( 'NONE', *, *, #3838, .T. ) ;
#3219 = EDGE_CURVE ( 'NONE', #2530, #780, #6952, .T. ) ;
#3220 = DIRECTION ( 'NONE',  ( 1.000000000000000000, 0.0000000000000000000, 0.0000000000000000000 ) ) ;
#3221 = EDGE_CURVE ( 'NONE', #3664, #5753, #8707, .T. ) ;
#3222 = DIRECTION ( 'NONE',  ( 0.0000000000000000000, 0.0000000000000000000, -1.000000000000000000 ) ) ;
#3223 = EDGE_CURVE ( 'NONE', #5253, #4190, #10139, .T. ) ;
#3224 = ORIENTED_EDGE ( 'NONE', *, *, #1456, .F. ) ;
#3225 = DIRECTION ( 'NONE',  ( 1.000000000000000000, 2.232180943352509796E-16, 0.0000000000000000000 ) ) ;
#3226 = EDGE_LOOP ( 'NONE', ( #1923, #6519 ) ) ;
#3227 = ORIENTED_EDGE ( 'NONE', *, *, #5032, .T. ) ;
#3228 = VERTEX_POINT ( 'NONE', #7049 ) ;
#3229 = CARTESIAN_POINT ( 'NONE',  ( 0.5500000000000000444, 1.877542648054139951, 6.200000000000001066 ) ) ;
#3230 = PRODUCT_DEFINITION ( 'UNKNOWN', '', #5593, #3491 ) ;
#3231 = ORIENTED_EDGE ( 'NONE', *, *, #8043, .F. ) ;
#3232 = CARTESIAN_POINT ( 'NONE',  ( -4.100781059358210356, 4.650000000000010125, 8.800000000000009592 ) ) ;
#3233 = B_SPLINE_CURVE_WITH_KNOTS ( 'NONE', 3,
 ( #2670, #850, #5783, #3359, #5677, #70 ),
 .UNSPECIFIED., .F., .F.,
 ( 4, 2, 4 ),
 ( 0.0000000000000000000, 0.5443967235633909718, 1.000000000000000000 ),
 .UNSPECIFIED. ) ;
#3234 = CARTESIAN_POINT ( 'NONE',  ( 8.999986798160710677, 6.250000000000079936, 5.549568022095440867 ) ) ;
#3235 = ORIENTED_EDGE ( 'NONE', *, *, #6877, .F. ) ;
#3236 = LINE ( 'NONE', #106, #7484 ) ;
#3237 = CIRCLE ( 'NONE', #7179, 0.4999999999999995559 ) ;
#3238 = ORIENTED_EDGE ( 'NONE', *, *, #9521, .T. ) ;
#3239 = CARTESIAN_POINT ( 'NONE',  ( 9.199999999999999289, 3.850000000000010303, 8.800000000000000711 ) ) ;
#3240 = CARTESIAN_POINT ( 'NONE',  ( -1.042075580808720092, 6.384681414832980018, 5.464040407139529876 ) ) ;
#3241 = EDGE_LOOP ( 'NONE', ( #9436, #1684 ) ) ;
#3242 = DIRECTION ( 'NONE',  ( -1.000000000000000000, 0.0000000000000000000, 0.0000000000000000000 ) ) ;
#3243 = DIRECTION ( 'NONE',  ( -1.000000000000000000, 0.0000000000000000000, 0.0000000000000000000 ) ) ;
#3244 = DIRECTION ( 'NONE',  ( 0.0000000000000000000, -3.675221047034999628E-15, 1.000000000000000000 ) ) ;
#3245 = PRESENTATION_STYLE_ASSIGNMENT (( #6439 ) ) ;
#3246 = CARTESIAN_POINT ( 'NONE',  ( -3.942782678198215152, 6.518892729351657422, 5.379133184779098187 ) ) ;
#3247 = ORIENTED_EDGE ( 'NONE', *, *, #8159, .F. ) ;
#3248 = SURFACE_STYLE_FILL_AREA ( #6541 ) ;
#3249 = EDGE_LOOP ( 'NONE', ( #9913, #3321, #7835, #3291, #5434, #8625, #6843 ) ) ;
#3250 =( LENGTH_UNIT ( ) NAMED_UNIT ( * ) SI_UNIT ( .MILLI., .METRE. ) );
#3251 = DIRECTION ( 'NONE',  ( -0.3713906763541020561, 0.9284766908852600809, -7.857794173099921186E-32 ) ) ;
#3252 = ADVANCED_FACE ( 'NONE', ( #5559, #4802 ), #10198, .T. ) ;
#3253 = CARTESIAN_POINT ( 'NONE',  ( 9.074407072548709152, 3.850000000000010303, 9.158054070484201503 ) ) ;
#3254 = DIRECTION ( 'NONE',  ( 0.0000000000000000000, 0.0000000000000000000, 1.000000000000000000 ) ) ;
#3255 = CARTESIAN_POINT ( 'NONE',  ( 9.205878195200131842, 6.087585864700089999, 5.702659885757020319 ) ) ;
#3256 = AXIS2_PLACEMENT_3D ( 'NONE', #1372, #9449, #7871 ) ;
#3257 =( LENGTH_UNIT ( ) NAMED_UNIT ( * ) SI_UNIT ( .MILLI., .METRE. ) );
#3258 = CARTESIAN_POINT ( 'NONE',  ( 5.450000000000000178, 7.250000000000000000, 0.6500000000000040190 ) ) ;
#3259 = ADVANCED_FACE ( 'NONE', ( #5514 ), #1315, .T. ) ;
#3260 = ORIENTED_EDGE ( 'NONE', *, *, #3399, .F. ) ;
#3261 = CARTESIAN_POINT ( 'NONE',  ( 7.500000000000000000, 5.850000000000009415, 8.099999999999999645 ) ) ;
#3262 = CARTESIAN_POINT ( 'NONE',  ( 2.500000000000000000, 4.250000000000009770, 9.314249409997579221 ) ) ;
#3263 = VERTEX_POINT ( 'NONE', #7876 ) ;
#3264 = VECTOR ( 'NONE', #10123, 1000.000000000000000 ) ;
#3265 = EDGE_CURVE ( 'NONE', #10003, #728, #4030, .T. ) ;
#3266 = EDGE_CURVE ( 'NONE', #8825, #7300, #7250, .T. ) ;
#3267 = FACE_OUTER_BOUND ( 'NONE', #2046, .T. ) ;
#3268 = DIRECTION ( 'NONE',  ( -5.152643988049919983E-16, 0.0000000000000000000, -1.000000000000000000 ) ) ;
#3269 = ORIENTED_EDGE ( 'NONE', *, *, #8072, .T. ) ;
#3270 = DIRECTION ( 'NONE',  ( -0.9284766908852600809, 0.3713906763541020561, 1.594703279778140325E-16 ) ) ;
#3271 = CARTESIAN_POINT ( 'NONE',  ( 2.500000000000000000, 2.500000000000019540, 8.000000000000000000 ) ) ;
#3272 = MECHANICAL_DESIGN_GEOMETRIC_PRESENTATION_REPRESENTATION (  '', ( #600 ), #1945 ) ;
#3273 = ORIENTED_EDGE ( 'NONE', *, *, #9521, .F. ) ;
#3274 = ORIENTED_EDGE ( 'NONE', *, *, #590, .F. ) ;
#3275 = LINE ( 'NONE', #1764, #9205 ) ;
#3276 = FILL_AREA_STYLE ('',( #99 ) ) ;
#3277 = LINE ( 'NONE', #5652, #833 ) ;
#3278 = PLANE ( 'NONE',  #2283 ) ;
#3279 = ORIENTED_EDGE ( 'NONE', *, *, #9341, .F. ) ;
#3280 = EDGE_CURVE ( 'NONE', #812, #315, #7317, .T. ) ;
#3281 =( GEOMETRIC_REPRESENTATION_CONTEXT ( 3 ) GLOBAL_UNCERTAINTY_ASSIGNED_CONTEXT ( ( #1125 ) ) GLOBAL_UNIT_ASSIGNED_CONTEXT ( ( #9790, #7277, #5798 ) ) REPRESENTATION_CONTEXT ( 'NONE', 'WORKASPACE' ) );
#3282 = CARTESIAN_POINT ( 'NONE',  ( -5.500000000000000000, 5.950000000000040146, 3.291739462922410375 ) ) ;
#3283 = ORIENTED_EDGE ( 'NONE', *, *, #383, .T. ) ;
#3284 = VECTOR ( 'NONE', #2448, 1000.000000000000000 ) ;
#3285 = DIRECTION ( 'NONE',  ( 0.0000000000000000000, 0.0000000000000000000, -1.000000000000000000 ) ) ;
#3286 = AXIS2_PLACEMENT_3D ( 'NONE', #9918, #2904, #7548 ) ;
#3287 = ORIENTED_EDGE ( 'NONE', *, *, #6657, .T. ) ;
#3288 = DIRECTION ( 'NONE',  ( 0.0000000000000000000, 0.0000000000000000000, 1.000000000000000000 ) ) ;
#3289 =( BOUNDED_SURFACE ( )  B_SPLINE_SURFACE ( 3, 2, ( 
 ( #3255, #9511, #8597 ),
 ( #1539, #4705, #5524 ),
 ( #2476, #8647, #7940 ),
 ( #1428, #1584, #4758 ) ),
 .UNSPECIFIED., .F., .F., .F. ) 
 B_SPLINE_SURFACE_WITH_KNOTS ( ( 4, 4 ),
 ( 3, 3 ),
 ( 0.0000000000000000000, 1.000000000000000000 ),
 ( 0.0000000000000000000, 1.000000000000000000 ),
 .UNSPECIFIED. ) 
 GEOMETRIC_REPRESENTATION_ITEM ( )  RATIONAL_B_SPLINE_SURFACE ( (
 ( 1.000000000000000000, 0.7864262290810449807, 1.000000000000000000),
 ( 1.000000000000000000, 0.7864475206358839676, 1.000000000000000000),
 ( 1.000000000000000000, 0.7861047044588309607, 1.000000000000000000),
 ( 1.000000000000000000, 0.7854013101412880005, 1.000000000000000000) ) ) 
 REPRESENTATION_ITEM ( '' )  SURFACE ( )  );
#3290 =( LENGTH_UNIT ( ) NAMED_UNIT ( * ) SI_UNIT ( .MILLI., .METRE. ) );
#3291 = ORIENTED_EDGE ( 'NONE', *, *, #1414, .F. ) ;
#3292 = STYLED_ITEM ( 'NONE', ( #2999 ), #9722 ) ;
#3293 = DIRECTION ( 'NONE',  ( -1.000000000000000000, 0.0000000000000000000, 0.0000000000000000000 ) ) ;
#3294 = STYLED_ITEM ( 'NONE', ( #3521 ), #4417 ) ;
#3295 = LINE ( 'NONE', #5716, #6873 ) ;
#3296 = CARTESIAN_POINT ( 'NONE',  ( 4.100781059358210356, 4.650000000000010125, 8.800000000000009592 ) ) ;
#3297 = PRESENTATION_STYLE_ASSIGNMENT (( #8747 ) ) ;
#3298 = SURFACE_SIDE_STYLE ('',( #6378 ) ) ;
#3299 = CARTESIAN_POINT ( 'NONE',  ( 8.976962475704029387, 6.379043491581979808, 5.701173905684820298 ) ) ;
#3300 = ORIENTED_EDGE ( 'NONE', *, *, #3322, .T. ) ;
#3301 =( NAMED_UNIT ( * ) PLANE_ANGLE_UNIT ( ) SI_UNIT ( $, .RADIAN. ) );
#3302 = ORIENTED_EDGE ( 'NONE', *, *, #7651, .T. ) ;
#3303 =( NAMED_UNIT ( * ) PLANE_ANGLE_UNIT ( ) SI_UNIT ( $, .RADIAN. ) );
#3304 = DIRECTION ( 'NONE',  ( 0.0000000000000000000, -1.000000000000000000, 0.0000000000000000000 ) ) ;
#3305 = VECTOR ( 'NONE', #5550, 1000.000000000000000 ) ;
#3306 = ADVANCED_FACE ( 'NONE', ( #6440 ), #7979, .T. ) ;
#3307 = LINE ( 'NONE', #2256, #2300 ) ;
#3308 = LINE ( 'NONE', #2676, #8545 ) ;
#3309 = ORIENTED_EDGE ( 'NONE', *, *, #2404, .F. ) ;
#3310 = COLOUR_RGB ( '',0.2862745098039215508, 0.6431372549019607199, 0.8666666666666666963 ) ;
#3311 = CARTESIAN_POINT ( 'NONE',  ( 1.043633278484559668, 6.148436649458580483, 5.454695900211610216 ) ) ;
#3312 = CARTESIAN_POINT ( 'NONE',  ( 8.958131431689484003, 3.850000000000009859, 9.481228347016307012 ) ) ;
#3313 = CARTESIAN_POINT ( 'NONE',  ( -0.9129626948656109908, 3.850000000000010303, 8.986637655680240755 ) ) ;
#3314 = EDGE_LOOP ( 'NONE', ( #4609, #6319, #3835, #46 ) ) ;
#3315 = VERTEX_POINT ( 'NONE', #8960 ) ;
#3316 = CARTESIAN_POINT ( 'NONE',  ( 2.423020349793489903, -1.462314593354880232, 5.694239332014509714 ) ) ;
#3317 = CARTESIAN_POINT ( 'NONE',  ( 2.500000000000000000, 4.250000000000009770, 8.800000000000009592 ) ) ;
#3318 = EDGE_CURVE ( 'NONE', #8738, #2531, #8328, .T. ) ;
#3319 = ORIENTED_EDGE ( 'NONE', *, *, #652, .F. ) ;
#3320 = MECHANICAL_DESIGN_GEOMETRIC_PRESENTATION_REPRESENTATION (  '', ( #7919 ), #7586 ) ;
#3321 = ORIENTED_EDGE ( 'NONE', *, *, #2397, .T. ) ;
#3322 = EDGE_CURVE ( 'NONE', #2125, #2322, #3490, .T. ) ;
#3323 = DIRECTION ( 'NONE',  ( 0.0000000000000000000, 0.0000000000000000000, 1.000000000000000000 ) ) ;
#3324 = PRESENTATION_STYLE_ASSIGNMENT (( #87 ) ) ;
#3325 = CIRCLE ( 'NONE', #6281, 0.5999999999999998668 ) ;
#3326 = CARTESIAN_POINT ( 'NONE',  ( 8.856009966283759027, 3.850000000000010303, 9.500000000000000000 ) ) ;
#3327 = ORIENTED_EDGE ( 'NONE', *, *, #2877, .F. ) ;
#3328 = VECTOR ( 'NONE', #6308, 1000.000000000000000 ) ;
#3329 = CARTESIAN_POINT ( 'NONE',  ( 2.250000000000000444, 4.250000000000031086, -4.349999999999999645 ) ) ;
#3330 = EDGE_CURVE ( 'NONE', #5619, #990, #1216, .T. ) ;
#3331 = ORIENTED_EDGE ( 'NONE', *, *, #463, .T. ) ;
#3332 = EDGE_LOOP ( 'NONE', ( #7528, #4920, #4462, #1652, #4666, #4669, #3231 ) ) ;
#3333 = DIRECTION ( 'NONE',  ( -1.000000000000000000, 0.0000000000000000000, 0.0000000000000000000 ) ) ;
#3334 = ADVANCED_FACE ( 'NONE', ( #6493 ), #4733, .T. ) ;
#3335 = VECTOR ( 'NONE', #2737, 1000.000000000000000 ) ;
#3336 = UNCERTAINTY_MEASURE_WITH_UNIT (LENGTH_MEASURE( 1.000000000000000082E-05 ), #3979, 'distance_accuracy_value', 'NONE');
#3337 = SURFACE_STYLE_USAGE ( .BOTH. , #1034 ) ;
#3338 = DIRECTION ( 'NONE',  ( 0.3481553119113969808, 0.8703882797784889824, 0.3481553119113949823 ) ) ;
#3339 = ORIENTED_EDGE ( 'NONE', *, *, #8159, .T. ) ;
#3340 = DIRECTION ( 'NONE',  ( 0.0000000000000000000, -1.000000000000000000, 0.0000000000000000000 ) ) ;
#3341 = ORIENTED_EDGE ( 'NONE', *, *, #7583, .T. ) ;
#3342 = AXIS2_PLACEMENT_3D ( 'NONE', #6577, #8944, #4271 ) ;
#3343 = CARTESIAN_POINT ( 'NONE',  ( 8.550000000000000711, 6.301461569844129862, 3.962967587499520050 ) ) ;
#3344 = ORIENTED_EDGE ( 'NONE', *, *, #5015, .F. ) ;
#3345 = CARTESIAN_POINT ( 'NONE',  ( 9.550000000000000711, 6.250000000000031086, 0.6500000000000289990 ) ) ;
#3346 = CARTESIAN_POINT ( 'NONE',  ( -1.029020557129719959, 6.380815304788059805, 5.542356440406280171 ) ) ;
#3347 = EDGE_CURVE ( 'NONE', #4116, #9646, #9641, .T. ) ;
#3348 = EDGE_LOOP ( 'NONE', ( #6928, #1603, #539, #1249 ) ) ;
#3349 = EDGE_LOOP ( 'NONE', ( #167, #531, #4349, #7716 ) ) ;
#3350 = CIRCLE ( 'NONE', #5011, 0.5000000000000004441 ) ;
#3351 = CARTESIAN_POINT ( 'NONE',  ( 4.005306635626549649, 6.250000000000079936, 5.631641418841230262 ) ) ;
#3352 = B_SPLINE_CURVE_WITH_KNOTS ( 'NONE', 3,
 ( #4828, #7745, #3181, #10164, #6313, #9319, #1554, #6358 ),
 .UNSPECIFIED., .F., .F.,
 ( 4, 2, 2, 4 ),
 ( 0.0000000000000000000, 0.3582783410808759728, 0.7198210597566829794, 1.000000000000000000 ),
 .UNSPECIFIED. ) ;
#3353 = CARTESIAN_POINT ( 'NONE',  ( 0.0000000000000000000, 6.650000000000000355, 9.999999999999989342 ) ) ;
#3354 = CARTESIAN_POINT ( 'NONE',  ( 10.00000000000000000, 4.900000000000000355, 3.275000000000000355 ) ) ;
#3355 = CARTESIAN_POINT ( 'NONE',  ( 7.500000000000000000, 6.250000000000031086, 0.7499999999999960032 ) ) ;
#3356 = ORIENTED_EDGE ( 'NONE', *, *, #1816, .F. ) ;
#3357 = CARTESIAN_POINT ( 'NONE',  ( 10.00000000000000000, 0.1977371785018509909, 6.601260681670590102 ) ) ;
#3358 = EDGE_LOOP ( 'NONE', ( #8672, #9668, #3197, #3659, #5261, #3446 ) ) ;
#3359 = CARTESIAN_POINT ( 'NONE',  ( 0.9255929274512501026, 4.650000000000010125, 9.158054070483659714 ) ) ;
#3360 = CARTESIAN_POINT ( 'NONE',  ( 7.500000000000000000, 4.250000000000009770, 9.500000000000000000 ) ) ;
#3361 = AXIS2_PLACEMENT_3D ( 'NONE', #2846, #5084, #4458 ) ;
#3362 = ADVANCED_FACE ( 'NONE', ( #4294, #4238, #7426 ), #8023, .T. ) ;
#3363 = DIRECTION ( 'NONE',  ( 0.8660254037845415143, 0.4999999999998216982, 0.0000000000000000000 ) ) ;
#3364 = UNCERTAINTY_MEASURE_WITH_UNIT (LENGTH_MEASURE( 1.000000000000000082E-05 ), #7571, 'distance_accuracy_value', 'NONE');
#3365 = CARTESIAN_POINT ( 'NONE',  ( 1.013368699863591793, 6.290959700102059848, 5.697427300979115650 ) ) ;
#3366 = CIRCLE ( 'NONE', #9105, 1.413776159319739989 ) ;
#3367 = CARTESIAN_POINT ( 'NONE',  ( -1.107736519411110621, 6.816384655952807847, 5.200576600905342239 ) ) ;
#3368 = CARTESIAN_POINT ( 'NONE',  ( -0.9060895252062000083, 3.850000000000010303, 8.893318922984189356 ) ) ;
#3369 = ORIENTED_EDGE ( 'NONE', *, *, #2680, .T. ) ;
#3370 = FACE_OUTER_BOUND ( 'NONE', #9797, .T. ) ;
#3371 = FILL_AREA_STYLE_COLOUR ( '', #6847 ) ;
#3372 = DIRECTION ( 'NONE',  ( 0.0000000000000000000, 0.0000000000000000000, 1.000000000000000000 ) ) ;
#3373 = EDGE_LOOP ( 'NONE', ( #9440, #8077, #7206, #9485 ) ) ;
#3374 = ORIENTED_EDGE ( 'NONE', *, *, #5905, .T. ) ;
#3375 = AXIS2_PLACEMENT_3D ( 'NONE', #1673, #1717, #834 ) ;
#3376 = COLOUR_RGB ( '',0.2862745098039215508, 0.6431372549019607199, 0.8666666666666666963 ) ;
#3377 = CARTESIAN_POINT ( 'NONE',  ( -0.9938586087784709866, 6.250000000000030198, 5.699344090454337319 ) ) ;
#3378 = FILL_AREA_STYLE ('',( #2432 ) ) ;
#3379 = CARTESIAN_POINT ( 'NONE',  ( 3.000000000000000000, 4.250000000000031086, 0.0000000000000000000 ) ) ;
#3380 = LINE ( 'NONE', #5748, #8278 ) ;
#3381 = VERTEX_POINT ( 'NONE', #3522 ) ;
#3382 = LINE ( 'NONE', #6404, #8230 ) ;
#3383 = PRESENTATION_STYLE_ASSIGNMENT (( #3062 ) ) ;
#3384 = ADVANCED_FACE ( 'NONE', ( #942 ), #2613, .T. ) ;
#3385 = ORIENTED_EDGE ( 'NONE', *, *, #2865, .F. ) ;
#3386 = ORIENTED_EDGE ( 'NONE', *, *, #4527, .F. ) ;
#3387 = FACE_OUTER_BOUND ( 'NONE', #6569, .T. ) ;
#3388 = ORIENTED_EDGE ( 'NONE', *, *, #7789, .F. ) ;
#3389 = CARTESIAN_POINT ( 'NONE',  ( 7.750000000000000000, 4.250000000000031086, -4.349999999999999645 ) ) ;
#3390 = CARTESIAN_POINT ( 'NONE',  ( 7.249999999999999112, 4.250000000000031086, -4.349999999999999645 ) ) ;
#3391 = CARTESIAN_POINT ( 'NONE',  ( 3.970471856080231010, 6.144996693392779541, 5.536046900691029116 ) ) ;
#3392 = CARTESIAN_POINT ( 'NONE',  ( 3.958131431689385860, 3.850000000000009859, 9.481228347016354974 ) ) ;
#3393 = EDGE_CURVE ( 'NONE', #3662, #2322, #4549, .T. ) ;
#3394 = EDGE_LOOP ( 'NONE', ( #8578, #3235, #6990, #8231 ) ) ;
#3395 = CARTESIAN_POINT ( 'NONE',  ( -3.998700532801559682, 6.250000000000079936, 5.536292564213430190 ) ) ;
#3396 = CARTESIAN_POINT ( 'NONE',  ( -0.7936442595590410543, 6.087469401107320266, 5.606250910350279781 ) ) ;
#3397 = ORIENTED_EDGE ( 'NONE', *, *, #76, .T. ) ;
#3398 = CARTESIAN_POINT ( 'NONE',  ( 9.034447604600114090, 4.650000000000011902, 9.413837825582238139 ) ) ;
#3399 = EDGE_CURVE ( 'NONE', #2337, #5926, #8431, .T. ) ;
#3400 = LINE ( 'NONE', #9659, #1280 ) ;
#3401 = EDGE_CURVE ( 'NONE', #7147, #6083, #10029, .T. ) ;
#3402 = CARTESIAN_POINT ( 'NONE',  ( 15.00000000000000000, 1.990236984239069917, 9.700000000000001066 ) ) ;
#3403 = CARTESIAN_POINT ( 'NONE',  ( 8.553947254147852064, 6.900000000000019895, 4.004821471746000228 ) ) ;
#3404 = CONICAL_SURFACE ( 'NONE', #7012, 0.2499999999999997780, 0.4636476084710116075 ) ;
#3405 = CARTESIAN_POINT ( 'NONE',  ( 15.00000000000000000, 7.750000000000000000, 5.900000000000000355 ) ) ;
#3406 = DIRECTION ( 'NONE',  ( -1.000000000000000000, 0.0000000000000000000, 0.0000000000000000000 ) ) ;
#3407 = ORIENTED_EDGE ( 'NONE', *, *, #3401, .F. ) ;
#3408 = CARTESIAN_POINT ( 'NONE',  ( 4.500000000000000888, 6.221952518161529611, 5.100000000000011191 ) ) ;
#3409 = ORIENTED_EDGE ( 'NONE', *, *, #7361, .F. ) ;
#3410 = DIRECTION ( 'NONE',  ( 0.0000000000000000000, 0.0000000000000000000, 1.000000000000000000 ) ) ;
#3411 = AXIS2_PLACEMENT_3D ( 'NONE', #1273, #3526, #5251 ) ;
#3412 = FACE_OUTER_BOUND ( 'NONE', #1296, .T. ) ;
#3413 = FACE_BOUND ( 'NONE', #680, .T. ) ;
#3414 = CARTESIAN_POINT ( 'NONE',  ( 1.029021513128699938, 6.380815587897259888, 5.542350741529149971 ) ) ;
#3415 = SHAPE_REPRESENTATION ( 'CUI_DEVICES_TB002-500-07BE', ( #9344, #9517, #2290, #3630 ), #1138 ) ;
#3416 = CARTESIAN_POINT ( 'NONE',  ( 9.034292344245050899, 3.850000000000010303, 9.413932751395249099 ) ) ;
#3417 = LINE ( 'NONE', #4149, #8946 ) ;
#3418 = ORIENTED_EDGE ( 'NONE', *, *, #5667, .F. ) ;
#3419 = ORIENTED_EDGE ( 'NONE', *, *, #4478, .F. ) ;
#3420 = DIRECTION ( 'NONE',  ( 0.0000000000000000000, 1.000000000000000000, 0.0000000000000000000 ) ) ;
#3421 = B_SPLINE_CURVE_WITH_KNOTS ( 'NONE', 3,
 ( #2203, #7662, #6701, #6026 ),
 .UNSPECIFIED., .F., .F.,
 ( 4, 4 ),
 ( 0.0000000000000000000, 0.0001440220723375999377 ),
 .UNSPECIFIED. ) ;
#3422 = PRESENTATION_LAYER_ASSIGNMENT (  '', '', ( #3597 ) ) ;
#3423 = FACE_BOUND ( 'NONE', #1903, .T. ) ;
#3424 = CARTESIAN_POINT ( 'NONE',  ( 7.500000000000000000, 4.250000000000000000, 10.00000000000000000 ) ) ;
#3425 = VERTEX_POINT ( 'NONE', #1270 ) ;
#3426 = PLANE ( 'NONE',  #2282 ) ;
#3427 = AXIS2_PLACEMENT_3D ( 'NONE', #2980, #7711, #3870 ) ;
#3428 = CARTESIAN_POINT ( 'NONE',  ( 0.9938586087084702037, 6.250000000000047073, 5.699344090454424361 ) ) ;
#3429 = PRESENTATION_STYLE_ASSIGNMENT (( #971 ) ) ;
#3430 = CARTESIAN_POINT ( 'NONE',  ( 2.999999999668877759, 4.250000000000031086, -3.850000000000000089 ) ) ;
#3431 = ORIENTED_EDGE ( 'NONE', *, *, #8666, .F. ) ;
#3432 = CARTESIAN_POINT ( 'NONE',  ( 7.500000000000000000, 4.250000000000009770, 9.300000000000000711 ) ) ;
#3433 = DIRECTION ( 'NONE',  ( 1.000000000000000000, 0.0000000000000000000, 0.0000000000000000000 ) ) ;
#3434 = ORIENTED_EDGE ( 'NONE', *, *, #1507, .F. ) ;
#3435 = CIRCLE ( 'NONE', #4750, 1.649999999999999467 ) ;
#3436 = ORIENTED_EDGE ( 'NONE', *, *, #1925, .T. ) ;
#3437 = CARTESIAN_POINT ( 'NONE',  ( 1.449999999999999956, -1.462314593354880232, 3.990870176997169949 ) ) ;
#3438 = EDGE_LOOP ( 'NONE', ( #4335, #5527, #6355, #8875 ) ) ;
#3439 = ADVANCED_FACE ( 'NONE', ( #7654 ), #8288, .T. ) ;
#3440 = CARTESIAN_POINT ( 'NONE',  ( 3.958155913534195935, 6.384612859889001513, 5.465433459372714076 ) ) ;
#3441 = CIRCLE ( 'NONE', #6062, 0.4000000000000001887 ) ;
#3442 = CARTESIAN_POINT ( 'NONE',  ( 6.043633278484560556, 6.148436649458580483, 5.454695900211610216 ) ) ;
#3443 = FILL_AREA_STYLE_COLOUR ( '', #7232 ) ;
#3444 = EDGE_LOOP ( 'NONE', ( #622, #8985, #7275, #9522 ) ) ;
#3445 =( NAMED_UNIT ( * ) SI_UNIT ( $, .STERADIAN. ) SOLID_ANGLE_UNIT ( ) );
#3446 = ORIENTED_EDGE ( 'NONE', *, *, #8957, .F. ) ;
#3447 = CYLINDRICAL_SURFACE ( 'NONE', #4862, 0.5000000000000004441 ) ;
#3448 = CARTESIAN_POINT ( 'NONE',  ( 7.500000000000000000, 5.999999999999990230, 10.00000000000000711 ) ) ;
#3449 =( LENGTH_UNIT ( ) NAMED_UNIT ( * ) SI_UNIT ( .MILLI., .METRE. ) );
#3450 = EDGE_CURVE ( 'NONE', #838, #1546, #1464, .T. ) ;
#3451 = AXIS2_PLACEMENT_3D ( 'NONE', #64, #4850, #176 ) ;
#3452 = EDGE_CURVE ( 'NONE', #982, #2579, #1071, .T. ) ;
#3453 = DIRECTION ( 'NONE',  ( -0.9622281902964742173, 0.0000000000000000000, -0.2722442098535290400 ) ) ;
#3454 = CARTESIAN_POINT ( 'NONE',  ( 1.023038840290179996, 6.143414083933709691, 5.701440280542528605 ) ) ;
#3455 =( NAMED_UNIT ( * ) SI_UNIT ( $, .STERADIAN. ) SOLID_ANGLE_UNIT ( ) );
#3456 = STYLED_ITEM ( 'NONE', ( #5802 ), #3998 ) ;
#3457 = CIRCLE ( 'NONE', #3772, 0.2499999999999997780 ) ;
#3458 = DIRECTION ( 'NONE',  ( 1.000000000000000000, 0.0000000000000000000, 0.0000000000000000000 ) ) ;
#3459 = SURFACE_SIDE_STYLE ('',( #9776 ) ) ;
#3460 = DIRECTION ( 'NONE',  ( 0.0000000000000000000, -1.000000000000000000, 0.0000000000000000000 ) ) ;
#3461 = ORIENTED_EDGE ( 'NONE', *, *, #9938, .F. ) ;
#3462 = DIRECTION ( 'NONE',  ( 1.000000000000000000, 0.0000000000000000000, 0.0000000000000000000 ) ) ;
#3463 = ORIENTED_EDGE ( 'NONE', *, *, #5194, .T. ) ;
#3464 = DIRECTION ( 'NONE',  ( -1.000000000000000000, 0.0000000000000000000, 0.0000000000000000000 ) ) ;
#3465 = LINE ( 'NONE', #382, #10023 ) ;
#3466 = EDGE_CURVE ( 'NONE', #703, #7783, #7613, .T. ) ;
#3467 = EDGE_CURVE ( 'NONE', #165, #57, #2673, .T. ) ;
#3468 = AXIS2_PLACEMENT_3D ( 'NONE', #7236, #3433, #8884 ) ;
#3469 = AXIS2_PLACEMENT_3D ( 'NONE', #2466, #4963, #5621 ) ;
#3470 = CIRCLE ( 'NONE', #3779, 0.5999999999999998668 ) ;
#3471 = CONICAL_SURFACE ( 'NONE', #6910, 0.2499999999999997780, 0.4636476084710116075 ) ;
#3472 = UNCERTAINTY_MEASURE_WITH_UNIT (LENGTH_MEASURE( 1.000000000000000082E-05 ), #2986, 'distance_accuracy_value', 'NONE');
#3473 = DIRECTION ( 'NONE',  ( 1.000000000000000000, 0.0000000000000000000, 0.0000000000000000000 ) ) ;
#3474 = CARTESIAN_POINT ( 'NONE',  ( 0.8013880889269690000, 6.089357963934170392, 5.509803114629489684 ) ) ;
#3475 = PLANE ( 'NONE',  #326 ) ;
#3476 = CARTESIAN_POINT ( 'NONE',  ( -4.205878300578840268, 6.087585839000359655, 5.702638584486949824 ) ) ;
#3477 = ORIENTED_EDGE ( 'NONE', *, *, #5111, .T. ) ;
#3478 =( GEOMETRIC_REPRESENTATION_CONTEXT ( 3 ) GLOBAL_UNCERTAINTY_ASSIGNED_CONTEXT ( ( #8862 ) ) GLOBAL_UNIT_ASSIGNED_CONTEXT ( ( #8215, #3826, #9214 ) ) REPRESENTATION_CONTEXT ( 'NONE', 'WORKASPACE' ) );
#3479 = COLOUR_RGB ( '',0.2862745098039215508, 0.6431372549019607199, 0.8666666666666666963 ) ;
#3480 = CYLINDRICAL_SURFACE ( 'NONE', #8000, 0.5000000000000004441 ) ;
#3481 = FACE_OUTER_BOUND ( 'NONE', #4691, .T. ) ;
#3482 = EDGE_CURVE ( 'NONE', #7266, #9543, #3702, .T. ) ;
#3483 = ADVANCED_FACE ( 'NONE', ( #9974 ), #5934, .T. ) ;
#3484 = EDGE_LOOP ( 'NONE', ( #9150, #6348, #3744, #9823, #1534, #6342, #2402 ) ) ;
#3485 = EDGE_CURVE ( 'NONE', #2705, #1303, #2825, .T. ) ;
#3486 = AXIS2_PLACEMENT_3D ( 'NONE', #4723, #3185, #8513 ) ;
#3487 =( BOUNDED_CURVE ( )  B_SPLINE_CURVE ( 3, ( #9026, #357, #3553, #1974 ),
 .UNSPECIFIED., .F., .T. ) 
 B_SPLINE_CURVE_WITH_KNOTS ( ( 4, 4 ),
 ( 1.640609496874674056, 1.933884111301983566 ),
 .UNSPECIFIED. ) 
 CURVE ( )  GEOMETRIC_REPRESENTATION_ITEM ( )  RATIONAL_B_SPLINE_CURVE ( ( 1.000000000000000000, 0.9928453341064039650, 0.9928453341064039650, 1.000000000000000000 ) ) 
 REPRESENTATION_ITEM ( '' )  );
#3488 = VECTOR ( 'NONE', #4693, 1000.000000000000114 ) ;
#3489 = DIRECTION ( 'NONE',  ( -1.000000000000000000, 0.0000000000000000000, 0.0000000000000000000 ) ) ;
#3490 = CIRCLE ( 'NONE', #9709, 1.413776159319739989 ) ;
#3491 = PRODUCT_DEFINITION_CONTEXT ( 'detailed design', #5560, 'design' ) ;
#3492 = CARTESIAN_POINT ( 'NONE',  ( 8.549145049325982626, 6.700698492242080029, 3.987848413411089865 ) ) ;
#3493 = DIRECTION ( 'NONE',  ( 0.0000000000000000000, 0.1736481776669300259, -0.9848077530122081313 ) ) ;
#3494 = CARTESIAN_POINT ( 'NONE',  ( 7.500000000000000000, 4.250000000000000000, 10.00000000000000000 ) ) ;
#3495 = ORIENTED_EDGE ( 'NONE', *, *, #7509, .T. ) ;
#3496 = DIRECTION ( 'NONE',  ( 0.0000000000000000000, 0.0000000000000000000, -1.000000000000000000 ) ) ;
#3497 =( NAMED_UNIT ( * ) SI_UNIT ( $, .STERADIAN. ) SOLID_ANGLE_UNIT ( ) );
#3498 = VECTOR ( 'NONE', #9092, 1000.000000000000000 ) ;
#3499 = CIRCLE ( 'NONE', #985, 1.700000000000000178 ) ;
#3500 = ORIENTED_EDGE ( 'NONE', *, *, #8977, .T. ) ;
#3501 = CARTESIAN_POINT ( 'NONE',  ( 3.551316613977629100, 6.900595781960301878, 3.995523657362079817 ) ) ;
#3502 = DIRECTION ( 'NONE',  ( 0.0000000000000000000, 0.0000000000000000000, 1.000000000000000000 ) ) ;
#3503 = ADVANCED_FACE ( 'NONE', ( #6789 ), #5787, .T. ) ;
#3504 = STYLED_ITEM ( 'NONE', ( #9315 ), #5587 ) ;
#3505 = FACE_OUTER_BOUND ( 'NONE', #678, .T. ) ;
#3506 = CARTESIAN_POINT ( 'NONE',  ( 10.50000000000000000, 0.8864914703891380032, 6.200000000000001066 ) ) ;
#3507 = ORIENTED_EDGE ( 'NONE', *, *, #5852, .T. ) ;
#3508 = DIRECTION ( 'NONE',  ( -0.3481553119113969808, 0.8703882797784889824, 0.3481553119113949823 ) ) ;
#3509 = VERTEX_POINT ( 'NONE', #6018 ) ;
#3510 = PRESENTATION_STYLE_ASSIGNMENT (( #1158 ) ) ;
#3511 = ORIENTED_EDGE ( 'NONE', *, *, #1445, .F. ) ;
#3512 = DIRECTION ( 'NONE',  ( 0.0000000000000000000, 1.000000000000000000, 0.0000000000000000000 ) ) ;
#3513 = VECTOR ( 'NONE', #559, 1000.000000000000000 ) ;
#3514 = DIRECTION ( 'NONE',  ( 0.0000000000000000000, -3.675221047034999628E-15, 1.000000000000000000 ) ) ;
#3515 = CARTESIAN_POINT ( 'NONE',  ( 9.074407072548739350, 4.650000000000010125, 9.158054070483670372 ) ) ;
#3516 =( BOUNDED_CURVE ( )  B_SPLINE_CURVE ( 3, ( #8860, #5070, #5841, #8968 ),
 .UNSPECIFIED., .F., .T. ) 
 B_SPLINE_CURVE_WITH_KNOTS ( ( 4, 4 ),
 ( 4.150549750469691546, 4.642575810304920836 ),
 .UNSPECIFIED. ) 
 CURVE ( )  GEOMETRIC_REPRESENTATION_ITEM ( )  RATIONAL_B_SPLINE_CURVE ( ( 1.000000000000000000, 0.9799274069394408038, 0.9799274069394408038, 1.000000000000000000 ) ) 
 REPRESENTATION_ITEM ( '' )  );
#3517 = DIRECTION ( 'NONE',  ( 1.000000000000000000, 0.0000000000000000000, 0.0000000000000000000 ) ) ;
#3518 = EDGE_CURVE ( 'NONE', #7300, #5685, #6919, .T. ) ;
#3519 = VERTEX_POINT ( 'NONE', #1406 ) ;
#3520 = CARTESIAN_POINT ( 'NONE',  ( -0.5000000000000000000, 6.301461569844129862, 3.962967587499530264 ) ) ;
#3521 = PRESENTATION_STYLE_ASSIGNMENT (( #327 ) ) ;
#3522 = CARTESIAN_POINT ( 'NONE',  ( 8.875649002070730376, 6.820490948317419644, 5.141853884246479822 ) ) ;
#3523 = ORIENTED_EDGE ( 'NONE', *, *, #2994, .T. ) ;
#3524 =( NAMED_UNIT ( * ) SI_UNIT ( $, .STERADIAN. ) SOLID_ANGLE_UNIT ( ) );
#3525 = ORIENTED_EDGE ( 'NONE', *, *, #5797, .F. ) ;
#3526 = DIRECTION ( 'NONE',  ( 0.0000000000000000000, -1.000000000000000000, 0.0000000000000000000 ) ) ;
#3527 = EDGE_CURVE ( 'NONE', #7916, #1055, #3795, .T. ) ;
#3528 = CARTESIAN_POINT ( 'NONE',  ( 10.00000000000000000, 7.750000000000000000, 0.0000000000000000000 ) ) ;
#3529 = VECTOR ( 'NONE', #296, 1000.000000000000000 ) ;
#3530 = FACE_OUTER_BOUND ( 'NONE', #7843, .T. ) ;
#3531 = PLANE ( 'NONE',  #5899 ) ;
#3532 = CARTESIAN_POINT ( 'NONE',  ( -5.000000000000000000, 7.750000000000000000, 6.500000000000009770 ) ) ;
#3533 = UNCERTAINTY_MEASURE_WITH_UNIT (LENGTH_MEASURE( 1.000000000000000082E-05 ), #8839, 'distance_accuracy_value', 'NONE');
#3534 = CARTESIAN_POINT ( 'NONE',  ( 7.500000000000000000, 2.500000000000000444, 9.999999999999992895 ) ) ;
#3535 = ORIENTED_EDGE ( 'NONE', *, *, #2188, .T. ) ;
#3536 = EDGE_LOOP ( 'NONE', ( #1545, #5657, #606, #2562 ) ) ;
#3537 = CARTESIAN_POINT ( 'NONE',  ( -4.549999999999999822, 7.250000000000000000, 0.6500000000000040190 ) ) ;
#3538 = ADVANCED_FACE ( 'NONE', ( #5450 ), #727, .F. ) ;
#3539 = CARTESIAN_POINT ( 'NONE',  ( 9.006141391221529346, 6.250000000000031974, 5.699344090454331102 ) ) ;
#3540 = AXIS2_PLACEMENT_3D ( 'NONE', #3405, #8849, #9611 ) ;
#3541 = CARTESIAN_POINT ( 'NONE',  ( 10.50000000000000000, 1.838675134594820015, 6.200000000000001066 ) ) ;
#3542 = DIRECTION ( 'NONE',  ( 1.000000000000000000, 0.0000000000000000000, 0.0000000000000000000 ) ) ;
#3543 = DIRECTION ( 'NONE',  ( 0.0000000000000000000, 0.0000000000000000000, 1.000000000000000000 ) ) ;
#3544 = EDGE_CURVE ( 'NONE', #2295, #7841, #5531, .T. ) ;
#3545 = EDGE_CURVE ( 'NONE', #9351, #1750, #4969, .T. ) ;
#3546 = CARTESIAN_POINT ( 'NONE',  ( 5.793645397510390538, 6.087469678630560210, 5.606236746784570180 ) ) ;
#3547 = ORIENTED_EDGE ( 'NONE', *, *, #700, .F. ) ;
#3548 = DIRECTION ( 'NONE',  ( 0.0000000000000000000, -1.000000000000000000, 0.0000000000000000000 ) ) ;
#3549 = CYLINDRICAL_SURFACE ( 'NONE', #3468, 0.4000000000000001887 ) ;
#3550 = CIRCLE ( 'NONE', #3207, 0.4000000000000001887 ) ;
#3551 = PRESENTATION_LAYER_ASSIGNMENT (  '', '', ( #7961 ) ) ;
#3552 = ORIENTED_EDGE ( 'NONE', *, *, #9902, .T. ) ;
#3553 = CARTESIAN_POINT ( 'NONE',  ( 6.091470100434436041, 6.803742317568938880, 5.258069125366935381 ) ) ;
#3554 = B_SPLINE_CURVE_WITH_KNOTS ( 'NONE', 3,
 ( #4882, #9645, #1880, #8125, #6523, #2652 ),
 .UNSPECIFIED., .F., .F.,
 ( 4, 2, 4 ),
 ( 1.734723475976807094E-18, 0.0001521198112224539693, 0.0003042396224449062038 ),
 .UNSPECIFIED. ) ;
#3555 = VERTEX_POINT ( 'NONE', #9289 ) ;
#3556 = VECTOR ( 'NONE', #4948, 1000.000000000000000 ) ;
#3557 = FACE_OUTER_BOUND ( 'NONE', #4755, .T. ) ;
#3558 = ORIENTED_EDGE ( 'NONE', *, *, #4586, .F. ) ;
#3559 =( NAMED_UNIT ( * ) PLANE_ANGLE_UNIT ( ) SI_UNIT ( $, .RADIAN. ) );
#3560 = VERTEX_POINT ( 'NONE', #3912 ) ;
#3561 = LINE ( 'NONE', #6731, #1700 ) ;
#3562 = VERTEX_POINT ( 'NONE', #3803 ) ;
#3563 = DIRECTION ( 'NONE',  ( 0.0000000000000000000, 0.0000000000000000000, 1.000000000000000000 ) ) ;
#3564 = ORIENTED_EDGE ( 'NONE', *, *, #9070, .F. ) ;
#3565 = CARTESIAN_POINT ( 'NONE',  ( 10.00000000000000000, 7.450000000000000178, 6.500000000000000888 ) ) ;
#3566 = DIRECTION ( 'NONE',  ( 0.0000000000000000000, 0.0000000000000000000, 1.000000000000000000 ) ) ;
#3567 = DIRECTION ( 'NONE',  ( 0.0000000000000000000, -1.000000000000000000, 0.0000000000000000000 ) ) ;
#3568 = ORIENTED_EDGE ( 'NONE', *, *, #9751, .T. ) ;
#3569 =( NAMED_UNIT ( * ) PLANE_ANGLE_UNIT ( ) SI_UNIT ( $, .RADIAN. ) );
#3570 = VERTEX_POINT ( 'NONE', #8473 ) ;
#3571 =( LENGTH_UNIT ( ) NAMED_UNIT ( * ) SI_UNIT ( .MILLI., .METRE. ) );
#3572 = SURFACE_STYLE_USAGE ( .BOTH. , #6021 ) ;
#3573 = DIRECTION ( 'NONE',  ( 0.8660254037845415143, 0.4999999999998216982, 0.0000000000000000000 ) ) ;
#3574 = CARTESIAN_POINT ( 'NONE',  ( 6.008157734995720034, 6.591285235931310993, 5.552530875971450008 ) ) ;
#3575 = AXIS2_PLACEMENT_3D ( 'NONE', #861, #2078, #7125 ) ;
#3576 = CARTESIAN_POINT ( 'NONE',  ( 1.013368699863664180, 6.290959700102208174, 5.697427300979116538 ) ) ;
#3577 = CARTESIAN_POINT ( 'NONE',  ( 4.549999999999999822, 7.250000000000000000, 0.6499999999999990230 ) ) ;
#3578 = CARTESIAN_POINT ( 'NONE',  ( -4.198611911073030001, 6.089357963934170392, 5.509803114629500342 ) ) ;
#3579 = ORIENTED_EDGE ( 'NONE', *, *, #5228, .F. ) ;
#3580 = ORIENTED_EDGE ( 'NONE', *, *, #8681, .T. ) ;
#3581 = DIRECTION ( 'NONE',  ( 0.0000000000000000000, 0.0000000000000000000, -1.000000000000000000 ) ) ;
#3582 = CARTESIAN_POINT ( 'NONE',  ( 7.500000000000000000, 4.250000000000009770, 8.099999999999999645 ) ) ;
#3583 = PRESENTATION_LAYER_ASSIGNMENT (  '', '', ( #243 ) ) ;
#3584 = ADVANCED_FACE ( 'NONE', ( #4684, #7914 ), #10179, .T. ) ;
#3585 = CARTESIAN_POINT ( 'NONE',  ( 0.5500000000000000444, 1.652376043070270084, 6.200000000000001066 ) ) ;
#3586 = EDGE_CURVE ( 'NONE', #7204, #9192, #827, .T. ) ;
#3587 = DIRECTION ( 'NONE',  ( 0.0000000000000000000, -1.000000000000000000, 0.0000000000000000000 ) ) ;
#3588 = LINE ( 'NONE', #2170, #7693 ) ;
#3589 = AXIS2_PLACEMENT_3D ( 'NONE', #7000, #4593, #7720 ) ;
#3590 = CARTESIAN_POINT ( 'NONE',  ( 5.965707655754262539, 4.650000000000010125, 9.413932751394360920 ) ) ;
#3591 = VERTEX_POINT ( 'NONE', #6270 ) ;
#3592 = CARTESIAN_POINT ( 'NONE',  ( 2.500000000000000000, 9.550000000000029132, 2.750000000000000000 ) ) ;
#3593 = ORIENTED_EDGE ( 'NONE', *, *, #7789, .T. ) ;
#3594 = SURFACE_STYLE_FILL_AREA ( #5042 ) ;
#3595 = EDGE_CURVE ( 'NONE', #9543, #1015, #5397, .T. ) ;
#3596 = EDGE_CURVE ( 'NONE', #3964, #787, #677, .T. ) ;
#3597 = STYLED_ITEM ( 'NONE', ( #1886 ), #967 ) ;
#3598 = ORIENTED_EDGE ( 'NONE', *, *, #6673, .T. ) ;
#3599 = CARTESIAN_POINT ( 'NONE',  ( 3.961949539030698908, 6.695801933345447488, 5.479919479543661431 ) ) ;
#3600 = ORIENTED_EDGE ( 'NONE', *, *, #8805, .T. ) ;
#3601 = DIRECTION ( 'NONE',  ( 0.0000000000000000000, -1.000000000000000000, 0.0000000000000000000 ) ) ;
#3602 = FACE_OUTER_BOUND ( 'NONE', #6540, .T. ) ;
#3603 = STYLED_ITEM ( 'NONE', ( #1442 ), #1044 ) ;
#3604 = CARTESIAN_POINT ( 'NONE',  ( 9.550000000000000711, 6.250000000000031086, 5.700000000000000178 ) ) ;
#3605 = CARTESIAN_POINT ( 'NONE',  ( 10.00000000000000000, 6.733652732787760442, 9.738256522761860268 ) ) ;
#3606 = CARTESIAN_POINT ( 'NONE',  ( 7.500000000000000000, 4.250000000000009770, 9.500000000000000000 ) ) ;
#3607 = FILL_AREA_STYLE ('',( #9871 ) ) ;
#3608 = SURFACE_STYLE_FILL_AREA ( #7510 ) ;
#3609 = LINE ( 'NONE', #471, #5792 ) ;
#3610 = SURFACE_STYLE_FILL_AREA ( #474 ) ;
#3611 = ORIENTED_EDGE ( 'NONE', *, *, #9980, .T. ) ;
#3612 = VECTOR ( 'NONE', #5375, 1000.000000000000000 ) ;
#3613 = DIRECTION ( 'NONE',  ( 4.231032868236119855E-16, 0.0000000000000000000, 1.000000000000000000 ) ) ;
#3614 = ORIENTED_EDGE ( 'NONE', *, *, #9155, .F. ) ;
#3615 = B_SPLINE_CURVE_WITH_KNOTS ( 'NONE', 3,
 ( #6543, #8029, #8093, #7371, #1687, #6601 ),
 .UNSPECIFIED., .F., .F.,
 ( 4, 2, 4 ),
 ( 9.055522398700297199E-18, 0.0001520665957082005862, 0.0003041331914163921193 ),
 .UNSPECIFIED. ) ;
#3616 = AXIS2_PLACEMENT_3D ( 'NONE', #8932, #3493, #9020 ) ;
#3617 = FILL_AREA_STYLE_COLOUR ( '', #2405 ) ;
#3618 = LINE ( 'NONE', #6699, #3776 ) ;
#3619 = EDGE_CURVE ( 'NONE', #5676, #8575, #633, .T. ) ;
#3620 =( NAMED_UNIT ( * ) PLANE_ANGLE_UNIT ( ) SI_UNIT ( $, .RADIAN. ) );
#3621 = FACE_OUTER_BOUND ( 'NONE', #9444, .T. ) ;
#3622 = VECTOR ( 'NONE', #8745, 1000.000000000000000 ) ;
#3623 = LINE ( 'NONE', #2880, #3933 ) ;
#3624 = CARTESIAN_POINT ( 'NONE',  ( 3.871701747922879910, 6.620978138265459556, 5.127902589497670860 ) ) ;
#3625 = UNCERTAINTY_MEASURE_WITH_UNIT (LENGTH_MEASURE( 1.000000000000000082E-05 ), #3449, 'distance_accuracy_value', 'NONE');
#3626 = VERTEX_POINT ( 'NONE', #7 ) ;
#3627 = SURFACE_SIDE_STYLE ('',( #4362 ) ) ;
#3628 = CARTESIAN_POINT ( 'NONE',  ( 5.993858608708461766, 6.250000000000034639, 5.699344090454418144 ) ) ;
#3629 = CARTESIAN_POINT ( 'NONE',  ( 0.0000000000000000000, 7.450000000000000178, 6.500000000000009770 ) ) ;
#3630 = AXIS2_PLACEMENT_3D ( 'NONE', #8245, #6020, #4390 ) ;
#3631 = PRESENTATION_LAYER_ASSIGNMENT (  '', '', ( #5425 ) ) ;
#3632 = AXIS2_PLACEMENT_3D ( 'NONE', #9863, #3691, #9133 ) ;
#3633 = AXIS2_PLACEMENT_3D ( 'NONE', #8293, #8248, #9936 ) ;
#3634 = CARTESIAN_POINT ( 'NONE',  ( 3.958155913534197712, 6.384612859888997960, 5.465433459372714964 ) ) ;
#3635 = DIRECTION ( 'NONE',  ( 1.000000000000000000, 0.0000000000000000000, 0.0000000000000000000 ) ) ;
#3636 = AXIS2_PLACEMENT_3D ( 'NONE', #8806, #4041, #3254 ) ;
#3637 =( GEOMETRIC_REPRESENTATION_CONTEXT ( 3 ) GLOBAL_UNCERTAINTY_ASSIGNED_CONTEXT ( ( #3472 ) ) GLOBAL_UNIT_ASSIGNED_CONTEXT ( ( #2986, #4590, #5190 ) ) REPRESENTATION_CONTEXT ( 'NONE', 'WORKASPACE' ) );
#3638 = CARTESIAN_POINT ( 'NONE',  ( 5.801388088926969999, 6.089357963934170392, 5.509803114629489684 ) ) ;
#3639 = ORIENTED_EDGE ( 'NONE', *, *, #295, .T. ) ;
#3640 = CARTESIAN_POINT ( 'NONE',  ( 2.500000000000000000, 4.250000000000031086, -4.349999999999999645 ) ) ;
#3641 = EDGE_CURVE ( 'NONE', #2648, #7610, #10126, .T. ) ;
#3642 = FILL_AREA_STYLE ('',( #4460 ) ) ;
#3643 = VERTEX_POINT ( 'NONE', #9332 ) ;
#3644 = EDGE_CURVE ( 'NONE', #8712, #8165, #2292, .T. ) ;
#3645 = CARTESIAN_POINT ( 'NONE',  ( 0.9255929274512589844, 3.850000000000010303, 9.158054070483689912 ) ) ;
#3646 = VECTOR ( 'NONE', #2870, 1000.000000000000000 ) ;
#3647 = CARTESIAN_POINT ( 'NONE',  ( -4.549999999999999822, 6.250000000000031086, 5.700000000000000178 ) ) ;
#3648 = VECTOR ( 'NONE', #97, 1000.000000000000114 ) ;
#3649 = DIRECTION ( 'NONE',  ( 1.717547996016639994E-16, 0.0000000000000000000, 1.000000000000000000 ) ) ;
#3650 = DIRECTION ( 'NONE',  ( -1.000000000000000000, 0.0000000000000000000, 0.0000000000000000000 ) ) ;
#3651 =( GEOMETRIC_REPRESENTATION_CONTEXT ( 3 ) GLOBAL_UNCERTAINTY_ASSIGNED_CONTEXT ( ( #6392 ) ) GLOBAL_UNIT_ASSIGNED_CONTEXT ( ( #8253, #8966, #7270 ) ) REPRESENTATION_CONTEXT ( 'NONE', 'WORKASPACE' ) );
#3652 = CARTESIAN_POINT ( 'NONE',  ( 2.500000000000000000, 4.250000000000031086, -4.349999999999999645 ) ) ;
#3653 = ORIENTED_EDGE ( 'NONE', *, *, #9840, .T. ) ;
#3654 = DIRECTION ( 'NONE',  ( -5.152643988049929844E-16, 0.0000000000000000000, -1.000000000000000000 ) ) ;
#3655 = CARTESIAN_POINT ( 'NONE',  ( 7.500000000000000000, 4.250000000000009770, 8.099999999999999645 ) ) ;
#3656 = ADVANCED_FACE ( 'NONE', ( #7966 ), #7397, .T. ) ;
#3657 = DIRECTION ( 'NONE',  ( -1.000000000000000000, 0.0000000000000000000, 0.0000000000000000000 ) ) ;
#3658 = AXIS2_PLACEMENT_3D ( 'NONE', #4499, #2726, #5889 ) ;
#3659 = ORIENTED_EDGE ( 'NONE', *, *, #1472, .T. ) ;
#3660 = CARTESIAN_POINT ( 'NONE',  ( 7.500000000000000000, 4.250000000000009770, 8.000000000000000000 ) ) ;
#3661 = PRESENTATION_STYLE_ASSIGNMENT (( #9241 ) ) ;
#3662 = VERTEX_POINT ( 'NONE', #8897 ) ;
#3663 = EDGE_CURVE ( 'NONE', #7841, #342, #5047, .T. ) ;
#3664 = VERTEX_POINT ( 'NONE', #7193 ) ;
#3665 =( REPRESENTATION_RELATIONSHIP ('NONE','NONE', #3415, #4147 ) REPRESENTATION_RELATIONSHIP_WITH_TRANSFORMATION ( #2426 )SHAPE_REPRESENTATION_RELATIONSHIP( ) );
#3666 = FACE_OUTER_BOUND ( 'NONE', #5955, .T. ) ;
#3667 = VERTEX_POINT ( 'NONE', #6424 ) ;
#3668 = AXIS2_PLACEMENT_3D ( 'NONE', #1427, #4505, #6235 ) ;
#3669 = LINE ( 'NONE', #6795, #806 ) ;
#3670 = LINE ( 'NONE', #4497, #2581 ) ;
#3671 = DIRECTION ( 'NONE',  ( 0.9284766908852588596, 0.3713906763541049982, -4.784109839334419496E-16 ) ) ;
#3672 = PLANE ( 'NONE',  #9413 ) ;
#3673 = VERTEX_POINT ( 'NONE', #7252 ) ;
#3674 = CARTESIAN_POINT ( 'NONE',  ( 7.500000000000000000, 4.250000000000009770, 9.314249409997579221 ) ) ;
#3675 = CARTESIAN_POINT ( 'NONE',  ( 8.551316613977631320, 6.900595781960301878, 3.995523657362072711 ) ) ;
#3676 = CARTESIAN_POINT ( 'NONE',  ( -5.000000000000000000, 1.560000000000000275, 6.200000000000001066 ) ) ;
#3677 =( GEOMETRIC_REPRESENTATION_CONTEXT ( 3 ) GLOBAL_UNCERTAINTY_ASSIGNED_CONTEXT ( ( #7007 ) ) GLOBAL_UNIT_ASSIGNED_CONTEXT ( ( #6835, #2766, #4486 ) ) REPRESENTATION_CONTEXT ( 'NONE', 'WORKASPACE' ) );
#3678 = EDGE_CURVE ( 'NONE', #3153, #2265, #6580, .T. ) ;
#3679 = CARTESIAN_POINT ( 'NONE',  ( 3.999986798160700463, 6.250000000000079936, 5.549568022095430209 ) ) ;
#3680 = LINE ( 'NONE', #7447, #4821 ) ;
#3681 = DIRECTION ( 'NONE',  ( -5.580452358381269806E-16, 1.000000000000000000, 0.0000000000000000000 ) ) ;
#3682 = PRESENTATION_LAYER_ASSIGNMENT (  '', '', ( #841 ) ) ;
#3683 = SURFACE_SIDE_STYLE ('',( #500 ) ) ;
#3684 = ORIENTED_EDGE ( 'NONE', *, *, #7717, .T. ) ;
#3685 = CARTESIAN_POINT ( 'NONE',  ( 3.924099116621577288, 6.782835288287568432, 5.313097438219579693 ) ) ;
#3686 = ORIENTED_EDGE ( 'NONE', *, *, #6960, .T. ) ;
#3687 =( GEOMETRIC_REPRESENTATION_CONTEXT ( 3 ) GLOBAL_UNCERTAINTY_ASSIGNED_CONTEXT ( ( #2679 ) ) GLOBAL_UNIT_ASSIGNED_CONTEXT ( ( #10213, #6920, #9265 ) ) REPRESENTATION_CONTEXT ( 'NONE', 'WORKASPACE' ) );
#3688 = ORIENTED_EDGE ( 'NONE', *, *, #6369, .T. ) ;
#3689 = CARTESIAN_POINT ( 'NONE',  ( 3.957924419191280574, 6.384681414832980018, 5.464040407139529876 ) ) ;
#3690 = FACE_OUTER_BOUND ( 'NONE', #2350, .T. ) ;
#3691 = DIRECTION ( 'NONE',  ( 0.0000000000000000000, 0.0000000000000000000, 1.000000000000000000 ) ) ;
#3692 = STYLED_ITEM ( 'NONE', ( #2408 ), #7138 ) ;
#3693 = FILL_AREA_STYLE ('',( #325 ) ) ;
#3694 = DIRECTION ( 'NONE',  ( -1.000000000000000000, 0.0000000000000000000, -3.641714079092569968E-16 ) ) ;
#3695 = DIRECTION ( 'NONE',  ( 0.0000000000000000000, 0.06975647374412512203, -0.9975640502598243087 ) ) ;
#3696 = SURFACE_STYLE_USAGE ( .BOTH. , #5874 ) ;
#3697 = CIRCLE ( 'NONE', #4855, 0.2000000000000005107 ) ;
#3698 = SURFACE_SIDE_STYLE ('',( #5244 ) ) ;
#3699 = FACE_OUTER_BOUND ( 'NONE', #9466, .T. ) ;
#3700 = EDGE_CURVE ( 'NONE', #7907, #7355, #8106, .T. ) ;
#3701 = ORIENTED_EDGE ( 'NONE', *, *, #10000, .T. ) ;
#3702 = LINE ( 'NONE', #6838, #10212 ) ;
#3703 = ORIENTED_EDGE ( 'NONE', *, *, #2020, .T. ) ;
#3704 = CARTESIAN_POINT ( 'NONE',  ( 10.00000000000000178, 0.0000000000000000000, 0.0000000000000000000 ) ) ;
#3705 =( NAMED_UNIT ( * ) SI_UNIT ( $, .STERADIAN. ) SOLID_ANGLE_UNIT ( ) );
#3706 = DIRECTION ( 'NONE',  ( 0.8660254037844380415, -0.5000000000000009992, 0.0000000000000000000 ) ) ;
#3707 = ORIENTED_EDGE ( 'NONE', *, *, #1594, .T. ) ;
#3708 = ADVANCED_FACE ( 'NONE', ( #104 ), #7301, .F. ) ;
#3709 = EDGE_CURVE ( 'NONE', #654, #8708, #1669, .T. ) ;
#3710 = CIRCLE ( 'NONE', #3043, 1.413776159319739989 ) ;
#3711 = DIRECTION ( 'NONE',  ( -5.580452358381269806E-16, 1.000000000000000000, 0.0000000000000000000 ) ) ;
#3712 = CARTESIAN_POINT ( 'NONE',  ( -2.250000000000000444, 4.250000000000031086, -4.349999999999999645 ) ) ;
#3713 = CARTESIAN_POINT ( 'NONE',  ( 5.912962694865610658, 4.650000000000010125, 8.986637655680240755 ) ) ;
#3714 = DIRECTION ( 'NONE',  ( 0.0000000000000000000, 0.0000000000000000000, 1.000000000000000000 ) ) ;
#3715 = EDGE_LOOP ( 'NONE', ( #9266, #2103, #7980, #6325 ) ) ;
#3716 = DIRECTION ( 'NONE',  ( -1.000000000000000000, 0.0000000000000000000, 0.0000000000000000000 ) ) ;
#3717 = CARTESIAN_POINT ( 'NONE',  ( 7.249999999999999112, 4.250000000000031086, -4.349999999999999645 ) ) ;
#3718 = VECTOR ( 'NONE', #6303, 1000.000000000000000 ) ;
#3719 = CYLINDRICAL_SURFACE ( 'NONE', #4611, 1.749999999999990230 ) ;
#3720 = VERTEX_POINT ( 'NONE', #9545 ) ;
#3721 = CARTESIAN_POINT ( 'NONE',  ( 1.449999999999999956, 5.950000000000040146, 2.800000000000010036 ) ) ;
#3722 = UNCERTAINTY_MEASURE_WITH_UNIT (LENGTH_MEASURE( 1.000000000000000082E-05 ), #7870, 'distance_accuracy_value', 'NONE');
#3723 = SURFACE_STYLE_FILL_AREA ( #7449 ) ;
#3724 = EDGE_LOOP ( 'NONE', ( #1292, #9613, #4295, #8558 ) ) ;
#3725 = EDGE_LOOP ( 'NONE', ( #5429, #7008, #7632, #7367 ) ) ;
#3726 = ORIENTED_EDGE ( 'NONE', *, *, #8733, .T. ) ;
#3727 = LINE ( 'NONE', #1495, #4331 ) ;
#3728 = ORIENTED_EDGE ( 'NONE', *, *, #1590, .F. ) ;
#3729 = PRESENTATION_STYLE_ASSIGNMENT (( #557 ) ) ;
#3730 = DIRECTION ( 'NONE',  ( 0.0000000000000000000, -1.000000000000000000, 0.0000000000000000000 ) ) ;
#3731 = CARTESIAN_POINT ( 'NONE',  ( -5.000000000000000000, 1.990236984239069917, 9.700000000000001066 ) ) ;
#3732 = DIRECTION ( 'NONE',  ( 0.0000000000000000000, 0.0000000000000000000, -1.000000000000000000 ) ) ;
#3733 =( GEOMETRIC_REPRESENTATION_CONTEXT ( 3 ) GLOBAL_UNCERTAINTY_ASSIGNED_CONTEXT ( ( #517 ) ) GLOBAL_UNIT_ASSIGNED_CONTEXT ( ( #732, #9293, #3745 ) ) REPRESENTATION_CONTEXT ( 'NONE', 'WORKASPACE' ) );
#3734 = FACE_OUTER_BOUND ( 'NONE', #6800, .T. ) ;
#3735 = LINE ( 'NONE', #614, #4627 ) ;
#3736 = DIRECTION ( 'NONE',  ( 0.0000000000000000000, 0.0000000000000000000, 1.000000000000000000 ) ) ;
#3737 = SURFACE_STYLE_USAGE ( .BOTH. , #524 ) ;
#3738 = DIRECTION ( 'NONE',  ( 0.0000000000000000000, 1.000000000000000000, 0.0000000000000000000 ) ) ;
#3739 = EDGE_LOOP ( 'NONE', ( #7859, #7450, #1390, #4826 ) ) ;
#3740 = DIRECTION ( 'NONE',  ( 0.0000000000000000000, 0.06975647374412512203, -0.9975640502598243087 ) ) ;
#3741 = ORIENTED_EDGE ( 'NONE', *, *, #7602, .F. ) ;
#3742 = EDGE_CURVE ( 'NONE', #2761, #7090, #2504, .T. ) ;
#3743 = CARTESIAN_POINT ( 'NONE',  ( 8.924099116621579952, 6.782835288287570208, 5.313097438219569923 ) ) ;
#3744 = ORIENTED_EDGE ( 'NONE', *, *, #533, .T. ) ;
#3745 =( NAMED_UNIT ( * ) SI_UNIT ( $, .STERADIAN. ) SOLID_ANGLE_UNIT ( ) );
#3746 = DIRECTION ( 'NONE',  ( -1.000000000000000000, 0.0000000000000000000, 0.0000000000000000000 ) ) ;
#3747 = ORIENTED_EDGE ( 'NONE', *, *, #1865, .F. ) ;
#3748 = VECTOR ( 'NONE', #1023, 1000.000000000000000 ) ;
#3749 = EDGE_CURVE ( 'NONE', #6926, #750, #5601, .T. ) ;
#3750 = DIRECTION ( 'NONE',  ( 0.0000000000000000000, 0.3713906763541028888, -0.9284766908852596368 ) ) ;
#3751 =( GEOMETRIC_REPRESENTATION_CONTEXT ( 3 ) GLOBAL_UNCERTAINTY_ASSIGNED_CONTEXT ( ( #7987 ) ) GLOBAL_UNIT_ASSIGNED_CONTEXT ( ( #3771, #5143, #2174 ) ) REPRESENTATION_CONTEXT ( 'NONE', 'WORKASPACE' ) );
#3752 = SURFACE_SIDE_STYLE ('',( #4541 ) ) ;
#3753 = VECTOR ( 'NONE', #8308, 1000.000000000000000 ) ;
#3754 = DIRECTION ( 'NONE',  ( 0.0000000000000000000, -1.000000000000000000, 0.0000000000000000000 ) ) ;
#3755 = CARTESIAN_POINT ( 'NONE',  ( 15.00000000000000000, 6.650000000000000355, 10.00000000000000000 ) ) ;
#3756 = ORIENTED_EDGE ( 'NONE', *, *, #8723, .T. ) ;
#3757 = EDGE_CURVE ( 'NONE', #8961, #5530, #4121, .T. ) ;
#3758 = DIRECTION ( 'NONE',  ( 0.0000000000000000000, -1.000000000000000000, 0.0000000000000000000 ) ) ;
#3759 = EDGE_CURVE ( 'NONE', #1750, #6680, #6366, .T. ) ;
#3760 = CARTESIAN_POINT ( 'NONE',  ( 6.450000000000000178, 6.900812423267500328, 3.990870176997169949 ) ) ;
#3761 = CARTESIAN_POINT ( 'NONE',  ( 9.074407072548709152, 3.850000000000010303, 9.158054070484201503 ) ) ;
#3762 = ADVANCED_FACE ( 'NONE', ( #9710 ), #10017, .T. ) ;
#3763 = DIRECTION ( 'NONE',  ( -0.9622281902964742173, 0.0000000000000000000, 0.2722442098535290400 ) ) ;
#3764 = CARTESIAN_POINT ( 'NONE',  ( 1.075900883378422712, 6.560463200155849606, 5.313097438219570812 ) ) ;
#3765 = UNCERTAINTY_MEASURE_WITH_UNIT (LENGTH_MEASURE( 1.000000000000000082E-05 ), #9622, 'distance_accuracy_value', 'NONE');
#3766 =( NAMED_UNIT ( * ) PLANE_ANGLE_UNIT ( ) SI_UNIT ( $, .RADIAN. ) );
#3767 = CARTESIAN_POINT ( 'NONE',  ( 1.038082531322272573, 6.695996851929104210, 5.479691494257481921 ) ) ;
#3768 = STYLED_ITEM ( 'NONE', ( #8201 ), #7733 ) ;
#3769 = LINE ( 'NONE', #5525, #2354 ) ;
#3770 = ORIENTED_EDGE ( 'NONE', *, *, #9418, .T. ) ;
#3771 =( LENGTH_UNIT ( ) NAMED_UNIT ( * ) SI_UNIT ( .MILLI., .METRE. ) );
#3772 = AXIS2_PLACEMENT_3D ( 'NONE', #1305, #1090, #310 ) ;
#3773 = ADVANCED_FACE ( 'NONE', ( #5005 ), #8171, .F. ) ;
#3774 = ORIENTED_EDGE ( 'NONE', *, *, #4159, .T. ) ;
#3775 = EDGE_LOOP ( 'NONE', ( #3741, #1743, #1577, #7943 ) ) ;
#3776 = VECTOR ( 'NONE', #7564, 1000.000000000000000 ) ;
#3777 = CIRCLE ( 'NONE', #110, 0.1000000000000002554 ) ;
#3778 = AXIS2_PLACEMENT_3D ( 'NONE', #6443, #2517, #1054 ) ;
#3779 = AXIS2_PLACEMENT_3D ( 'NONE', #1481, #7883, #698 ) ;
#3780 = CIRCLE ( 'NONE', #6591, 1.400000000000000133 ) ;
#3781 = ORIENTED_EDGE ( 'NONE', *, *, #3518, .F. ) ;
#3782 = DIRECTION ( 'NONE',  ( 0.0000000000000000000, 0.0000000000000000000, 1.000000000000000000 ) ) ;
#3783 = EDGE_LOOP ( 'NONE', ( #4878, #597, #4092, #5454, #6164, #8222 ) ) ;
#3784 = CARTESIAN_POINT ( 'NONE',  ( 9.550000000000000711, 7.250000000000000000, 0.6500000000000020206 ) ) ;
#3785 = CARTESIAN_POINT ( 'NONE',  ( 6.008157734995720034, 6.591285235931310993, 5.552530875971450008 ) ) ;
#3786 = CARTESIAN_POINT ( 'NONE',  ( 6.027326048814293458, 6.293418682409066989, 5.495963488081316406 ) ) ;
#3787 = AXIS2_PLACEMENT_3D ( 'NONE', #10130, #3081, #6214 ) ;
#3788 = DIRECTION ( 'NONE',  ( -1.000000000000000000, 0.0000000000000000000, 0.0000000000000000000 ) ) ;
#3789 = VECTOR ( 'NONE', #715, 1000.000000000000000 ) ;
#3790 = LINE ( 'NONE', #5385, #778 ) ;
#3791 = ORIENTED_EDGE ( 'NONE', *, *, #5148, .T. ) ;
#3792 = AXIS2_PLACEMENT_3D ( 'NONE', #1513, #4734, #8624 ) ;
#3793 = CARTESIAN_POINT ( 'NONE',  ( 5.450000000000009948, 2.200000000000000178, 5.799999999999999822 ) ) ;
#3794 = CARTESIAN_POINT ( 'NONE',  ( -2.500000000000000000, 5.950000000000040146, 2.750000000000000000 ) ) ;
#3795 = B_SPLINE_CURVE_WITH_KNOTS ( 'NONE', 3,
 ( #2394, #6208, #4577, #8671, #1612, #6163 ),
 .UNSPECIFIED., .F., .F.,
 ( 4, 2, 4 ),
 ( 1.734723475976807094E-18, 0.0001521198112224522888, 0.0003042396224449028428 ),
 .UNSPECIFIED. ) ;
#3796 = EDGE_CURVE ( 'NONE', #712, #9956, #2180, .T. ) ;
#3797 = CIRCLE ( 'NONE', #2807, 1.599999999999999867 ) ;
#3798 = DIRECTION ( 'NONE',  ( 0.0000000000000000000, 0.0000000000000000000, -1.000000000000000000 ) ) ;
#3799 = UNCERTAINTY_MEASURE_WITH_UNIT (LENGTH_MEASURE( 1.000000000000000082E-05 ), #7221, 'distance_accuracy_value', 'NONE');
#3800 = CARTESIAN_POINT ( 'NONE',  ( 9.550000000000000711, 7.250000000000000000, 0.6500000000000020206 ) ) ;
#3801 = DIRECTION ( 'NONE',  ( 0.0000000000000000000, -3.675221047034999628E-15, 1.000000000000000000 ) ) ;
#3802 = ORIENTED_EDGE ( 'NONE', *, *, #7226, .T. ) ;
#3803 = CARTESIAN_POINT ( 'NONE',  ( -0.8992189406417899766, 3.850000000000010303, 8.800000000000009592 ) ) ;
#3804 = EDGE_LOOP ( 'NONE', ( #449, #6490, #5571, #7655 ) ) ;
#3805 = CARTESIAN_POINT ( 'NONE',  ( -5.000000000000000000, 1.718879291340180027, 9.827925769509480602 ) ) ;
#3806 = ORIENTED_EDGE ( 'NONE', *, *, #7866, .T. ) ;
#3807 = CARTESIAN_POINT ( 'NONE',  ( 3.549999999999999822, 6.700487189948059807, 3.990870176997180607 ) ) ;
#3808 = MECHANICAL_DESIGN_GEOMETRIC_PRESENTATION_REPRESENTATION (  '', ( #817 ), #6438 ) ;
#3809 = PRESENTATION_STYLE_ASSIGNMENT (( #786 ) ) ;
#3810 = AXIS2_PLACEMENT_3D ( 'NONE', #2661, #8905, #2712 ) ;
#3811 = ORIENTED_EDGE ( 'NONE', *, *, #8630, .T. ) ;
#3812 = EDGE_CURVE ( 'NONE', #7379, #5502, #1155, .T. ) ;
#3813 = DIRECTION ( 'NONE',  ( 0.0000000000000000000, 0.0000000000000000000, 1.000000000000000000 ) ) ;
#3814 = DIRECTION ( 'NONE',  ( 0.0000000000000000000, -1.000000000000000000, 0.0000000000000000000 ) ) ;
#3815 = CARTESIAN_POINT ( 'NONE',  ( 8.994607792362456777, 6.250000000000374811, 5.499015461809751315 ) ) ;
#3816 = VECTOR ( 'NONE', #6458, 1000.000000000000000 ) ;
#3817 = DIRECTION ( 'NONE',  ( 1.000000000000000000, 0.0000000000000000000, 0.0000000000000000000 ) ) ;
#3818 = DIRECTION ( 'NONE',  ( 0.0000000000000000000, 0.0000000000000000000, -1.000000000000000000 ) ) ;
#3819 = DIRECTION ( 'NONE',  ( 0.0000000000000000000, 0.0000000000000000000, 1.000000000000000000 ) ) ;
#3820 = ADVANCED_FACE ( 'NONE', ( #7549 ), #2706, .F. ) ;
#3821 = ORIENTED_EDGE ( 'NONE', *, *, #2285, .F. ) ;
#3822 =( NAMED_UNIT ( * ) SI_UNIT ( $, .STERADIAN. ) SOLID_ANGLE_UNIT ( ) );
#3823 = FACE_OUTER_BOUND ( 'NONE', #4854, .T. ) ;
#3824 = CARTESIAN_POINT ( 'NONE',  ( 10.00000000000000000, 0.9499999999999999556, 6.200000000000001066 ) ) ;
#3825 = VECTOR ( 'NONE', #5305, 1000.000000000000000 ) ;
#3826 =( NAMED_UNIT ( * ) PLANE_ANGLE_UNIT ( ) SI_UNIT ( $, .RADIAN. ) );
#3827 = CARTESIAN_POINT ( 'NONE',  ( 15.00000000000000000, 0.1499999999999999944, 0.0000000000000000000 ) ) ;
#3828 = CARTESIAN_POINT ( 'NONE',  ( 1.092610859955164049, 4.650000000000009237, 9.500000000000031974 ) ) ;
#3829 = CARTESIAN_POINT ( 'NONE',  ( 0.4500000000000040079, 7.250000000000000000, 5.700000000000000178 ) ) ;
#3830 = EDGE_CURVE ( 'NONE', #1929, #2614, #8276, .T. ) ;
#3831 = ORIENTED_EDGE ( 'NONE', *, *, #721, .T. ) ;
#3832 = VECTOR ( 'NONE', #4835, 1000.000000000000000 ) ;
#3833 = LINE ( 'NONE', #5426, #6907 ) ;
#3834 = ORIENTED_EDGE ( 'NONE', *, *, #5111, .F. ) ;
#3835 = ORIENTED_EDGE ( 'NONE', *, *, #1246, .T. ) ;
#3836 = CIRCLE ( 'NONE', #6956, 1.613267899285889984 ) ;
#3837 = EDGE_CURVE ( 'NONE', #9275, #7147, #8693, .T. ) ;
#3838 = EDGE_CURVE ( 'NONE', #2973, #6176, #367, .T. ) ;
#3839 = EDGE_LOOP ( 'NONE', ( #8357, #1157, #1646, #4648 ) ) ;
#3840 = DIRECTION ( 'NONE',  ( 0.0000000000000000000, -1.000000000000000000, 0.0000000000000000000 ) ) ;
#3841 = VERTEX_POINT ( 'NONE', #7506 ) ;
#3842 = PLANE ( 'NONE',  #2845 ) ;
#3843 = ORIENTED_EDGE ( 'NONE', *, *, #9508, .T. ) ;
#3844 = LINE ( 'NONE', #761, #616 ) ;
#3845 = CARTESIAN_POINT ( 'NONE',  ( 1.124350997929270068, 6.820490948317419644, 5.141853884246501138 ) ) ;
#3846 = CARTESIAN_POINT ( 'NONE',  ( 8.550000000000000711, -1.462314593354880232, 3.990870176997169949 ) ) ;
#3847 = AXIS2_PLACEMENT_3D ( 'NONE', #2525, #1065, #2629 ) ;
#3848 = DIRECTION ( 'NONE',  ( 0.0000000000000000000, 0.0000000000000000000, 1.000000000000000000 ) ) ;
#3849 =( NAMED_UNIT ( * ) SI_UNIT ( $, .STERADIAN. ) SOLID_ANGLE_UNIT ( ) );
#3850 = DIRECTION ( 'NONE',  ( -3.641714079092569968E-16, 0.0000000000000000000, -1.000000000000000000 ) ) ;
#3851 = UNCERTAINTY_MEASURE_WITH_UNIT (LENGTH_MEASURE( 1.000000000000000082E-05 ), #7148, 'distance_accuracy_value', 'NONE');
#3852 =( GEOMETRIC_REPRESENTATION_CONTEXT ( 3 ) GLOBAL_UNCERTAINTY_ASSIGNED_CONTEXT ( ( #2985 ) ) GLOBAL_UNIT_ASSIGNED_CONTEXT ( ( #6492, #2559, #2463 ) ) REPRESENTATION_CONTEXT ( 'NONE', 'WORKASPACE' ) );
#3853 = DIRECTION ( 'NONE',  ( 1.000000000000000000, -1.224646799147353207E-16, 0.0000000000000000000 ) ) ;
#3854 = CARTESIAN_POINT ( 'NONE',  ( 4.062892611435058754, 3.850000000000010303, 9.314249409999350249 ) ) ;
#3855 =( NAMED_UNIT ( * ) PLANE_ANGLE_UNIT ( ) SI_UNIT ( $, .RADIAN. ) );
#3856 = DIRECTION ( 'NONE',  ( 0.0000000000000000000, -1.000000000000000000, 0.0000000000000000000 ) ) ;
#3857 = VERTEX_POINT ( 'NONE', #5101 ) ;
#3858 = ADVANCED_FACE ( 'NONE', ( #8224 ), #2450, .T. ) ;
#3859 = PRODUCT_RELATED_PRODUCT_CATEGORY ( 'part', '', ( #7091 ) ) ;
#3860 = CARTESIAN_POINT ( 'NONE',  ( 1.075900883378420048, -1.462314593354880232, 5.313097438219579693 ) ) ;
#3861 = ORIENTED_EDGE ( 'NONE', *, *, #7628, .F. ) ;
#3862 = LINE ( 'NONE', #6211, #6976 ) ;
#3863 = VERTEX_POINT ( 'NONE', #7463 ) ;
#3864 =( NAMED_UNIT ( * ) SI_UNIT ( $, .STERADIAN. ) SOLID_ANGLE_UNIT ( ) );
#3865 = DIRECTION ( 'NONE',  ( 0.0000000000000000000, 0.0000000000000000000, -1.000000000000000000 ) ) ;
#3866 = STYLED_ITEM ( 'NONE', ( #168 ), #7473 ) ;
#3867 = ORIENTED_EDGE ( 'NONE', *, *, #8072, .F. ) ;
#3868 =( BOUNDED_CURVE ( )  B_SPLINE_CURVE ( 3, ( #515, #5294, #611, #10169 ),
 .UNSPECIFIED., .F., .T. ) 
 B_SPLINE_CURVE_WITH_KNOTS ( ( 4, 4 ),
 ( 1.617317421061991167, 1.640609496874676276 ),
 .UNSPECIFIED. ) 
 CURVE ( )  GEOMETRIC_REPRESENTATION_ITEM ( )  RATIONAL_B_SPLINE_CURVE ( ( 1.000000000000000000, 0.9999547904446798308, 0.9999547904446798308, 1.000000000000000000 ) ) 
 REPRESENTATION_ITEM ( '' )  );
#3869 = CARTESIAN_POINT ( 'NONE',  ( 8.994607792362469212, 6.250000000000363265, 5.499015461809753091 ) ) ;
#3870 = DIRECTION ( 'NONE',  ( -1.000000000000000000, 0.0000000000000000000, 0.0000000000000000000 ) ) ;
#3871 = CARTESIAN_POINT ( 'NONE',  ( 0.0000000000000000000, 4.900000000000000355, 3.275000000000000355 ) ) ;
#3872 = DIRECTION ( 'NONE',  ( -3.641714079092569968E-16, 0.0000000000000000000, -1.000000000000000000 ) ) ;
#3873 = DIRECTION ( 'NONE',  ( 0.0000000000000000000, -1.000000000000000000, 0.0000000000000000000 ) ) ;
#3874 = ORIENTED_EDGE ( 'NONE', *, *, #9049, .T. ) ;
#3875 = PRESENTATION_STYLE_ASSIGNMENT (( #3986 ) ) ;
#3876 = CARTESIAN_POINT ( 'NONE',  ( -4.549999999999999822, 6.250000000000031086, 0.6500000000000289990 ) ) ;
#3877 = SURFACE_SIDE_STYLE ('',( #10145 ) ) ;
#3878 = LINE ( 'NONE', #3991, #7063 ) ;
#3879 = SURFACE_SIDE_STYLE ('',( #6180 ) ) ;
#3880 = CARTESIAN_POINT ( 'NONE',  ( -1.449999999999999956, -1.462314593354880232, 3.990870176997180607 ) ) ;
#3881 = DIRECTION ( 'NONE',  ( 0.0000000000000000000, 0.0000000000000000000, 1.000000000000000000 ) ) ;
#3882 = EDGE_LOOP ( 'NONE', ( #6045, #3374, #7736, #7384 ) ) ;
#3883 = ORIENTED_EDGE ( 'NONE', *, *, #3544, .T. ) ;
#3884 = LINE ( 'NONE', #9369, #9016 ) ;
#3885 = EDGE_CURVE ( 'NONE', #1345, #10181, #8080, .T. ) ;
#3886 = EDGE_LOOP ( 'NONE', ( #7352, #7407, #760, #8872, #9163, #3106, #7997, #8605 ) ) ;
#3887 = VERTEX_POINT ( 'NONE', #3604 ) ;
#3888 = EDGE_CURVE ( 'NONE', #6311, #5619, #9866, .T. ) ;
#3889 = FACE_OUTER_BOUND ( 'NONE', #2395, .T. ) ;
#3890 = CIRCLE ( 'NONE', #5882, 1.649999999999999467 ) ;
#3891 = VERTEX_POINT ( 'NONE', #9088 ) ;
#3892 = ORIENTED_EDGE ( 'NONE', *, *, #1670, .F. ) ;
#3893 = LINE ( 'NONE', #10068, #4667 ) ;
#3894 = EDGE_LOOP ( 'NONE', ( #904, #7595, #3344, #2497 ) ) ;
#3895 = SURFACE_STYLE_USAGE ( .BOTH. , #713 ) ;
#3896 = VERTEX_POINT ( 'NONE', #2035 ) ;
#3897 = CARTESIAN_POINT ( 'NONE',  ( 2.500000000000000000, 4.250000000000009770, 8.099999999999999645 ) ) ;
#3898 = CARTESIAN_POINT ( 'NONE',  ( 10.00000000000000000, 0.1499999999999999944, 0.0000000000000000000 ) ) ;
#3899 = ADVANCED_FACE ( 'NONE', ( #5197 ), #8320, .T. ) ;
#3900 = ORIENTED_EDGE ( 'NONE', *, *, #865, .T. ) ;
#3901 = ADVANCED_FACE ( 'NONE', ( #1864 ), #5036, .T. ) ;
#3902 = SURFACE_STYLE_FILL_AREA ( #8465 ) ;
#3903 = DIRECTION ( 'NONE',  ( 0.0000000000000000000, -3.675221047034999628E-15, 1.000000000000000000 ) ) ;
#3904 = EDGE_LOOP ( 'NONE', ( #7050, #8436, #5161, #3418, #4080, #4633, #528, #9425, #8842, #3319, #9085, #717, #1686, #4209, #2916 ) ) ;
#3905 = CYLINDRICAL_SURFACE ( 'NONE', #1165, 0.3999999999999993006 ) ;
#3906 = DIRECTION ( 'NONE',  ( 0.0000000000000000000, 1.000000000000000000, 0.0000000000000000000 ) ) ;
#3907 = FILL_AREA_STYLE ('',( #9186 ) ) ;
#3908 = CARTESIAN_POINT ( 'NONE',  ( -4.074407072548740238, 3.850000000000010303, 9.158054070483700571 ) ) ;
#3909 = ORIENTED_EDGE ( 'NONE', *, *, #5625, .F. ) ;
#3910 = B_SPLINE_CURVE_WITH_KNOTS ( 'NONE', 3,
 ( #9951, #4367, #7533, #3679, #4551, #592, #2015, #442 ),
 .UNSPECIFIED., .F., .F.,
 ( 4, 2, 2, 4 ),
 ( 0.0000000000000000000, 0.1326693844476060091, 0.4942272126317289738, 1.000000000000000000 ),
 .UNSPECIFIED. ) ;
#3911 = CIRCLE ( 'NONE', #6043, 1.749999999999990008 ) ;
#3912 = CARTESIAN_POINT ( 'NONE',  ( 10.00000000000000000, 0.1499999999999999944, 6.388051065821461094 ) ) ;
#3913 = EDGE_LOOP ( 'NONE', ( #1331, #1029 ) ) ;
#3914 = CARTESIAN_POINT ( 'NONE',  ( 5.993858608708464430, 6.250000000000039968, 5.699344090454418144 ) ) ;
#3915 = ORIENTED_EDGE ( 'NONE', *, *, #7100, .T. ) ;
#3916 = CARTESIAN_POINT ( 'NONE',  ( 10.00000000000000000, 7.150000000000000355, 6.500000000000000888 ) ) ;
#3917 = EDGE_CURVE ( 'NONE', #734, #2036, #7947, .T. ) ;
#3918 = ORIENTED_EDGE ( 'NONE', *, *, #9792, .T. ) ;
#3919 = CIRCLE ( 'NONE', #4574, 0.4999999999999995559 ) ;
#3920 = CARTESIAN_POINT ( 'NONE',  ( 6.446052745852149712, 6.900000000000019895, 4.004821471746000228 ) ) ;
#3921 = DIRECTION ( 'NONE',  ( 0.0000000000000000000, 0.0000000000000000000, -1.000000000000000000 ) ) ;
#3922 = B_SPLINE_CURVE_WITH_KNOTS ( 'NONE', 3,
 ( #3232, #5545, #6202, #4573, #7909, #828 ),
 .UNSPECIFIED., .F., .F.,
 ( 4, 2, 4 ),
 ( 0.0000000000000000000, 0.5443967235633909718, 1.000000000000000000 ),
 .UNSPECIFIED. ) ;
#3923 = DIRECTION ( 'NONE',  ( 0.0000000000000000000, -1.000000000000000000, 0.0000000000000000000 ) ) ;
#3924 = SURFACE_SIDE_STYLE ('',( #2306 ) ) ;
#3925 = CARTESIAN_POINT ( 'NONE',  ( 2.750000000000000000, 4.250000000000031086, -4.349999999999999645 ) ) ;
#3926 = ORIENTED_EDGE ( 'NONE', *, *, #47, .T. ) ;
#3927 = PLANE ( 'NONE',  #8543 ) ;
#3928 = MECHANICAL_DESIGN_GEOMETRIC_PRESENTATION_REPRESENTATION (  '', ( #926 ), #4265 ) ;
#3929 = CARTESIAN_POINT ( 'NONE',  ( -2.500000000000000000, 4.250000000000009770, 9.314249409997589879 ) ) ;
#3930 = FACE_OUTER_BOUND ( 'NONE', #8472, .T. ) ;
#3931 = DIRECTION ( 'NONE',  ( 1.000000000000000000, 0.0000000000000000000, -3.641714079092569968E-16 ) ) ;
#3932 = FACE_OUTER_BOUND ( 'NONE', #6868, .T. ) ;
#3933 = VECTOR ( 'NONE', #1950, 1000.000000000000000 ) ;
#3934 = CARTESIAN_POINT ( 'NONE',  ( 7.500000000000000000, 6.000000000000000000, 8.000000000000000000 ) ) ;
#3935 = FACE_OUTER_BOUND ( 'NONE', #2346, .T. ) ;
#3936 = UNCERTAINTY_MEASURE_WITH_UNIT (LENGTH_MEASURE( 1.000000000000000082E-05 ), #1909, 'distance_accuracy_value', 'NONE');
#3937 = CARTESIAN_POINT ( 'NONE',  ( 2.000000000000000000, 4.250000000000031086, 0.7499999999999981126 ) ) ;
#3938 = ORIENTED_EDGE ( 'NONE', *, *, #4644, .F. ) ;
#3939 = CARTESIAN_POINT ( 'NONE',  ( 1.005392207408169147, 6.250000000000031974, 5.499015461808848926 ) ) ;
#3940 = EDGE_CURVE ( 'NONE', #556, #6717, #1022, .T. ) ;
#3941 = CIRCLE ( 'NONE', #6559, 0.5999999999999998668 ) ;
#3942 = ORIENTED_EDGE ( 'NONE', *, *, #6477, .T. ) ;
#3943 = CARTESIAN_POINT ( 'NONE',  ( -5.500000000000000000, 6.370920840910899940, 3.569044486294639995 ) ) ;
#3944 = EDGE_CURVE ( 'NONE', #4221, #2648, #5851, .T. ) ;
#3945 = ORIENTED_EDGE ( 'NONE', *, *, #2053, .T. ) ;
#3946 = DIRECTION ( 'NONE',  ( 0.0000000000000000000, -1.000000000000000000, 0.0000000000000000000 ) ) ;
#3947 = ORIENTED_EDGE ( 'NONE', *, *, #1940, .T. ) ;
#3948 = PRESENTATION_STYLE_ASSIGNMENT (( #9178 ) ) ;
#3949 = FACE_OUTER_BOUND ( 'NONE', #4443, .T. ) ;
#3950 = DIRECTION ( 'NONE',  ( 0.0000000000000000000, 0.0000000000000000000, -1.000000000000000000 ) ) ;
#3951 = EDGE_CURVE ( 'NONE', #9333, #4179, #145, .T. ) ;
#3952 = SURFACE_STYLE_USAGE ( .BOTH. , #4918 ) ;
#3953 = ORIENTED_EDGE ( 'NONE', *, *, #5211, .F. ) ;
#3954 = EDGE_LOOP ( 'NONE', ( #8759, #4143, #7877, #8993 ) ) ;
#3955 = CIRCLE ( 'NONE', #8876, 1.700000000000000178 ) ;
#3956 = CARTESIAN_POINT ( 'NONE',  ( 6.450000000000000178, 6.405650476444289865, 3.372082935692199968 ) ) ;
#3957 = DIRECTION ( 'NONE',  ( 0.0000000000000000000, -1.000000000000000000, -3.965082230804152702E-15 ) ) ;
#3958 = VECTOR ( 'NONE', #6233, 1000.000000000000000 ) ;
#3959 = VECTOR ( 'NONE', #6, 1000.000000000000000 ) ;
#3960 = UNCERTAINTY_MEASURE_WITH_UNIT (LENGTH_MEASURE( 1.000000000000000082E-05 ), #4161, 'distance_accuracy_value', 'NONE');
#3961 = LINE ( 'NONE', #617, #3160 ) ;
#3962 = DIRECTION ( 'NONE',  ( 0.0000000000000000000, 0.0000000000000000000, -1.000000000000000000 ) ) ;
#3963 = DIRECTION ( 'NONE',  ( 0.0000000000000000000, 0.0000000000000000000, 1.000000000000000000 ) ) ;
#3964 = VERTEX_POINT ( 'NONE', #8978 ) ;
#3965 = VECTOR ( 'NONE', #9145, 1000.000000000000000 ) ;
#3966 = CARTESIAN_POINT ( 'NONE',  ( 5.993858608708464430, 6.250000000000039968, 5.699344090454418144 ) ) ;
#3967 = EDGE_CURVE ( 'NONE', #5772, #4900, #5744, .T. ) ;
#3968 = VERTEX_POINT ( 'NONE', #1908 ) ;
#3969 = LINE ( 'NONE', #782, #4680 ) ;
#3970 = VERTEX_POINT ( 'NONE', #4158 ) ;
#3971 = CARTESIAN_POINT ( 'NONE',  ( 4.549999999999999822, 2.200000000000000178, 0.7500000000000019984 ) ) ;
#3972 = FACE_OUTER_BOUND ( 'NONE', #5170, .T. ) ;
#3973 = ORIENTED_EDGE ( 'NONE', *, *, #4200, .F. ) ;
#3974 = AXIS2_PLACEMENT_3D ( 'NONE', #111, #171, #5770 ) ;
#3975 = AXIS2_PLACEMENT_3D ( 'NONE', #10133, #3084, #6217 ) ;
#3976 = LINE ( 'NONE', #6948, #3488 ) ;
#3977 = CARTESIAN_POINT ( 'NONE',  ( 10.00000000000000000, 7.750000000000000000, 6.500000000000000888 ) ) ;
#3978 = EDGE_CURVE ( 'NONE', #5772, #6307, #6230, .T. ) ;
#3979 =( LENGTH_UNIT ( ) NAMED_UNIT ( * ) SI_UNIT ( .MILLI., .METRE. ) );
#3980 = DIRECTION ( 'NONE',  ( 0.0000000000000000000, 0.0000000000000000000, 1.000000000000000000 ) ) ;
#3981 = CIRCLE ( 'NONE', #3486, 0.5000000000000000000 ) ;
#3982 = CARTESIAN_POINT ( 'NONE',  ( -4.549999999999999822, 5.950000000000040146, 0.6500000000000289990 ) ) ;
#3983 = EDGE_LOOP ( 'NONE', ( #2643, #3834, #4110, #4793 ) ) ;
#3984 = COLOUR_RGB ( '',0.2862745098039215508, 0.6431372549019607199, 0.8666666666666666963 ) ;
#3985 = DIRECTION ( 'NONE',  ( 0.0000000000000000000, 0.0000000000000000000, -1.000000000000000000 ) ) ;
#3986 = SURFACE_STYLE_USAGE ( .BOTH. , #7670 ) ;
#3987 = DIRECTION ( 'NONE',  ( 0.0000000000000000000, 0.0000000000000000000, 1.000000000000000000 ) ) ;
#3988 = AXIS2_PLACEMENT_3D ( 'NONE', #4356, #1281, #9945 ) ;
#3989 =( GEOMETRIC_REPRESENTATION_CONTEXT ( 3 ) GLOBAL_UNCERTAINTY_ASSIGNED_CONTEXT ( ( #5276 ) ) GLOBAL_UNIT_ASSIGNED_CONTEXT ( ( #9592, #2650, #5816 ) ) REPRESENTATION_CONTEXT ( 'NONE', 'WORKASPACE' ) );
#3990 = DIRECTION ( 'NONE',  ( 0.0000000000000000000, 0.0000000000000000000, -1.000000000000000000 ) ) ;
#3991 = CARTESIAN_POINT ( 'NONE',  ( 2.000000000000000000, 4.250000000000031086, 0.7499999999999990008 ) ) ;
#3992 = CARTESIAN_POINT ( 'NONE',  ( 2.500000000000000000, 9.550000000000029132, 4.150000000000000355 ) ) ;
#3993 = CARTESIAN_POINT ( 'NONE',  ( 4.549999999999999822, 2.200000000000000178, 5.700000000000000178 ) ) ;
#3994 = FILL_AREA_STYLE_COLOUR ( '', #6801 ) ;
#3995 = ORIENTED_EDGE ( 'NONE', *, *, #1723, .F. ) ;
#3996 = DIRECTION ( 'NONE',  ( 0.0000000000000000000, -0.06975647374412512203, 0.9975640502598243087 ) ) ;
#3997 = B_SPLINE_CURVE_WITH_KNOTS ( 'NONE', 3,
 ( #6618, #1698, #141, #9627, #2684, #8151 ),
 .UNSPECIFIED., .F., .F.,
 ( 4, 2, 4 ),
 ( 1.734723475976807094E-18, 0.0001521198112224725362, 0.0003042396224449433377 ),
 .UNSPECIFIED. ) ;
#3998 = ADVANCED_FACE ( 'NONE', ( #9688 ), #3426, .T. ) ;
#3999 = CARTESIAN_POINT ( 'NONE',  ( 8.549145049325982626, 6.700698492242080029, 3.987848413411089865 ) ) ;
#4000 = CIRCLE ( 'NONE', #7451, 0.5000000000000000000 ) ;
#4001 = ORIENTED_EDGE ( 'NONE', *, *, #762, .F. ) ;
#4002 = ORIENTED_EDGE ( 'NONE', *, *, #8987, .F. ) ;
#4003 = UNCERTAINTY_MEASURE_WITH_UNIT (LENGTH_MEASURE( 1.000000000000000082E-05 ), #8188, 'distance_accuracy_value', 'NONE');
#4004 = ADVANCED_FACE ( 'NONE', ( #2486 ), #4319, .F. ) ;
#4005 = AXIS2_PLACEMENT_3D ( 'NONE', #4341, #1891, #2714 ) ;
#4006 = DIRECTION ( 'NONE',  ( -1.000000000000000000, 0.0000000000000000000, 0.0000000000000000000 ) ) ;
#4007 = ORIENTED_EDGE ( 'NONE', *, *, #8782, .F. ) ;
#4008 = VERTEX_POINT ( 'NONE', #1195 ) ;
#4009 = VERTEX_POINT ( 'NONE', #8449 ) ;
#4010 = DIRECTION ( 'NONE',  ( 0.2722442098535290400, 0.0000000000000000000, -0.9622281902964742173 ) ) ;
#4011 = PRESENTATION_LAYER_ASSIGNMENT (  '', '', ( #2340 ) ) ;
#4012 = CARTESIAN_POINT ( 'NONE',  ( 7.500000000000000000, 4.250000000000009770, 9.314249409997579221 ) ) ;
#4013 = DIRECTION ( 'NONE',  ( -1.000000000000000000, 0.0000000000000000000, 0.0000000000000000000 ) ) ;
#4014 = CARTESIAN_POINT ( 'NONE',  ( 3.977386614090289818, 6.143310324244612097, 5.618805837179489338 ) ) ;
#4015 = VECTOR ( 'NONE', #1498, 1000.000000000000000 ) ;
#4016 = DIRECTION ( 'NONE',  ( 0.0000000000000000000, 0.0000000000000000000, 1.000000000000000000 ) ) ;
#4017 = VERTEX_POINT ( 'NONE', #4451 ) ;
#4018 = CARTESIAN_POINT ( 'NONE',  ( 3.976897247608213615, 6.379062758812451328, 5.679065084668919461 ) ) ;
#4019 = VERTEX_POINT ( 'NONE', #2891 ) ;
#4020 = CARTESIAN_POINT ( 'NONE',  ( 10.50000000000000000, 1.838675134594820015, 0.0000000000000000000 ) ) ;
#4021 = PRESENTATION_STYLE_ASSIGNMENT (( #993 ) ) ;
#4022 = EDGE_CURVE ( 'NONE', #1127, #9602, #1380, .T. ) ;
#4023 = EDGE_LOOP ( 'NONE', ( #9361, #3217, #4226, #7477 ) ) ;
#4024 = CIRCLE ( 'NONE', #7779, 1.400000000000000133 ) ;
#4025 = EDGE_CURVE ( 'NONE', #7841, #4552, #438, .T. ) ;
#4026 = CARTESIAN_POINT ( 'NONE',  ( -0.5000000000000000000, 6.900000000000019895, 4.004821471746000228 ) ) ;
#4027 = CARTESIAN_POINT ( 'NONE',  ( 7.500000000000000000, 4.250000000000031086, -4.349999999999999645 ) ) ;
#4028 = FACE_OUTER_BOUND ( 'NONE', #4514, .T. ) ;
#4029 = CARTESIAN_POINT ( 'NONE',  ( -4.549999999999999822, 6.250000000000031086, 5.700000000000000178 ) ) ;
#4030 = LINE ( 'NONE', #794, #4314 ) ;
#4031 = EDGE_LOOP ( 'NONE', ( #1933, #8715, #2309, #1174 ) ) ;
#4032 = PRESENTATION_LAYER_ASSIGNMENT (  '', '', ( #8773 ) ) ;
#4033 = CARTESIAN_POINT ( 'NONE',  ( 9.550000000000000711, 6.250000000000031086, 0.6500000000000020206 ) ) ;
#4034 = MECHANICAL_DESIGN_GEOMETRIC_PRESENTATION_REPRESENTATION (  '', ( #8140 ), #7321 ) ;
#4035 = PRESENTATION_STYLE_ASSIGNMENT (( #6600 ) ) ;
#4036 =( LENGTH_UNIT ( ) NAMED_UNIT ( * ) SI_UNIT ( .MILLI., .METRE. ) );
#4037 = EDGE_CURVE ( 'NONE', #8751, #10003, #3910, .T. ) ;
#4038 = EDGE_CURVE ( 'NONE', #5198, #7453, #1231, .T. ) ;
#4039 = AXIS2_PLACEMENT_3D ( 'NONE', #8476, #1408, #7701 ) ;
#4040 = CARTESIAN_POINT ( 'NONE',  ( 10.36999999999999922, 0.8864914703891380032, 6.200000000000001066 ) ) ;
#4041 = DIRECTION ( 'NONE',  ( 0.0000000000000000000, 1.000000000000000000, 0.0000000000000000000 ) ) ;
#4042 = DIRECTION ( 'NONE',  ( 0.0000000000000000000, 1.000000000000000000, 0.0000000000000000000 ) ) ;
#4043 = CARTESIAN_POINT ( 'NONE',  ( 7.500000000000000000, 5.950000000000040146, 2.750000000000000000 ) ) ;
#4044 = UNCERTAINTY_MEASURE_WITH_UNIT (LENGTH_MEASURE( 1.000000000000000082E-05 ), #1039, 'distance_accuracy_value', 'NONE');
#4045 = CARTESIAN_POINT ( 'NONE',  ( -2.500000000000000000, 4.250000000000009770, 8.100000000000010303 ) ) ;
#4046 = ORIENTED_EDGE ( 'NONE', *, *, #2264, .F. ) ;
#4047 = ORIENTED_EDGE ( 'NONE', *, *, #5395, .T. ) ;
#4048 = LINE ( 'NONE', #4760, #2600 ) ;
#4049 = CARTESIAN_POINT ( 'NONE',  ( 10.50000000000000000, 0.8864914703891380032, 0.0000000000000000000 ) ) ;
#4050 = ORIENTED_EDGE ( 'NONE', *, *, #7719, .F. ) ;
#4051 = CARTESIAN_POINT ( 'NONE',  ( 4.062892611431221823, 4.650000000000010125, 9.314249409997589879 ) ) ;
#4052 = DIRECTION ( 'NONE',  ( 0.0000000000000000000, -3.675221047034999628E-15, 1.000000000000000000 ) ) ;
#4053 = ORIENTED_EDGE ( 'NONE', *, *, #5987, .F. ) ;
#4054 = CARTESIAN_POINT ( 'NONE',  ( 5.993858608708461766, 6.250000000000034639, 5.699344090454418144 ) ) ;
#4055 = VERTEX_POINT ( 'NONE', #2841 ) ;
#4056 = ORIENTED_EDGE ( 'NONE', *, *, #5667, .T. ) ;
#4057 = CARTESIAN_POINT ( 'NONE',  ( 6.446052745852149712, 6.900000000000019895, 4.004821471746000228 ) ) ;
#4058 = PLANE ( 'NONE',  #6448 ) ;
#4059 = CARTESIAN_POINT ( 'NONE',  ( 139.0450000000000159, 0.8789603367746769980, 8.000000000000000000 ) ) ;
#4060 = SURFACE_SIDE_STYLE ('',( #2500 ) ) ;
#4061 = DIRECTION ( 'NONE',  ( 0.0000000000000000000, -1.000000000000000000, 0.0000000000000000000 ) ) ;
#4062 = ORIENTED_EDGE ( 'NONE', *, *, #5923, .T. ) ;
#4063 = DIRECTION ( 'NONE',  ( 0.0000000000000000000, 1.000000000000000000, 0.0000000000000000000 ) ) ;
#4064 = CIRCLE ( 'NONE', #1250, 0.2999999999999999334 ) ;
#4065 = ORIENTED_EDGE ( 'NONE', *, *, #4861, .T. ) ;
#4066 = CARTESIAN_POINT ( 'NONE',  ( 6.450000000000000178, 3.592004494644689849, 2.875961234938969824 ) ) ;
#4067 = CLOSED_SHELL ( 'NONE', ( #8599, #3858, #6153, #404, #159, #1193, #3708, #9998, #644, #7733, #3503, #1070, #5607, #6074, #9538, #3259, #1346, #8634, #6906, #2239, #9129, #5109, #4408, #6145, #7138, #6797, #6390, #4089, #27, #3820, #7249, #6617, #8183, #3656, #5825, #1681, #2087, #6604, #4227, #6536, #6855, #269, #8170, #255, #8844, #9107, #158, #8692, #4415, #9252, #7881, #7983, #5861, #5580, #4436, #1489, #7210, #5095, #565, #2178, #8544, #7611, #708, #636, #967, #6730, #3144, #8022, #8627, #4771, #9765, #9121, #4849, #3052, #5406, #3998, #7116, #5452, #4529, #10018, #9976, #2365, #521, #10065, #6995, #10064, #6772, #9033, #5949, #2420, #3384, #2941, #7661, #9722, #1835, #6097, #5714, #277, #4905, #5184, #9553, #65, #5185, #2542, #5589, #6614, #4123, #5977, #8717, #8339, #1924, #8590, #1790, #6982, #8516, #8343, #7381, #2745, #2313, #8420, #9421, #9704, #4450, #7027, #8792, #6856, #4363, #9966, #1636, #2102, #2733, #1239, #6669, #10131, #3483, #4833, #950, #5390, #8301, #6969, #6521, #6858, #4513, #1661, #4970, #6694, #3334, #3195, #8484, #2631, #8353, #9713, #4361, #8922, #2440, #853, #549, #1735, #8469, #7826, #7770, #5172, #3306, #3093, #1462 ) ) ;
#4068 = SURFACE_STYLE_FILL_AREA ( #8841 ) ;
#4069 = ORIENTED_EDGE ( 'NONE', *, *, #1541, .F. ) ;
#4070 = CYLINDRICAL_SURFACE ( 'NONE', #3810, 1.399999999999999911 ) ;
#4071 = CARTESIAN_POINT ( 'NONE',  ( 8.924099116621579952, -1.462314593354880232, 5.313097438219569923 ) ) ;
#4072 = AXIS2_PLACEMENT_3D ( 'NONE', #946, #7267, #3464 ) ;
#4073 = PRESENTATION_STYLE_ASSIGNMENT (( #2461 ) ) ;
#4074 = EDGE_CURVE ( 'NONE', #3968, #7024, #5898, .T. ) ;
#4075 = DIRECTION ( 'NONE',  ( 0.0000000000000000000, 0.0000000000000000000, -1.000000000000000000 ) ) ;
#4076 = CARTESIAN_POINT ( 'NONE',  ( 7.500000000000000000, 4.250000000000031086, -3.850000000000000089 ) ) ;
#4077 = CARTESIAN_POINT ( 'NONE',  ( 2.500000000000000000, 4.250000000000009770, 9.314249409997589879 ) ) ;
#4078 = ORIENTED_EDGE ( 'NONE', *, *, #7837, .F. ) ;
#4079 =( BOUNDED_CURVE ( )  B_SPLINE_CURVE ( 3, ( #9530, #1600, #8565, #2275 ),
 .UNSPECIFIED., .F., .T. ) 
 B_SPLINE_CURVE_WITH_KNOTS ( ( 4, 4 ),
 ( 1.640609496874673390, 1.933884111301983344 ),
 .UNSPECIFIED. ) 
 CURVE ( )  GEOMETRIC_REPRESENTATION_ITEM ( )  RATIONAL_B_SPLINE_CURVE ( ( 1.000000000000000000, 0.9928453341064038540, 0.9928453341064038540, 1.000000000000000000 ) ) 
 REPRESENTATION_ITEM ( '' )  );
#4080 = ORIENTED_EDGE ( 'NONE', *, *, #6587, .T. ) ;
#4081 =( NAMED_UNIT ( * ) SI_UNIT ( $, .STERADIAN. ) SOLID_ANGLE_UNIT ( ) );
#4082 = ADVANCED_FACE ( 'NONE', ( #9018 ), #3719, .F. ) ;
#4083 = CARTESIAN_POINT ( 'NONE',  ( -4.100781059358210356, 3.850000000000010303, 8.800000000000009592 ) ) ;
#4084 =( GEOMETRIC_REPRESENTATION_CONTEXT ( 3 ) GLOBAL_UNCERTAINTY_ASSIGNED_CONTEXT ( ( #3851 ) ) GLOBAL_UNIT_ASSIGNED_CONTEXT ( ( #7148, #2453, #8901 ) ) REPRESENTATION_CONTEXT ( 'NONE', 'WORKASPACE' ) );
#4085 = CARTESIAN_POINT ( 'NONE',  ( 7.500000000000000000, 2.500000000000010214, 9.999999999999992895 ) ) ;
#4086 = LINE ( 'NONE', #5680, #8879 ) ;
#4087 = UNCERTAINTY_MEASURE_WITH_UNIT (LENGTH_MEASURE( 1.000000000000000082E-05 ), #6002, 'distance_accuracy_value', 'NONE');
#4088 = CARTESIAN_POINT ( 'NONE',  ( 2.500000000000000000, 4.250000000000009770, 9.500000000000000000 ) ) ;
#4089 = ADVANCED_FACE ( 'NONE', ( #2257 ), #9356, .T. ) ;
#4090 = CARTESIAN_POINT ( 'NONE',  ( 3.000000000000000000, 4.250000000000031086, 0.7499999999999981126 ) ) ;
#4091 = CARTESIAN_POINT ( 'NONE',  ( 7.999999999668878203, 4.250000000000031086, -3.850000000000000089 ) ) ;
#4092 = ORIENTED_EDGE ( 'NONE', *, *, #8239, .T. ) ;
#4093 = ITEM_DEFINED_TRANSFORMATION ( 'NONE', 'NONE', #2290,  #7559 ) ;
#4094 = DIRECTION ( 'NONE',  ( 1.000000000000000000, 0.0000000000000000000, 0.0000000000000000000 ) ) ;
#4095 = PLANE ( 'NONE',  #4237 ) ;
#4096 = EDGE_CURVE ( 'NONE', #1649, #8076, #5521, .T. ) ;
#4097 = VERTEX_POINT ( 'NONE', #10146 ) ;
#4098 = MECHANICAL_DESIGN_GEOMETRIC_PRESENTATION_REPRESENTATION (  '', ( #5404 ), #9321 ) ;
#4099 =( LENGTH_UNIT ( ) NAMED_UNIT ( * ) SI_UNIT ( .MILLI., .METRE. ) );
#4100 = SURFACE_STYLE_USAGE ( .BOTH. , #7999 ) ;
#4101 = CARTESIAN_POINT ( 'NONE',  ( 10.00000000000000000, 0.1977371785018509909, 6.601260681670590102 ) ) ;
#4102 = EDGE_CURVE ( 'NONE', #274, #3964, #9923, .T. ) ;
#4103 = EDGE_CURVE ( 'NONE', #9331, #2209, #6250, .T. ) ;
#4104 = LINE ( 'NONE', #5694, #4353 ) ;
#4105 = VERTEX_POINT ( 'NONE', #7726 ) ;
#4106 = LINE ( 'NONE', #1758, #7893 ) ;
#4107 = FACE_OUTER_BOUND ( 'NONE', #424, .T. ) ;
#4108 = VECTOR ( 'NONE', #6236, 1000.000000000000000 ) ;
#4109 = ORIENTED_EDGE ( 'NONE', *, *, #1734, .T. ) ;
#4110 = ORIENTED_EDGE ( 'NONE', *, *, #1194, .T. ) ;
#4111 = CARTESIAN_POINT ( 'NONE',  ( -5.000000000000000000, 1.560000000000000275, 6.200000000000001066 ) ) ;
#4112 =( GEOMETRIC_REPRESENTATION_CONTEXT ( 3 ) GLOBAL_UNCERTAINTY_ASSIGNED_CONTEXT ( ( #3336 ) ) GLOBAL_UNIT_ASSIGNED_CONTEXT ( ( #3979, #7713, #9402 ) ) REPRESENTATION_CONTEXT ( 'NONE', 'WORKASPACE' ) );
#4113 = CARTESIAN_POINT ( 'NONE',  ( 14.55000000000000071, 6.250000000000031086, 0.6500000000000260014 ) ) ;
#4114 = PLANE ( 'NONE',  #9566 ) ;
#4115 = CARTESIAN_POINT ( 'NONE',  ( 3.961949539590981395, 6.695801930970543658, 5.479919482987351209 ) ) ;
#4116 = VERTEX_POINT ( 'NONE', #3044 ) ;
#4117 = AXIS2_PLACEMENT_3D ( 'NONE', #668, #3848, #4676 ) ;
#4118 = ORIENTED_EDGE ( 'NONE', *, *, #1907, .T. ) ;
#4119 = FILL_AREA_STYLE_COLOUR ( '', #5114 ) ;
#4120 = ORIENTED_EDGE ( 'NONE', *, *, #9902, .F. ) ;
#4121 = CIRCLE ( 'NONE', #2946, 1.700000000000000178 ) ;
#4122 = DIRECTION ( 'NONE',  ( 0.0000000000000000000, 0.0000000000000000000, -1.000000000000000000 ) ) ;
#4123 = ADVANCED_FACE ( 'NONE', ( #3932 ), #1639, .T. ) ;
#4124 = STYLED_ITEM ( 'NONE', ( #7190 ), #2735 ) ;
#4125 =( NAMED_UNIT ( * ) PLANE_ANGLE_UNIT ( ) SI_UNIT ( $, .RADIAN. ) );
#4126 = ORIENTED_EDGE ( 'NONE', *, *, #5480, .T. ) ;
#4127 = AXIS2_PLACEMENT_3D ( 'NONE', #3360, #9670, #5066 ) ;
#4128 = TOROIDAL_SURFACE ( 'NONE', #9694, 1.413776159319739989, 0.2000000000000000111 ) ;
#4129 = CARTESIAN_POINT ( 'NONE',  ( 9.062892611431221823, 4.650000000000010125, 9.314249409997579221 ) ) ;
#4130 = CIRCLE ( 'NONE', #10205, 1.400000000000000133 ) ;
#4131 = CARTESIAN_POINT ( 'NONE',  ( 3.549999999999999822, 6.301461569844129862, 3.962967587499520050 ) ) ;
#4132 = FILL_AREA_STYLE_COLOUR ( '', #5309 ) ;
#4133 = CARTESIAN_POINT ( 'NONE',  ( 9.206355740440962165, 6.087469401107320266, 5.606250910350270011 ) ) ;
#4134 = EDGE_LOOP ( 'NONE', ( #9147, #7404, #8409, #8442 ) ) ;
#4135 = DIRECTION ( 'NONE',  ( 0.0000000000000000000, 0.0000000000000000000, 1.000000000000000000 ) ) ;
#4136 = VERTEX_POINT ( 'NONE', #2368 ) ;
#4137 =( LENGTH_UNIT ( ) NAMED_UNIT ( * ) SI_UNIT ( .MILLI., .METRE. ) );
#4138 = DIRECTION ( 'NONE',  ( 0.0000000000000000000, 0.0000000000000000000, -1.000000000000000000 ) ) ;
#4139 = AXIS2_PLACEMENT_3D ( 'NONE', #4040, #3212, #7211 ) ;
#4140 = AXIS2_PLACEMENT_3D ( 'NONE', #7037, #8522, #8574 ) ;
#4141 = PRESENTATION_STYLE_ASSIGNMENT (( #951 ) ) ;
#4142 = DIRECTION ( 'NONE',  ( 0.0000000000000000000, 0.0000000000000000000, -1.000000000000000000 ) ) ;
#4143 = ORIENTED_EDGE ( 'NONE', *, *, #10002, .F. ) ;
#4144 =( GEOMETRIC_REPRESENTATION_CONTEXT ( 3 ) GLOBAL_UNCERTAINTY_ASSIGNED_CONTEXT ( ( #6959 ) ) GLOBAL_UNIT_ASSIGNED_CONTEXT ( ( #2759, #1990, #5346 ) ) REPRESENTATION_CONTEXT ( 'NONE', 'WORKASPACE' ) );
#4145 = EDGE_CURVE ( 'NONE', #216, #6815, #1626, .T. ) ;
#4146 = CARTESIAN_POINT ( 'NONE',  ( 0.8172394239610690780, 6.093223782856449944, 5.414712191412339948 ) ) ;
#4147 = SHAPE_REPRESENTATION ( 'TB002-500-02P_Blue - S', ( #7559 ), #8227 ) ;
#4148 = PRESENTATION_STYLE_ASSIGNMENT (( #1252 ) ) ;
#4149 = CARTESIAN_POINT ( 'NONE',  ( 9.199999999999999289, 3.850000000000010303, 8.800000000000000711 ) ) ;
#4150 = ORIENTED_EDGE ( 'NONE', *, *, #9917, .T. ) ;
#4151 = ORIENTED_EDGE ( 'NONE', *, *, #3201, .T. ) ;
#4152 = FACE_OUTER_BOUND ( 'NONE', #1800, .T. ) ;
#4153 = CARTESIAN_POINT ( 'NONE',  ( 7.500000000000000000, 4.250000000000031086, 0.7499999999999960032 ) ) ;
#4154 = CARTESIAN_POINT ( 'NONE',  ( 6.013368699863664624, 6.290959700102205510, 5.697427300979107656 ) ) ;
#4155 = ORIENTED_EDGE ( 'NONE', *, *, #7915, .F. ) ;
#4156 = AXIS2_PLACEMENT_3D ( 'NONE', #6223, #9348, #8440 ) ;
#4157 = STYLED_ITEM ( 'NONE', ( #2511 ), #5095 ) ;
#4158 = CARTESIAN_POINT ( 'NONE',  ( 1.023102752130521154, 6.379062758812666267, 5.679065084668860841 ) ) ;
#4159 = EDGE_CURVE ( 'NONE', #173, #8791, #1582, .T. ) ;
#4160 = FACE_OUTER_BOUND ( 'NONE', #7861, .T. ) ;
#4161 =( LENGTH_UNIT ( ) NAMED_UNIT ( * ) SI_UNIT ( .MILLI., .METRE. ) );
#4162 = FACE_OUTER_BOUND ( 'NONE', #8379, .T. ) ;
#4163 = ORIENTED_EDGE ( 'NONE', *, *, #1177, .F. ) ;
#4164 = DIRECTION ( 'NONE',  ( 0.0000000000000000000, 1.000000000000000000, 0.0000000000000000000 ) ) ;
#4165 = MECHANICAL_DESIGN_GEOMETRIC_PRESENTATION_REPRESENTATION (  '', ( #7445 ), #5160 ) ;
#4166 = LINE ( 'NONE', #8002, #8049 ) ;
#4167 = VERTEX_POINT ( 'NONE', #6912 ) ;
#4168 = EDGE_LOOP ( 'NONE', ( #3269, #3811, #6304, #1275 ) ) ;
#4169 = FACE_BOUND ( 'NONE', #9040, .T. ) ;
#4170 = EDGE_CURVE ( 'NONE', #1565, #4829, #1548, .T. ) ;
#4171 = EDGE_CURVE ( 'NONE', #9054, #1668, #5369, .T. ) ;
#4172 = B_SPLINE_CURVE_WITH_KNOTS ( 'NONE', 3,
 ( #5055, #1103, #5715, #3398, #1935, #323 ),
 .UNSPECIFIED., .F., .F.,
 ( 4, 2, 4 ),
 ( 1.734723475976807094E-18, 0.0001521198112224725362, 0.0003042396224449433377 ),
 .UNSPECIFIED. ) ;
#4173 = COLOUR_RGB ( '',0.2862745098039215508, 0.6431372549019607199, 0.8666666666666666963 ) ;
#4174 = UNCERTAINTY_MEASURE_WITH_UNIT (LENGTH_MEASURE( 1.000000000000000082E-05 ), #10010, 'distance_accuracy_value', 'NONE');
#4175 = CARTESIAN_POINT ( 'NONE',  ( 9.062892611435060530, 3.850000000000010303, 9.314249409999350249 ) ) ;
#4176 = CARTESIAN_POINT ( 'NONE',  ( -0.5000000000000000000, 6.250000000000031086, 5.499015461808849814 ) ) ;
#4177 = DIRECTION ( 'NONE',  ( 0.0000000000000000000, 1.000000000000000000, 0.0000000000000000000 ) ) ;
#4178 = ORIENTED_EDGE ( 'NONE', *, *, #7837, .T. ) ;
#4179 = VERTEX_POINT ( 'NONE', #5471 ) ;
#4180 = AXIS2_PLACEMENT_3D ( 'NONE', #4059, #7189, #101 ) ;
#4181 = FACE_OUTER_BOUND ( 'NONE', #9516, .T. ) ;
#4182 = EDGE_LOOP ( 'NONE', ( #4275, #7813, #7635, #5703 ) ) ;
#4183 = DIRECTION ( 'NONE',  ( 1.000000000000000000, 0.0000000000000000000, 0.0000000000000000000 ) ) ;
#4184 = ORIENTED_EDGE ( 'NONE', *, *, #2701, .T. ) ;
#4185 = VERTEX_POINT ( 'NONE', #8495 ) ;
#4186 = CARTESIAN_POINT ( 'NONE',  ( 2.500000000000000000, 6.000000000000000000, 8.000000000000000000 ) ) ;
#4187 = CARTESIAN_POINT ( 'NONE',  ( 9.068650814749700473, 4.650000000000010125, 9.236151811974439241 ) ) ;
#4188 = FACE_OUTER_BOUND ( 'NONE', #9292, .T. ) ;
#4189 = CARTESIAN_POINT ( 'NONE',  ( -3.986631300136335820, 6.290959700102205510, 5.697427300979111209 ) ) ;
#4190 = VERTEX_POINT ( 'NONE', #1425 ) ;
#4191 = DIRECTION ( 'NONE',  ( 0.0000000000000000000, -0.4264192316982558517, -0.9045256429962995615 ) ) ;
#4192 =( LENGTH_UNIT ( ) NAMED_UNIT ( * ) SI_UNIT ( .MILLI., .METRE. ) );
#4193 = CARTESIAN_POINT ( 'NONE',  ( 8.956366702911532585, 6.148436653995700496, 5.454695792913989649 ) ) ;
#4194 = ORIENTED_EDGE ( 'NONE', *, *, #440, .F. ) ;
#4195 = CARTESIAN_POINT ( 'NONE',  ( 2.500000000000000000, 4.250000000000009770, 8.000000000000000000 ) ) ;
#4196 = ORIENTED_EDGE ( 'NONE', *, *, #3544, .F. ) ;
#4197 = DIRECTION ( 'NONE',  ( 2.232180943352509796E-16, -1.000000000000000000, 0.0000000000000000000 ) ) ;
#4198 = CARTESIAN_POINT ( 'NONE',  ( -2.500000000000000000, 4.250000000000009770, 9.500000000000010658 ) ) ;
#4199 = COLOUR_RGB ( '',0.2862745098039215508, 0.6431372549019607199, 0.8666666666666666963 ) ;
#4200 = EDGE_CURVE ( 'NONE', #4501, #7953, #9360, .T. ) ;
#4201 = PLANE ( 'NONE',  #9372 ) ;
#4202 = PLANE ( 'NONE',  #5766 ) ;
#4203 = CARTESIAN_POINT ( 'NONE',  ( 0.0000000000000000000, 0.9399999999999999467, 6.200000000000001066 ) ) ;
#4204 = PRESENTATION_LAYER_ASSIGNMENT (  '', '', ( #5186 ) ) ;
#4205 = VECTOR ( 'NONE', #5894, 1000.000000000000000 ) ;
#4206 = LINE ( 'NONE', #2524, #9065 ) ;
#4207 = LINE ( 'NONE', #32, #8598 ) ;
#4208 = ORIENTED_EDGE ( 'NONE', *, *, #1179, .T. ) ;
#4209 = ORIENTED_EDGE ( 'NONE', *, *, #3742, .F. ) ;
#4210 = CARTESIAN_POINT ( 'NONE',  ( 9.199999999999999289, 3.850000000000010303, 9.500000000000000000 ) ) ;
#4211 = DIRECTION ( 'NONE',  ( 0.0000000000000000000, -1.000000000000000000, -3.965082230804152702E-15 ) ) ;
#4212 = VERTEX_POINT ( 'NONE', #6179 ) ;
#4213 = VECTOR ( 'NONE', #7508, 1000.000000000000000 ) ;
#4214 = ORIENTED_EDGE ( 'NONE', *, *, #7545, .F. ) ;
#4215 = CARTESIAN_POINT ( 'NONE',  ( 2.500000000000000000, 4.250000000000009770, 9.300000000000009592 ) ) ;
#4216 = FACE_BOUND ( 'NONE', #1344, .T. ) ;
#4217 = PLANE ( 'NONE',  #8121 ) ;
#4218 = EDGE_LOOP ( 'NONE', ( #2298, #819, #5163, #3218 ) ) ;
#4219 = SURFACE_STYLE_USAGE ( .BOTH. , #1026 ) ;
#4220 = DIRECTION ( 'NONE',  ( 0.0000000000000000000, 1.000000000000000000, 0.0000000000000000000 ) ) ;
#4221 = VERTEX_POINT ( 'NONE', #28 ) ;
#4222 = ORIENTED_EDGE ( 'NONE', *, *, #6870, .F. ) ;
#4223 = EDGE_CURVE ( 'NONE', #8502, #5396, #1537, .T. ) ;
#4224 = SURFACE_STYLE_FILL_AREA ( #824 ) ;
#4225 = CARTESIAN_POINT ( 'NONE',  ( 1.143990033716242083, 3.850000000000008527, 9.500000000000010658 ) ) ;
#4227 = ADVANCED_FACE ( 'NONE', ( #8548 ), #4128, .T. ) ;
#4226 = ORIENTED_EDGE ( 'NONE', *, *, #1816, .T. ) ;
#4228 = EDGE_CURVE ( 'NONE', #1248, #3053, #3470, .T. ) ;
#4229 = ORIENTED_EDGE ( 'NONE', *, *, #7443, .T. ) ;
#4230 = SURFACE_STYLE_FILL_AREA ( #4840 ) ;
#4231 =( LENGTH_UNIT ( ) NAMED_UNIT ( * ) SI_UNIT ( .MILLI., .METRE. ) );
#4232 = CARTESIAN_POINT ( 'NONE',  ( 6.041844086465573582, 6.384612859889100989, 5.465433459372670555 ) ) ;
#4233 = CARTESIAN_POINT ( 'NONE',  ( 1.022645188653849901, 6.378927305446330465, 5.621766569588309892 ) ) ;
#4234 = CARTESIAN_POINT ( 'NONE',  ( 8.550000000000000711, 6.301461569844129862, 3.962967587499520050 ) ) ;
#4235 = EDGE_CURVE ( 'NONE', #9351, #1432, #3878, .T. ) ;
#4236 = EDGE_CURVE ( 'NONE', #3154, #3720, #5266, .T. ) ;
#4237 = AXIS2_PLACEMENT_3D ( 'NONE', #83, #1905, #5079 ) ;
#4238 = FACE_BOUND ( 'NONE', #7694, .T. ) ;
#4239 = VERTEX_POINT ( 'NONE', #6548 ) ;
#4240 = EDGE_CURVE ( 'NONE', #6932, #4009, #4086, .T. ) ;
#4241 = ORIENTED_EDGE ( 'NONE', *, *, #3017, .F. ) ;
#4242 = FILL_AREA_STYLE_COLOUR ( '', #1254 ) ;
#4243 = CARTESIAN_POINT ( 'NONE',  ( 10.00000000000000000, 0.1499999999999999944, 0.0000000000000000000 ) ) ;
#4244 = DIRECTION ( 'NONE',  ( 0.0000000000000000000, -1.000000000000000000, 0.0000000000000000000 ) ) ;
#4245 = DIRECTION ( 'NONE',  ( -5.421010862427519212E-16, 0.0000000000000000000, -1.000000000000000000 ) ) ;
#4246 = PRESENTATION_STYLE_ASSIGNMENT (( #78 ) ) ;
#4247 = UNCERTAINTY_MEASURE_WITH_UNIT (LENGTH_MEASURE( 1.000000000000000082E-05 ), #8359, 'distance_accuracy_value', 'NONE');
#4248 = DIRECTION ( 'NONE',  ( -1.000000000000000000, 0.0000000000000000000, 3.641714079092569968E-16 ) ) ;
#4249 = EDGE_LOOP ( 'NONE', ( #48, #6212, #7782, #5885 ) ) ;
#4250 = ORIENTED_EDGE ( 'NONE', *, *, #2471, .T. ) ;
#4251 = FILL_AREA_STYLE ('',( #5737 ) ) ;
#4252 =( GEOMETRIC_REPRESENTATION_CONTEXT ( 3 ) GLOBAL_UNCERTAINTY_ASSIGNED_CONTEXT ( ( #6831 ) ) GLOBAL_UNIT_ASSIGNED_CONTEXT ( ( #8280, #2816, #2137 ) ) REPRESENTATION_CONTEXT ( 'NONE', 'WORKASPACE' ) );
#4253 =( NAMED_UNIT ( * ) PLANE_ANGLE_UNIT ( ) SI_UNIT ( $, .RADIAN. ) );
#4254 = CARTESIAN_POINT ( 'NONE',  ( 2.500000000000000000, 6.250000000000031086, 4.150000000000000355 ) ) ;
#4255 = EDGE_CURVE ( 'NONE', #5278, #3570, #3308, .T. ) ;
#4256 = VERTEX_POINT ( 'NONE', #8967 ) ;
#4257 = DIRECTION ( 'NONE',  ( -5.152643988049929844E-16, 0.0000000000000000000, -1.000000000000000000 ) ) ;
#4258 = ORIENTED_EDGE ( 'NONE', *, *, #9829, .T. ) ;
#4259 = AXIS2_PLACEMENT_3D ( 'NONE', #6077, #5127, #6027 ) ;
#4260 = CARTESIAN_POINT ( 'NONE',  ( 3.551316613977629988, 6.900595781960301878, 3.995523657362071823 ) ) ;
#4261 = DIRECTION ( 'NONE',  ( 0.0000000000000000000, -1.000000000000000000, 0.0000000000000000000 ) ) ;
#4262 = ORIENTED_EDGE ( 'NONE', *, *, #4038, .T. ) ;
#4263 = LINE ( 'NONE', #153, #1623 ) ;
#4264 = ORIENTED_EDGE ( 'NONE', *, *, #10168, .F. ) ;
#4265 =( GEOMETRIC_REPRESENTATION_CONTEXT ( 3 ) GLOBAL_UNCERTAINTY_ASSIGNED_CONTEXT ( ( #10121 ) ) GLOBAL_UNIT_ASSIGNED_CONTEXT ( ( #7650, #6204, #9328 ) ) REPRESENTATION_CONTEXT ( 'NONE', 'WORKASPACE' ) );
#4266 = ORIENTED_EDGE ( 'NONE', *, *, #10116, .T. ) ;
#4267 = EDGE_CURVE ( 'NONE', #780, #3519, #1139, .T. ) ;
#4268 = CARTESIAN_POINT ( 'NONE',  ( 10.00000000000000000, 1.550000000000000266, 6.200000000000001066 ) ) ;
#4269 = LINE ( 'NONE', #5595, #1492 ) ;
#4270 = AXIS2_PLACEMENT_3D ( 'NONE', #149, #5693, #8821 ) ;
#4271 = DIRECTION ( 'NONE',  ( 0.0000000000000000000, 1.000000000000000000, 0.0000000000000000000 ) ) ;
#4272 = EDGE_CURVE ( 'NONE', #10183, #252, #6450, .T. ) ;
#4273 = CARTESIAN_POINT ( 'NONE',  ( 2.500000000000000000, 5.863267899285899531, 9.314249409997579221 ) ) ;
#4274 = ORIENTED_EDGE ( 'NONE', *, *, #4038, .F. ) ;
#4275 = ORIENTED_EDGE ( 'NONE', *, *, #10059, .T. ) ;
#4276 = SURFACE_STYLE_FILL_AREA ( #8229 ) ;
#4277 = ORIENTED_EDGE ( 'NONE', *, *, #4393, .T. ) ;
#4278 = CARTESIAN_POINT ( 'NONE',  ( -3.549999999999999822, 6.301461569844129862, 3.962967587499530264 ) ) ;
#4279 = FILL_AREA_STYLE ('',( #5241 ) ) ;
#4280 = PRESENTATION_LAYER_ASSIGNMENT (  '', '', ( #448 ) ) ;
#4281 = ORIENTED_EDGE ( 'NONE', *, *, #2990, .T. ) ;
#4282 = FACE_OUTER_BOUND ( 'NONE', #1787, .T. ) ;
#4283 = B_SPLINE_CURVE_WITH_KNOTS ( 'NONE', 3,
 ( #2553, #4894, #1840, #7311, #8132, #3351, #4953, #114 ),
 .UNSPECIFIED., .F., .F.,
 ( 4, 2, 2, 4 ),
 ( 0.0000000000000000000, 0.1326693844476060091, 0.4942272126317400205, 1.000000000000000000 ),
 .UNSPECIFIED. ) ;
#4284 = CARTESIAN_POINT ( 'NONE',  ( 1.302467390493500021, 6.864512672020650186, 4.512313905521380342 ) ) ;
#4285 = AXIS2_PLACEMENT_3D ( 'NONE', #9950, #2888, #4503 ) ;
#4286 = DIRECTION ( 'NONE',  ( -1.000000000000000000, 0.0000000000000000000, 3.641714079092569968E-16 ) ) ;
#4287 = ADVANCED_FACE ( 'NONE', ( #6607 ), #4202, .T. ) ;
#4288 = COLOUR_RGB ( '',0.2862745098039215508, 0.6431372549019607199, 0.8666666666666666963 ) ;
#4289 = CARTESIAN_POINT ( 'NONE',  ( -4.006141391291535570, 6.250000000000041744, 5.699344090454425249 ) ) ;
#4290 = AXIS2_PLACEMENT_3D ( 'NONE', #4942, #878, #4061 ) ;
#4291 = AXIS2_PLACEMENT_3D ( 'NONE', #2344, #3856, #3963 ) ;
#4292 = CARTESIAN_POINT ( 'NONE',  ( 4.500000000000000888, 6.370920840910899940, 3.569044486294639995 ) ) ;
#4293 = CARTESIAN_POINT ( 'NONE',  ( 8.958155913534195491, 6.384612859888997960, 5.465433459372715852 ) ) ;
#4294 = FACE_OUTER_BOUND ( 'NONE', #10174, .T. ) ;
#4295 = ORIENTED_EDGE ( 'NONE', *, *, #5194, .F. ) ;
#4296 = SURFACE_STYLE_FILL_AREA ( #425 ) ;
#4297 = FILL_AREA_STYLE ('',( #3617 ) ) ;
#4298 = CARTESIAN_POINT ( 'NONE',  ( 8.908529899565564847, 6.803742317568940656, 5.258069125366933605 ) ) ;
#4299 = VECTOR ( 'NONE', #5785, 1000.000000000000000 ) ;
#4300 = PRESENTATION_LAYER_ASSIGNMENT (  '', '', ( #2794 ) ) ;
#4301 = EDGE_CURVE ( 'NONE', #9281, #7191, #5840, .T. ) ;
#4302 = AXIS2_PLACEMENT_3D ( 'NONE', #1795, #2626, #8146 ) ;
#4303 = ADVANCED_FACE ( 'NONE', ( #8754 ), #1689, .T. ) ;
#4304 = AXIS2_PLACEMENT_3D ( 'NONE', #8883, #8716, #6357 ) ;
#4305 = FILL_AREA_STYLE ('',( #279 ) ) ;
#4306 = CARTESIAN_POINT ( 'NONE',  ( 7.500000000000000000, 4.250000000000031086, -4.349999999999999645 ) ) ;
#4307 = CARTESIAN_POINT ( 'NONE',  ( 4.500000000000000888, 3.592004494644689849, 2.875961234938969824 ) ) ;
#4308 = PRESENTATION_STYLE_ASSIGNMENT (( #6752 ) ) ;
#4309 = AXIS2_PLACEMENT_3D ( 'NONE', #1262, #4424, #319 ) ;
#4310 = CARTESIAN_POINT ( 'NONE',  ( 8.550000000000000711, 6.370920840910899940, 3.569044486294639995 ) ) ;
#4311 = ORIENTED_EDGE ( 'NONE', *, *, #9802, .F. ) ;
#4312 = COLOUR_RGB ( '',0.2862745098039215508, 0.6431372549019607199, 0.8666666666666666963 ) ;
#4313 = CARTESIAN_POINT ( 'NONE',  ( 15.00000000000000000, 1.990236984239069917, 10.00000000000000000 ) ) ;
#4314 = VECTOR ( 'NONE', #7108, 1000.000000000000000 ) ;
#4315 = CARTESIAN_POINT ( 'NONE',  ( 2.500000000000000000, 6.000000000000000000, 8.000000000000000000 ) ) ;
#4316 = DIRECTION ( 'NONE',  ( -1.000000000000000000, 0.0000000000000000000, 0.0000000000000000000 ) ) ;
#4317 = VECTOR ( 'NONE', #3120, 1000.000000000000114 ) ;
#4318 = PRESENTATION_LAYER_ASSIGNMENT (  '', '', ( #1985 ) ) ;
#4319 = PLANE ( 'NONE',  #2788 ) ;
#4320 = CARTESIAN_POINT ( 'NONE',  ( 139.0450000000000159, 0.8789603367746769980, 8.000000000000000000 ) ) ;
#4321 = CARTESIAN_POINT ( 'NONE',  ( 7.500000000000000000, 4.250000000000031086, -4.349999999999999645 ) ) ;
#4322 = CARTESIAN_POINT ( 'NONE',  ( 5.794121699421159732, 6.087585839000359655, 5.702638584486940054 ) ) ;
#4323 = VERTEX_POINT ( 'NONE', #1853 ) ;
#4324 = CIRCLE ( 'NONE', #1650, 1.613267899285889984 ) ;
#4325 = VERTEX_POINT ( 'NONE', #7166 ) ;
#4326 = CARTESIAN_POINT ( 'NONE',  ( 3.552632424847470549, 6.900324961960824233, 4.000174299198468120 ) ) ;
#4327 = EDGE_CURVE ( 'NONE', #6403, #5964, #5024, .T. ) ;
#4328 = FILL_AREA_STYLE ('',( #1501 ) ) ;
#4329 = AXIS2_PLACEMENT_3D ( 'NONE', #4292, #8416, #6821 ) ;
#4330 = DIRECTION ( 'NONE',  ( 0.0000000000000000000, -1.000000000000000000, 0.0000000000000000000 ) ) ;
#4331 = VECTOR ( 'NONE', #3056, 1000.000000000000000 ) ;
#4332 = DIRECTION ( 'NONE',  ( 0.0000000000000000000, 0.0000000000000000000, -1.000000000000000000 ) ) ;
#4333 = CARTESIAN_POINT ( 'NONE',  ( 1.023102752130521154, 6.379062758812666267, 5.679065084668860841 ) ) ;
#4334 = CARTESIAN_POINT ( 'NONE',  ( 5.250000000000000000, 7.750000000000000000, 0.6500000000000040190 ) ) ;
#4335 = ORIENTED_EDGE ( 'NONE', *, *, #1104, .F. ) ;
#4336 =( LENGTH_UNIT ( ) NAMED_UNIT ( * ) SI_UNIT ( .MILLI., .METRE. ) );
#4337 = CARTESIAN_POINT ( 'NONE',  ( 4.500000000000000888, 6.370920840910899940, 3.569044486294639995 ) ) ;
#4338 = CARTESIAN_POINT ( 'NONE',  ( -2.576979650206510097, -1.462314593354880232, 5.694239332014520372 ) ) ;
#4339 =( LENGTH_UNIT ( ) NAMED_UNIT ( * ) SI_UNIT ( .MILLI., .METRE. ) );
#4340 = CARTESIAN_POINT ( 'NONE',  ( 2.500000000000000000, 4.250000000000009770, 9.500000000000000000 ) ) ;
#4341 = CARTESIAN_POINT ( 'NONE',  ( 15.00000000000000000, 0.0000000000000000000, 0.0000000000000000000 ) ) ;
#4342 =( LENGTH_UNIT ( ) NAMED_UNIT ( * ) SI_UNIT ( .MILLI., .METRE. ) );
#4343 =( GEOMETRIC_REPRESENTATION_CONTEXT ( 3 ) GLOBAL_UNCERTAINTY_ASSIGNED_CONTEXT ( ( #2882 ) ) GLOBAL_UNIT_ASSIGNED_CONTEXT ( ( #8519, #3855, #3071 ) ) REPRESENTATION_CONTEXT ( 'NONE', 'WORKASPACE' ) );
#4344 = CARTESIAN_POINT ( 'NONE',  ( 5.450000000000000178, 2.200000000000000178, 0.6500000000000040190 ) ) ;
#4345 = DIRECTION ( 'NONE',  ( 1.000000000000000000, 2.232180943352509796E-16, 0.0000000000000000000 ) ) ;
#4346 = ORIENTED_EDGE ( 'NONE', *, *, #71, .F. ) ;
#4347 = EDGE_CURVE ( 'NONE', #2218, #8244, #9189, .T. ) ;
#4348 = SHAPE_REPRESENTATION_RELATIONSHIP ( 'NONE' , 'NONE' ,  #1951, #720 ) ;
#4349 = ORIENTED_EDGE ( 'NONE', *, *, #5272, .F. ) ;
#4350 = FACE_OUTER_BOUND ( 'NONE', #5634, .T. ) ;
#4351 = CARTESIAN_POINT ( 'NONE',  ( -4.549999999999999822, 5.950000000000040146, 0.6500000000000289990 ) ) ;
#4352 = EDGE_CURVE ( 'NONE', #6676, #2749, #8060, .T. ) ;
#4353 = VECTOR ( 'NONE', #3268, 1000.000000000000000 ) ;
#4354 = CARTESIAN_POINT ( 'NONE',  ( 7.500000000000000000, 2.836223840680269781, 9.300000000000000711 ) ) ;
#4355 = CARTESIAN_POINT ( 'NONE',  ( 3.924099116621579952, -1.462314593354880232, 5.313097438219569923 ) ) ;
#4356 = CARTESIAN_POINT ( 'NONE',  ( -1.449999999999999956, 6.301461569844129862, 3.962967587499530264 ) ) ;
#4357 = UNCERTAINTY_MEASURE_WITH_UNIT (LENGTH_MEASURE( 1.000000000000000082E-05 ), #4192, 'distance_accuracy_value', 'NONE');
#4358 = CARTESIAN_POINT ( 'NONE',  ( 1.449999999999999956, -1.462314593354880232, 2.800000000000010036 ) ) ;
#4359 = ORIENTED_EDGE ( 'NONE', *, *, #7583, .F. ) ;
#4360 = CIRCLE ( 'NONE', #3011, 1.749999999999999778 ) ;
#4361 = ADVANCED_FACE ( 'NONE', ( #7375, #3413, #280 ), #7212, .T. ) ;
#4362 = SURFACE_STYLE_FILL_AREA ( #5946 ) ;
#4363 = ADVANCED_FACE ( 'NONE', ( #9510 ), #2474, .F. ) ;
#4364 = DIRECTION ( 'NONE',  ( 0.0000000000000000000, -1.000000000000000000, 0.0000000000000000000 ) ) ;
#4365 = CARTESIAN_POINT ( 'NONE',  ( 1.038569758003610399, 6.340207273974521662, 5.485199103683306987 ) ) ;
#4366 = VECTOR ( 'NONE', #6996, 1000.000000000000000 ) ;
#4367 = CARTESIAN_POINT ( 'NONE',  ( 3.995650848407130251, 6.249999999999960032, 5.507834059304340002 ) ) ;
#4368 = DIRECTION ( 'NONE',  ( 0.0000000000000000000, 0.0000000000000000000, -1.000000000000000000 ) ) ;
#4369 = SURFACE_STYLE_FILL_AREA ( #9844 ) ;
#4370 = DIRECTION ( 'NONE',  ( 0.0000000000000000000, 1.000000000000000000, 0.0000000000000000000 ) ) ;
#4371 = EDGE_LOOP ( 'NONE', ( #5820, #4640, #8840, #5445 ) ) ;
#4372 = SURFACE_STYLE_USAGE ( .BOTH. , #1912 ) ;
#4373 = FACE_OUTER_BOUND ( 'NONE', #1164, .T. ) ;
#4374 = EDGE_CURVE ( 'NONE', #7953, #2265, #5629, .T. ) ;
#4375 = ORIENTED_EDGE ( 'NONE', *, *, #4170, .F. ) ;
#4376 = FACE_BOUND ( 'NONE', #9708, .T. ) ;
#4377 = CARTESIAN_POINT ( 'NONE',  ( 9.550000000000000711, 2.200000000000000178, 0.7500000000000019984 ) ) ;
#4378 = DIRECTION ( 'NONE',  ( 0.0000000000000000000, 0.0000000000000000000, -1.000000000000000000 ) ) ;
#4379 = ORIENTED_EDGE ( 'NONE', *, *, #7129, .F. ) ;
#4380 = CARTESIAN_POINT ( 'NONE',  ( 9.550000000000000711, 6.250000000000031086, 5.700000000000000178 ) ) ;
#4381 = SURFACE_SIDE_STYLE ('',( #9714 ) ) ;
#4382 = EDGE_LOOP ( 'NONE', ( #9911, #4906 ) ) ;
#4383 = CARTESIAN_POINT ( 'NONE',  ( 1.109592952281647449, 6.616355096402057434, 5.194015168276952643 ) ) ;
#4384 = CARTESIAN_POINT ( 'NONE',  ( -0.4499999999999990119, 2.200000000000000178, 0.6500000000000020206 ) ) ;
#4385 = DIRECTION ( 'NONE',  ( 0.3481553119113969808, -0.8703882797784889824, 0.3481553119113949823 ) ) ;
#4386 = ORIENTED_EDGE ( 'NONE', *, *, #5850, .T. ) ;
#4387 = EDGE_CURVE ( 'NONE', #9960, #1045, #1739, .T. ) ;
#4388 =( LENGTH_UNIT ( ) NAMED_UNIT ( * ) SI_UNIT ( .MILLI., .METRE. ) );
#4389 = EDGE_LOOP ( 'NONE', ( #7095, #6515, #4991, #9174 ) ) ;
#4390 = DIRECTION ( 'NONE',  ( 1.000000000000000000, 0.0000000000000000000, 0.0000000000000000000 ) ) ;
#4391 = FACE_OUTER_BOUND ( 'NONE', #478, .T. ) ;
#4392 = CARTESIAN_POINT ( 'NONE',  ( 3.924099116621577288, 6.560463200155847829, 5.313097438219579693 ) ) ;
#4393 = EDGE_CURVE ( 'NONE', #8161, #7014, #7560, .T. ) ;
#4394 =( LENGTH_UNIT ( ) NAMED_UNIT ( * ) SI_UNIT ( .MILLI., .METRE. ) );
#4395 = CARTESIAN_POINT ( 'NONE',  ( -1.449999999999999956, 6.900812423267500328, 3.990870176997180607 ) ) ;
#4396 = STYLED_ITEM ( 'NONE', ( #6757 ), #277 ) ;
#4397 = DIRECTION ( 'NONE',  ( 0.0000000000000000000, 1.000000000000000000, 0.0000000000000000000 ) ) ;
#4398 = EDGE_CURVE ( 'NONE', #4711, #2592, #5731, .T. ) ;
#4399 = EDGE_LOOP ( 'NONE', ( #2387, #8638, #3770, #9256 ) ) ;
#4400 = DIRECTION ( 'NONE',  ( 0.0000000000000000000, 0.0000000000000000000, 1.000000000000000000 ) ) ;
#4401 = CARTESIAN_POINT ( 'NONE',  ( 8.553947254147852064, 6.900000000000019895, 4.004821471746000228 ) ) ;
#4402 = CARTESIAN_POINT ( 'NONE',  ( -4.034447604600094550, 3.850000000000007638, 9.413837825582268337 ) ) ;
#4403 = STYLED_ITEM ( 'NONE', ( #9887 ), #565 ) ;
#4404 = EDGE_CURVE ( 'NONE', #2530, #7678, #6583, .T. ) ;
#4405 = CARTESIAN_POINT ( 'NONE',  ( 4.549999999999999822, 6.250000000000031086, 0.7499999999999990008 ) ) ;
#4406 = CARTESIAN_POINT ( 'NONE',  ( 1.023374480557285526, 6.471514946771318222, 5.653981231911139105 ) ) ;
#4407 = CARTESIAN_POINT ( 'NONE',  ( 6.022614399924370865, 6.143310571542220266, 5.618793688040031320 ) ) ;
#4408 = ADVANCED_FACE ( 'NONE', ( #5833 ), #1224, .T. ) ;
#4409 = ORIENTED_EDGE ( 'NONE', *, *, #5778, .T. ) ;
#4410 = CARTESIAN_POINT ( 'NONE',  ( 10.00000000000000000, 1.550000000000000266, 0.0000000000000000000 ) ) ;
#4411 = SURFACE_STYLE_FILL_AREA ( #3642 ) ;
#4412 = EDGE_LOOP ( 'NONE', ( #7699, #10046, #8720, #7224 ) ) ;
#4413 = ORIENTED_EDGE ( 'NONE', *, *, #8303, .F. ) ;
#4414 = CIRCLE ( 'NONE', #7192, 0.09999999999999939493 ) ;
#4415 = ADVANCED_FACE ( 'NONE', ( #1998 ), #9005, .T. ) ;
#4416 = ORIENTED_EDGE ( 'NONE', *, *, #1020, .F. ) ;
#4417 = ADVANCED_FACE ( 'NONE', ( #7365 ), #9821, .T. ) ;
#4418 = VERTEX_POINT ( 'NONE', #4429 ) ;
#4419 = DIRECTION ( 'NONE',  ( 0.0000000000000000000, 1.000000000000000000, 0.0000000000000000000 ) ) ;
#4420 = CARTESIAN_POINT ( 'NONE',  ( -0.9371073885649334745, 3.850000000000010303, 9.314249409999250773 ) ) ;
#4421 = FACE_OUTER_BOUND ( 'NONE', #2361, .T. ) ;
#4422 = DIRECTION ( 'NONE',  ( 0.0000000000000000000, 0.0000000000000000000, 1.000000000000000000 ) ) ;
#4423 = FACE_BOUND ( 'NONE', #8788, .T. ) ;
#4424 = DIRECTION ( 'NONE',  ( 0.0000000000000000000, 0.0000000000000000000, -1.000000000000000000 ) ) ;
#4425 = VECTOR ( 'NONE', #294, 1000.000000000000000 ) ;
#4426 = CARTESIAN_POINT ( 'NONE',  ( 1.449999999999999956, 6.301461569844129862, 3.962967587499530264 ) ) ;
#4427 = FILL_AREA_STYLE_COLOUR ( '', #2269 ) ;
#4428 = EDGE_CURVE ( 'NONE', #4829, #9915, #6501, .T. ) ;
#4429 = CARTESIAN_POINT ( 'NONE',  ( 7.500000000000000000, 5.950000000000040146, 4.150000000000000355 ) ) ;
#4430 = CARTESIAN_POINT ( 'NONE',  ( 7.249999999999999112, 4.250000000000031086, -4.349999999999999645 ) ) ;
#4431 = ORIENTED_EDGE ( 'NONE', *, *, #8109, .T. ) ;
#4432 = VECTOR ( 'NONE', #701, 1000.000000000000000 ) ;
#4433 = CARTESIAN_POINT ( 'NONE',  ( -4.549999999999999822, 2.200000000000000178, 5.700000000000000178 ) ) ;
#4434 = PLANE ( 'NONE',  #1963 ) ;
#4435 = VERTEX_POINT ( 'NONE', #5061 ) ;
#4436 = ADVANCED_FACE ( 'NONE', ( #2769 ), #1810, .T. ) ;
#4437 = PLANE ( 'NONE',  #4629 ) ;
#4438 =( LENGTH_UNIT ( ) NAMED_UNIT ( * ) SI_UNIT ( .MILLI., .METRE. ) );
#4439 = VECTOR ( 'NONE', #7105, 1000.000000000000000 ) ;
#4440 = DIRECTION ( 'NONE',  ( -0.4472135950260953119, 5.476786976838883161E-17, 0.8944271912368472188 ) ) ;
#4441 = FILL_AREA_STYLE ('',( #5843 ) ) ;
#4442 = FACE_OUTER_BOUND ( 'NONE', #1385, .T. ) ;
#4443 = EDGE_LOOP ( 'NONE', ( #4281, #2660, #1199, #1217 ) ) ;
#4444 =( NAMED_UNIT ( * ) SI_UNIT ( $, .STERADIAN. ) SOLID_ANGLE_UNIT ( ) );
#4445 = VECTOR ( 'NONE', #9683, 1000.000000000000000 ) ;
#4446 = CARTESIAN_POINT ( 'NONE',  ( 4.062892611435058754, 3.850000000000010303, 9.314249409999350249 ) ) ;
#4447 = MECHANICAL_DESIGN_GEOMETRIC_PRESENTATION_REPRESENTATION (  '', ( #2794 ), #790 ) ;
#4448 = VECTOR ( 'NONE', #1355, 1000.000000000000000 ) ;
#4449 = PRESENTATION_LAYER_ASSIGNMENT (  '', '', ( #4124 ) ) ;
#4450 = ADVANCED_FACE ( 'NONE', ( #9379 ), #1318, .T. ) ;
#4451 = CARTESIAN_POINT ( 'NONE',  ( -5.000000000000000000, 7.150000000000000355, 6.500000000000009770 ) ) ;
#4452 = VERTEX_POINT ( 'NONE', #5246 ) ;
#4453 = AXIS2_PLACEMENT_3D ( 'NONE', #2312, #3987, #6178 ) ;
#4454 = CARTESIAN_POINT ( 'NONE',  ( 6.075900883378422712, 6.782835288287570208, 5.313097438219570812 ) ) ;
#4455 = CARTESIAN_POINT ( 'NONE',  ( 1.023102752130521154, 6.379062758812666267, 5.679065084668860841 ) ) ;
#4456 = STYLED_ITEM ( 'NONE', ( #4550 ), #4529 ) ;
#4457 = PRESENTATION_LAYER_ASSIGNMENT (  '', '', ( #8889 ) ) ;
#4458 = DIRECTION ( 'NONE',  ( -0.8660254037844380415, 0.5000000000000009992, 0.0000000000000000000 ) ) ;
#4459 = ORIENTED_EDGE ( 'NONE', *, *, #214, .F. ) ;
#4460 = FILL_AREA_STYLE_COLOUR ( '', #4926 ) ;
#4461 = EDGE_CURVE ( 'NONE', #5482, #3228, #7798, .T. ) ;
#4462 = ORIENTED_EDGE ( 'NONE', *, *, #7457, .F. ) ;
#4463 = COLOUR_RGB ( '',0.2862745098039215508, 0.6431372549019607199, 0.8666666666666666963 ) ;
#4464 = AXIS2_PLACEMENT_3D ( 'NONE', #1171, #477, #2089 ) ;
#4465 = EDGE_CURVE ( 'NONE', #5075, #6373, #5490, .T. ) ;
#4466 = PRODUCT_DEFINITION_SHAPE ( 'NONE', 'NONE',  #4614 ) ;
#4467 = CARTESIAN_POINT ( 'NONE',  ( 4.182760555148930415, 6.093223787951091097, 5.414712066094880427 ) ) ;
#4468 = STYLED_ITEM ( 'NONE', ( #4148 ), #9033 ) ;
#4469 = ORIENTED_EDGE ( 'NONE', *, *, #2615, .T. ) ;
#4470 =( NAMED_UNIT ( * ) SI_UNIT ( $, .STERADIAN. ) SOLID_ANGLE_UNIT ( ) );
#4471 = CARTESIAN_POINT ( 'NONE',  ( -4.549999999999999822, 6.250000000000031086, 5.700000000000000178 ) ) ;
#4472 = VECTOR ( 'NONE', #1277, 1000.000000000000227 ) ;
#4473 = PLANE ( 'NONE',  #7444 ) ;
#4474 = CARTESIAN_POINT ( 'NONE',  ( -0.9408890998800437666, 3.850000000000010303, 9.365540160509002732 ) ) ;
#4475 = CARTESIAN_POINT ( 'NONE',  ( 3.549999999999999822, 6.900812423267500328, 3.990870176997169949 ) ) ;
#4476 = EDGE_CURVE ( 'NONE', #3153, #1801, #2276, .T. ) ;
#4477 = LINE ( 'NONE', #1988, #9111 ) ;
#4478 = EDGE_CURVE ( 'NONE', #1757, #3509, #2335, .T. ) ;
#4479 = CARTESIAN_POINT ( 'NONE',  ( 7.500000000000000000, 4.250000000000009770, 9.314249409997579221 ) ) ;
#4480 = DIRECTION ( 'NONE',  ( 0.0000000000000000000, 0.0000000000000000000, 1.000000000000000000 ) ) ;
#4481 = VECTOR ( 'NONE', #2249, 1000.000000000000000 ) ;
#4482 = AXIS2_PLACEMENT_3D ( 'NONE', #5877, #9000, #1778 ) ;
#4483 = UNCERTAINTY_MEASURE_WITH_UNIT (LENGTH_MEASURE( 1.000000000000000082E-05 ), #10033, 'distance_accuracy_value', 'NONE');
#4484 = DIRECTION ( 'NONE',  ( 0.0000000000000000000, 0.0000000000000000000, -1.000000000000000000 ) ) ;
#4485 = CARTESIAN_POINT ( 'NONE',  ( 3.549999999999999822, 6.370920840910899940, 3.569044486294639995 ) ) ;
#4486 =( NAMED_UNIT ( * ) SI_UNIT ( $, .STERADIAN. ) SOLID_ANGLE_UNIT ( ) );
#4487 =( NAMED_UNIT ( * ) SI_UNIT ( $, .STERADIAN. ) SOLID_ANGLE_UNIT ( ) );
#4488 = ORIENTED_EDGE ( 'NONE', *, *, #5333, .F. ) ;
#4489 = VECTOR ( 'NONE', #4960, 1000.000000000000000 ) ;
#4490 = CARTESIAN_POINT ( 'NONE',  ( 5.937107388568776400, 4.650000000000010125, 9.314249409997570339 ) ) ;
#4491 = ORIENTED_EDGE ( 'NONE', *, *, #8290, .F. ) ;
#4492 = MECHANICAL_DESIGN_GEOMETRIC_PRESENTATION_REPRESENTATION (  '', ( #820 ), #3989 ) ;
#4493 = CARTESIAN_POINT ( 'NONE',  ( 10.00000000000000000, 0.9499999999999999556, 0.0000000000000000000 ) ) ;
#4494 = ORIENTED_EDGE ( 'NONE', *, *, #6711, .F. ) ;
#4495 = VECTOR ( 'NONE', #2109, 1000.000000000000000 ) ;
#4496 = CARTESIAN_POINT ( 'NONE',  ( 8.961949539030696243, 6.695801933345447488, 5.479919479543661431 ) ) ;
#4497 = CARTESIAN_POINT ( 'NONE',  ( 10.50000000000000000, 0.8864914703891380032, 6.200000000000001066 ) ) ;
#4498 = DIRECTION ( 'NONE',  ( 5.152643988049929844E-16, 0.0000000000000000000, 1.000000000000000000 ) ) ;
#4499 = CARTESIAN_POINT ( 'NONE',  ( 139.0450000000000159, 0.8789603367746769980, 8.000000000000000000 ) ) ;
#4500 = CARTESIAN_POINT ( 'NONE',  ( 3.549999999999999822, 6.301461569844129862, 3.962967587499530264 ) ) ;
#4501 = VERTEX_POINT ( 'NONE', #3898 ) ;
#4502 = LINE ( 'NONE', #9071, #8643 ) ;
#4503 = DIRECTION ( 'NONE',  ( 0.0000000000000000000, 1.000000000000000000, 0.0000000000000000000 ) ) ;
#4504 = VECTOR ( 'NONE', #2703, 1000.000000000000000 ) ;
#4505 = DIRECTION ( 'NONE',  ( -5.580452358381269806E-16, 1.000000000000000000, 0.0000000000000000000 ) ) ;
#4506 = CARTESIAN_POINT ( 'NONE',  ( 10.00000000000000000, 6.436102000195529804, 10.00000000000000000 ) ) ;
#4507 = VECTOR ( 'NONE', #5807, 1000.000000000000000 ) ;
#4508 = VERTEX_POINT ( 'NONE', #4620 ) ;
#4509 = EDGE_LOOP ( 'NONE', ( #2763, #4718, #2041, #9318, #3781 ) ) ;
#4510 = ORIENTED_EDGE ( 'NONE', *, *, #6265, .T. ) ;
#4511 = VECTOR ( 'NONE', #9021, 1000.000000000000000 ) ;
#4512 = DIRECTION ( 'NONE',  ( 1.000000000000000000, 0.0000000000000000000, -5.152643988049929844E-16 ) ) ;
#4513 = ADVANCED_FACE ( 'NONE', ( #4720 ), #4674, .F. ) ;
#4514 = EDGE_LOOP ( 'NONE', ( #242, #5920, #9295, #1083, #1430, #2681, #2052, #3915 ) ) ;
#4515 = CARTESIAN_POINT ( 'NONE',  ( 2.500000000000000000, 4.250000000000009770, 8.000000000000000000 ) ) ;
#4516 = LINE ( 'NONE', #3785, #962 ) ;
#4517 =( GEOMETRIC_REPRESENTATION_CONTEXT ( 3 ) GLOBAL_UNCERTAINTY_ASSIGNED_CONTEXT ( ( #6899 ) ) GLOBAL_UNIT_ASSIGNED_CONTEXT ( ( #8086, #941, #4852 ) ) REPRESENTATION_CONTEXT ( 'NONE', 'WORKASPACE' ) );
#4518 = CARTESIAN_POINT ( 'NONE',  ( 2.500000000000000000, 6.250000000000031086, 0.7499999999999981126 ) ) ;
#4519 = EDGE_CURVE ( 'NONE', #4616, #1345, #5133, .T. ) ;
#4520 = CARTESIAN_POINT ( 'NONE',  ( 2.500000000000000000, 4.250000000000009770, 8.000000000000000000 ) ) ;
#4521 = PLANE ( 'NONE',  #7326 ) ;
#4522 = EDGE_CURVE ( 'NONE', #5535, #6542, #6977, .T. ) ;
#4523 = DIRECTION ( 'NONE',  ( 1.000000000000000000, 0.0000000000000000000, 0.0000000000000000000 ) ) ;
#4524 = DIRECTION ( 'NONE',  ( 0.2722442098535290400, 0.0000000000000000000, -0.9622281902964742173 ) ) ;
#4525 = CIRCLE ( 'NONE', #4039, 0.5000000000000000000 ) ;
#4526 = DIRECTION ( 'NONE',  ( -1.000000000000000000, -5.580452358381269806E-16, 0.0000000000000000000 ) ) ;
#4527 = EDGE_CURVE ( 'NONE', #3562, #380, #8895, .T. ) ;
#4528 = UNCERTAINTY_MEASURE_WITH_UNIT (LENGTH_MEASURE( 1.000000000000000082E-05 ), #6496, 'distance_accuracy_value', 'NONE');
#4529 = ADVANCED_FACE ( 'NONE', ( #7846 ), #10115, .T. ) ;
#4530 = CYLINDRICAL_SURFACE ( 'NONE', #5007, 1.749999999999990230 ) ;
#4531 = DIRECTION ( 'NONE',  ( 0.0000000000000000000, 1.000000000000000000, 0.0000000000000000000 ) ) ;
#4532 = CARTESIAN_POINT ( 'NONE',  ( 2.500000000000000000, 2.650000000000010125, 9.500000000000000000 ) ) ;
#4533 = ORIENTED_EDGE ( 'NONE', *, *, #2567, .T. ) ;
#4534 = CARTESIAN_POINT ( 'NONE',  ( -2.500000000000000000, 2.650000000000010125, 8.000000000000010658 ) ) ;
#4535 = CARTESIAN_POINT ( 'NONE',  ( 7.500000000000000000, 4.250000000000031086, -4.349999999999999645 ) ) ;
#4536 = DIRECTION ( 'NONE',  ( -6.323770134184271214E-17, 0.9848077530122081313, 0.1736481776669300259 ) ) ;
#4537 = EDGE_LOOP ( 'NONE', ( #9273, #6644, #9769, #6187, #8498, #2855 ) ) ;
#4538 = DIRECTION ( 'NONE',  ( 0.0000000000000000000, 0.0000000000000000000, -1.000000000000000000 ) ) ;
#4539 = LINE ( 'NONE', #9345, #8503 ) ;
#4540 = EDGE_CURVE ( 'NONE', #959, #3519, #2168, .T. ) ;
#4541 = SURFACE_STYLE_FILL_AREA ( #9942 ) ;
#4542 = UNCERTAINTY_MEASURE_WITH_UNIT (LENGTH_MEASURE( 1.000000000000000082E-05 ), #9916, 'distance_accuracy_value', 'NONE');
#4543 = DIRECTION ( 'NONE',  ( -1.000000000000000000, 0.0000000000000000000, 0.0000000000000000000 ) ) ;
#4544 = ORIENTED_EDGE ( 'NONE', *, *, #1944, .T. ) ;
#4545 = SURFACE_STYLE_FILL_AREA ( #9116 ) ;
#4546 = ADVANCED_FACE ( 'NONE', ( #10097 ), #2746, .F. ) ;
#4547 = DIRECTION ( 'NONE',  ( 0.2716300227878299944, -0.06713375248915300075, 0.9600573889080840084 ) ) ;
#4548 = DIRECTION ( 'NONE',  ( -5.152643988049919983E-16, 0.0000000000000000000, -1.000000000000000000 ) ) ;
#4549 = B_SPLINE_CURVE_WITH_KNOTS ( 'NONE', 3,
 ( #4490, #1319, #1999, #8378, #6886, #2871 ),
 .UNSPECIFIED., .F., .F.,
 ( 4, 2, 4 ),
 ( 9.055522398700297199E-18, 0.0001520665957082017788, 0.0003041331914163945046 ),
 .UNSPECIFIED. ) ;
#4550 = PRESENTATION_STYLE_ASSIGNMENT (( #1336 ) ) ;
#4551 = CARTESIAN_POINT ( 'NONE',  ( 4.001925068377739869, 6.250000000000079936, 5.573699898803351260 ) ) ;
#4552 = VERTEX_POINT ( 'NONE', #543 ) ;
#4553 =( LENGTH_UNIT ( ) NAMED_UNIT ( * ) SI_UNIT ( .MILLI., .METRE. ) );
#4554 = DIRECTION ( 'NONE',  ( -0.9284766908852591927, 0.3713906763541040545, 1.594703279778140325E-16 ) ) ;
#4555 = ORIENTED_EDGE ( 'NONE', *, *, #4272, .T. ) ;
#4556 = DIRECTION ( 'NONE',  ( 1.000000000000000000, 0.0000000000000000000, -5.152643988049929844E-16 ) ) ;
#4557 = EDGE_CURVE ( 'NONE', #1824, #8912, #2938, .T. ) ;
#4558 = VECTOR ( 'NONE', #8363, 1000.000000000000000 ) ;
#4559 = EDGE_LOOP ( 'NONE', ( #6851, #4774, #8268, #6967 ) ) ;
#4560 = ORIENTED_EDGE ( 'NONE', *, *, #3003, .F. ) ;
#4561 =( NAMED_UNIT ( * ) PLANE_ANGLE_UNIT ( ) SI_UNIT ( $, .RADIAN. ) );
#4562 = ORIENTED_EDGE ( 'NONE', *, *, #1819, .T. ) ;
#4563 = CARTESIAN_POINT ( 'NONE',  ( 0.7999999999999990452, 4.650000000000010125, 9.500000000000000000 ) ) ;
#4564 = DIRECTION ( 'NONE',  ( 0.0000000000000000000, -1.000000000000000000, -3.965082230804130614E-15 ) ) ;
#4565 = DIRECTION ( 'NONE',  ( 0.0000000000000000000, 1.000000000000000000, 0.0000000000000000000 ) ) ;
#4566 = FACE_OUTER_BOUND ( 'NONE', #9374, .T. ) ;
#4567 = FACE_OUTER_BOUND ( 'NONE', #9069, .T. ) ;
#4568 = VECTOR ( 'NONE', #8739, 1000.000000000000000 ) ;
#4569 =( LENGTH_UNIT ( ) NAMED_UNIT ( * ) SI_UNIT ( .MILLI., .METRE. ) );
#4570 = CARTESIAN_POINT ( 'NONE',  ( 1.449999999999999956, 3.592004494644689849, 2.875961234938969824 ) ) ;
#4571 = EDGE_CURVE ( 'NONE', #8432, #4452, #305, .T. ) ;
#4572 = EDGE_CURVE ( 'NONE', #6946, #5811, #9703, .T. ) ;
#4573 = CARTESIAN_POINT ( 'NONE',  ( -4.074407072548750008, 4.650000000000010125, 9.158054070483659714 ) ) ;
#4574 = AXIS2_PLACEMENT_3D ( 'NONE', #6702, #487, #9832 ) ;
#4575 = FACE_OUTER_BOUND ( 'NONE', #573, .T. ) ;
#4576 = DIRECTION ( 'NONE',  ( 0.0000000000000000000, 0.0000000000000000000, 1.000000000000000000 ) ) ;
#4577 = CARTESIAN_POINT ( 'NONE',  ( 6.042213446764645113, 3.850000000000008971, 9.481490714224461769 ) ) ;
#4578 = ORIENTED_EDGE ( 'NONE', *, *, #1940, .F. ) ;
#4579 = CARTESIAN_POINT ( 'NONE',  ( 0.8992189406417899766, 4.650000000000010125, 8.800000000000009592 ) ) ;
#4580 = ORIENTED_EDGE ( 'NONE', *, *, #6035, .F. ) ;
#4581 = CARTESIAN_POINT ( 'NONE',  ( 0.9655523953999055609, 3.850000000000007638, 9.413837825582271890 ) ) ;
#4582 = CARTESIAN_POINT ( 'NONE',  ( 0.4500000000000000666, 6.250000000000031086, 5.700000000000000178 ) ) ;
#4583 = EDGE_LOOP ( 'NONE', ( #5097, #8070, #6067, #3874 ) ) ;
#4584 = STYLED_ITEM ( 'NONE', ( #3429 ), #1721 ) ;
#4585 = MANIFOLD_SOLID_BREP ( 'Imported1', #9968 ) ;
#4586 = EDGE_CURVE ( 'NONE', #2527, #7610, #1877, .T. ) ;
#4587 = LINE ( 'NONE', #2245, #1762 ) ;
#4588 = VECTOR ( 'NONE', #5636, 1000.000000000000000 ) ;
#4589 = FACE_OUTER_BOUND ( 'NONE', #10170, .T. ) ;
#4590 =( NAMED_UNIT ( * ) PLANE_ANGLE_UNIT ( ) SI_UNIT ( $, .RADIAN. ) );
#4591 = EDGE_LOOP ( 'NONE', ( #9754, #9082, #5334, #9370 ) ) ;
#4592 = FILL_AREA_STYLE_COLOUR ( '', #9791 ) ;
#4593 = DIRECTION ( 'NONE',  ( -1.000000000000000000, 0.0000000000000000000, 1.717547996016639994E-16 ) ) ;
#4594 = DIRECTION ( 'NONE',  ( 0.2716300227878299944, 0.06713375248915300075, -0.9600573889080840084 ) ) ;
#4595 = EDGE_CURVE ( 'NONE', #6494, #6542, #8988, .T. ) ;
#4596 = EDGE_CURVE ( 'NONE', #9281, #4508, #6825, .T. ) ;
#4597 = EDGE_CURVE ( 'NONE', #5812, #2138, #5910, .T. ) ;
#4598 = AXIS2_PLACEMENT_3D ( 'NONE', #488, #6030, #9154 ) ;
#4599 = DIRECTION ( 'NONE',  ( 0.0000000000000000000, 1.000000000000000000, 0.0000000000000000000 ) ) ;
#4600 = DIRECTION ( 'NONE',  ( 0.0000000000000000000, -1.000000000000000000, 0.0000000000000000000 ) ) ;
#4601 = CARTESIAN_POINT ( 'NONE',  ( 10.00000000000000000, 6.733652732787760442, 9.738256522761860268 ) ) ;
#4602 = CARTESIAN_POINT ( 'NONE',  ( -1.022973762927652297, 6.335242407712969204, 5.690954293788240470 ) ) ;
#4603 = PRESENTATION_LAYER_ASSIGNMENT (  '', '', ( #1299 ) ) ;
#4604 = ORIENTED_EDGE ( 'NONE', *, *, #2235, .T. ) ;
#4605 = VECTOR ( 'NONE', #1883, 1000.000000000000000 ) ;
#4606 = CARTESIAN_POINT ( 'NONE',  ( 7.500000000000000000, 4.250000000000031086, -4.349999999999999645 ) ) ;
#4607 =( GEOMETRIC_REPRESENTATION_CONTEXT ( 3 ) GLOBAL_UNCERTAINTY_ASSIGNED_CONTEXT ( ( #5702 ) ) GLOBAL_UNIT_ASSIGNED_CONTEXT ( ( #7141, #9484, #8275 ) ) REPRESENTATION_CONTEXT ( 'NONE', 'WORKASPACE' ) );
#4608 = EDGE_LOOP ( 'NONE', ( #659, #872, #859, #2379 ) ) ;
#4609 = ORIENTED_EDGE ( 'NONE', *, *, #7325, .T. ) ;
#4610 = AXIS2_PLACEMENT_3D ( 'NONE', #5416, #8540, #1474 ) ;
#4611 = AXIS2_PLACEMENT_3D ( 'NONE', #9410, #6294, #6958 ) ;
#4612 = EDGE_CURVE ( 'NONE', #4552, #7247, #7592, .T. ) ;
#4613 =( GEOMETRIC_REPRESENTATION_CONTEXT ( 3 ) GLOBAL_UNCERTAINTY_ASSIGNED_CONTEXT ( ( #4174 ) ) GLOBAL_UNIT_ASSIGNED_CONTEXT ( ( #10010, #7641, #608 ) ) REPRESENTATION_CONTEXT ( 'NONE', 'WORKASPACE' ) );
#4614 = PRODUCT_DEFINITION ( 'UNKNOWN', '', #2623, #2108 ) ;
#4615 = CARTESIAN_POINT ( 'NONE',  ( 7.500000000000000000, 4.250000000000009770, 9.300000000000000711 ) ) ;
#4616 = VERTEX_POINT ( 'NONE', #1688 ) ;
#4617 = LINE ( 'NONE', #7742, #7293 ) ;
#4618 = ORIENTED_EDGE ( 'NONE', *, *, #5778, .F. ) ;
#4619 = SURFACE_STYLE_FILL_AREA ( #8772 ) ;
#4620 = CARTESIAN_POINT ( 'NONE',  ( -3.924099116621577288, 6.782835288287566655, 5.313097438219579693 ) ) ;
#4621 =( GEOMETRIC_REPRESENTATION_CONTEXT ( 3 ) GLOBAL_UNCERTAINTY_ASSIGNED_CONTEXT ( ( #902 ) ) GLOBAL_UNIT_ASSIGNED_CONTEXT ( ( #1424, #2107, #6911 ) ) REPRESENTATION_CONTEXT ( 'NONE', 'WORKASPACE' ) );
#4622 = DIRECTION ( 'NONE',  ( 0.0000000000000000000, 1.000000000000000000, 0.0000000000000000000 ) ) ;
#4623 = ORIENTED_EDGE ( 'NONE', *, *, #2126, .T. ) ;
#4624 = AXIS2_PLACEMENT_3D ( 'NONE', #847, #3819, #1632 ) ;
#4625 = ADVANCED_FACE ( 'NONE', ( #4652 ), #8547, .T. ) ;
#4626 = DIRECTION ( 'NONE',  ( 0.0000000000000000000, -1.000000000000000000, 0.0000000000000000000 ) ) ;
#4627 = VECTOR ( 'NONE', #3850, 1000.000000000000000 ) ;
#4628 = CARTESIAN_POINT ( 'NONE',  ( 1.041844086465574026, 6.384612859889100989, 5.465433459372669667 ) ) ;
#4629 = AXIS2_PLACEMENT_3D ( 'NONE', #7568, #3750, #486 ) ;
#4630 = SURFACE_SIDE_STYLE ('',( #2967 ) ) ;
#4631 = ORIENTED_EDGE ( 'NONE', *, *, #1547, .F. ) ;
#4632 = CARTESIAN_POINT ( 'NONE',  ( 9.006141391221529346, 6.250000000000031974, 5.699344090454331102 ) ) ;
#4633 = ORIENTED_EDGE ( 'NONE', *, *, #451, .F. ) ;
#4634 = DIRECTION ( 'NONE',  ( 0.0000000000000000000, 1.000000000000000000, 0.0000000000000000000 ) ) ;
#4635 = ORIENTED_EDGE ( 'NONE', *, *, #3033, .F. ) ;
#4636 = DIRECTION ( 'NONE',  ( 0.0000000000000000000, -0.1275217425395260284, 0.9918357753074259486 ) ) ;
#4637 = PRESENTATION_LAYER_ASSIGNMENT (  '', '', ( #5617 ) ) ;
#4638 = DIRECTION ( 'NONE',  ( -0.3481553119113940387, 0.8703882797784900927, -0.3481553119113949823 ) ) ;
#4639 = AXIS2_PLACEMENT_3D ( 'NONE', #1400, #3188, #771 ) ;
#4640 = ORIENTED_EDGE ( 'NONE', *, *, #6597, .F. ) ;
#4641 = CARTESIAN_POINT ( 'NONE',  ( -4.644999999999999574, 0.7350406544375860385, 6.200000000000001066 ) ) ;
#4642 = DIRECTION ( 'NONE',  ( 0.0000000000000000000, -1.000000000000000000, -3.965082230804130614E-15 ) ) ;
#4643 = CARTESIAN_POINT ( 'NONE',  ( -0.8000000000000000444, 3.850000000000010303, 8.800000000000009592 ) ) ;
#4644 = EDGE_CURVE ( 'NONE', #3857, #370, #9359, .T. ) ;
#4645 = PRESENTATION_LAYER_ASSIGNMENT (  '', '', ( #657 ) ) ;
#4646 = DIRECTION ( 'NONE',  ( -1.000000000000000000, 0.0000000000000000000, 0.0000000000000000000 ) ) ;
#4647 = FACE_BOUND ( 'NONE', #4928, .T. ) ;
#4648 = ORIENTED_EDGE ( 'NONE', *, *, #9267, .T. ) ;
#4649 = CARTESIAN_POINT ( 'NONE',  ( 10.00000000000000000, 1.550000000000000266, 6.200000000000001066 ) ) ;
#4650 = EDGE_CURVE ( 'NONE', #3228, #4959, #3307, .T. ) ;
#4651 = VECTOR ( 'NONE', #10147, 1000.000000000000000 ) ;
#4652 = FACE_OUTER_BOUND ( 'NONE', #3103, .T. ) ;
#4653 = CARTESIAN_POINT ( 'NONE',  ( 8.942782050534519911, 6.518894125888143876, 5.379130966345494258 ) ) ;
#4654 = ORIENTED_EDGE ( 'NONE', *, *, #2981, .T. ) ;
#4655 = CARTESIAN_POINT ( 'NONE',  ( 15.00000000000000000, 7.750000000000000000, 0.0000000000000000000 ) ) ;
#4656 = EDGE_CURVE ( 'NONE', #2783, #3555, #5815, .T. ) ;
#4657 = EDGE_CURVE ( 'NONE', #2899, #373, #8068, .T. ) ;
#4658 = UNCERTAINTY_MEASURE_WITH_UNIT (LENGTH_MEASURE( 1.000000000000000082E-05 ), #8427, 'distance_accuracy_value', 'NONE');
#4659 = CARTESIAN_POINT ( 'NONE',  ( 7.500000000000000000, 5.950000000000040146, 2.750000000000000000 ) ) ;
#4660 = ORIENTED_EDGE ( 'NONE', *, *, #9458, .F. ) ;
#4661 = ORIENTED_EDGE ( 'NONE', *, *, #5548, .F. ) ;
#4662 = APPLICATION_PROTOCOL_DEFINITION ( 'draft international standard', 'automotive_design', 1998, #5560 ) ;
#4663 = COLOUR_RGB ( '',0.2862745098039215508, 0.6431372549019607199, 0.8666666666666666963 ) ;
#4664 = CARTESIAN_POINT ( 'NONE',  ( 8.958155914341494608, 6.384612859941898755, 5.465433459296769492 ) ) ;
#4665 = ORIENTED_EDGE ( 'NONE', *, *, #8782, .T. ) ;
#4666 = ORIENTED_EDGE ( 'NONE', *, *, #1472, .F. ) ;
#4667 = VECTOR ( 'NONE', #3225, 1000.000000000000000 ) ;
#4668 = LINE ( 'NONE', #9229, #3328 ) ;
#4669 = ORIENTED_EDGE ( 'NONE', *, *, #7227, .F. ) ;
#4670 = DIRECTION ( 'NONE',  ( 0.0000000000000000000, 0.0000000000000000000, 1.000000000000000000 ) ) ;
#4671 = ORIENTED_EDGE ( 'NONE', *, *, #4025, .F. ) ;
#4672 = PLANE ( 'NONE',  #5594 ) ;
#4673 = CARTESIAN_POINT ( 'NONE',  ( 4.059107220649992520, 4.650000000000011013, 9.365590064580596064 ) ) ;
#4674 = PLANE ( 'NONE',  #2632 ) ;
#4675 = STYLED_ITEM ( 'NONE', ( #6810 ), #6730 ) ;
#4676 = DIRECTION ( 'NONE',  ( 0.0000000000000000000, 1.000000000000000000, 0.0000000000000000000 ) ) ;
#4677 = VERTEX_POINT ( 'NONE', #1638 ) ;
#4678 = FACE_OUTER_BOUND ( 'NONE', #9700, .T. ) ;
#4679 = CARTESIAN_POINT ( 'NONE',  ( 10.30499999999999972, 1.726091832102840007, 6.200000000000001066 ) ) ;
#4680 = VECTOR ( 'NONE', #3138, 1000.000000000000000 ) ;
#4681 = FACE_OUTER_BOUND ( 'NONE', #1846, .T. ) ;
#4682 = CYLINDRICAL_SURFACE ( 'NONE', #2840, 0.5000000000000000000 ) ;
#4683 = LINE ( 'NONE', #7805, #5582 ) ;
#4684 = FACE_BOUND ( 'NONE', #3373, .T. ) ;
#4685 = ORIENTED_EDGE ( 'NONE', *, *, #232, .T. ) ;
#4686 = PLANE ( 'NONE',  #5996 ) ;
#4687 = ORIENTED_EDGE ( 'NONE', *, *, #4888, .F. ) ;
#4688 = SURFACE_STYLE_FILL_AREA ( #8434 ) ;
#4689 = LINE ( 'NONE', #2352, #6747 ) ;
#4690 = AXIS2_PLACEMENT_3D ( 'NONE', #9712, #6584, #2708 ) ;
#4691 = EDGE_LOOP ( 'NONE', ( #4995, #202, #6248, #10186 ) ) ;
#4692 = COLOUR_RGB ( '',0.2862745098039215508, 0.6431372549019607199, 0.8666666666666666963 ) ;
#4693 = DIRECTION ( 'NONE',  ( -0.8660254037843231334, 0.5000000000002000622, 0.0000000000000000000 ) ) ;
#4694 = DIRECTION ( 'NONE',  ( -1.000000000000000000, 0.0000000000000000000, 0.0000000000000000000 ) ) ;
#4695 = CARTESIAN_POINT ( 'NONE',  ( 6.023878904919866883, 6.379292657739203065, 5.607444992500847825 ) ) ;
#4696 =( NAMED_UNIT ( * ) SI_UNIT ( $, .STERADIAN. ) SOLID_ANGLE_UNIT ( ) );
#4697 = DIRECTION ( 'NONE',  ( 0.0000000000000000000, 0.0000000000000000000, 1.000000000000000000 ) ) ;
#4698 = EDGE_LOOP ( 'NONE', ( #9727, #931, #4631, #7395 ) ) ;
#4699 = DIRECTION ( 'NONE',  ( 0.0000000000000000000, -1.000000000000000000, 0.0000000000000000000 ) ) ;
#4700 = LINE ( 'NONE', #3876, #5762 ) ;
#4701 = EDGE_CURVE ( 'NONE', #2599, #6932, #128, .T. ) ;
#4702 = CARTESIAN_POINT ( 'NONE',  ( 8.975706270414169907, 6.556592744917202786, 5.606841196306680430 ) ) ;
#4703 = EDGE_CURVE ( 'NONE', #5113, #7917, #10206, .T. ) ;
#4704 = CARTESIAN_POINT ( 'NONE',  ( 3.994607792362468768, 6.250000000000364153, 5.499015461809754868 ) ) ;
#4705 = CARTESIAN_POINT ( 'NONE',  ( 8.977386614090290706, 6.143310324244612097, 5.618805837179489338 ) ) ;
#4706 = DIRECTION ( 'NONE',  ( -1.000000000000000000, 0.0000000000000000000, 0.0000000000000000000 ) ) ;
#4707 = ORIENTED_EDGE ( 'NONE', *, *, #8313, .T. ) ;
#4708 = ORIENTED_EDGE ( 'NONE', *, *, #40, .F. ) ;
#4709 = DIRECTION ( 'NONE',  ( 0.0000000000000000000, -0.9284766908852596368, 0.3713906763541028888 ) ) ;
#4710 = ORIENTED_EDGE ( 'NONE', *, *, #246, .F. ) ;
#4711 = VERTEX_POINT ( 'NONE', #9409 ) ;
#4712 = VECTOR ( 'NONE', #8706, 1000.000000000000000 ) ;
#4713 = EDGE_CURVE ( 'NONE', #6837, #9745, #1932, .T. ) ;
#4714 = FACE_OUTER_BOUND ( 'NONE', #3438, .T. ) ;
#4715 = VECTOR ( 'NONE', #2376, 1000.000000000000000 ) ;
#4716 = EDGE_LOOP ( 'NONE', ( #978, #553, #2741, #8430 ) ) ;
#4717 = DIRECTION ( 'NONE',  ( 1.000000000000000000, 2.232180943352509796E-16, 0.0000000000000000000 ) ) ;
#4718 = ORIENTED_EDGE ( 'NONE', *, *, #9802, .T. ) ;
#4719 = CARTESIAN_POINT ( 'NONE',  ( 1.005392207408169147, 6.250000000000031974, 5.499015461808848926 ) ) ;
#4720 = FACE_OUTER_BOUND ( 'NONE', #9528, .T. ) ;
#4721 = ORIENTED_EDGE ( 'NONE', *, *, #1983, .T. ) ;
#4722 = EDGE_LOOP ( 'NONE', ( #8838, #1141, #6053, #3511 ) ) ;
#4723 = CARTESIAN_POINT ( 'NONE',  ( -2.500000000000000000, 4.250000000000031086, -5.204170427930419706E-15 ) ) ;
#4724 = ADVANCED_FACE ( 'NONE', ( #3530 ), #6606, .T. ) ;
#4725 = VECTOR ( 'NONE', #9059, 1000.000000000000000 ) ;
#4726 = ADVANCED_FACE ( 'NONE', ( #9733 ), #4201, .T. ) ;
#4727 = VERTEX_POINT ( 'NONE', #5679 ) ;
#4728 = DIRECTION ( 'NONE',  ( 0.0000000000000000000, -1.000000000000000000, 0.0000000000000000000 ) ) ;
#4729 = DIRECTION ( 'NONE',  ( 0.0000000000000000000, 0.0000000000000000000, 1.000000000000000000 ) ) ;
#4730 = SURFACE_STYLE_USAGE ( .BOTH. , #6364 ) ;
#4731 = LINE ( 'NONE', #620, #127 ) ;
#4732 = VERTEX_POINT ( 'NONE', #5839 ) ;
#4733 =( BOUNDED_SURFACE ( )  B_SPLINE_SURFACE ( 3, 2, ( 
 ( #2667, #9006, #3299 ),
 ( #4133, #1728, #4899 ),
 ( #1894, #9612, #9561 ),
 ( #5780, #4193, #4853 ) ),
 .UNSPECIFIED., .F., .F., .F. ) 
 B_SPLINE_SURFACE_WITH_KNOTS ( ( 4, 4 ),
 ( 3, 3 ),
 ( 0.0000000000000000000, 1.000000000000000000 ),
 ( 0.0000000000000000000, 1.000000000000000000 ),
 .UNSPECIFIED. ) 
 GEOMETRIC_REPRESENTATION_ITEM ( )  RATIONAL_B_SPLINE_SURFACE ( (
 ( 1.000000000000000000, 0.7864262290810449807, 1.000000000000000000),
 ( 1.000000000000000000, 0.7864475206358839676, 1.000000000000000000),
 ( 1.000000000000000000, 0.7861047044588309607, 1.000000000000000000),
 ( 1.000000000000000000, 0.7854013101412880005, 1.000000000000000000) ) ) 
 REPRESENTATION_ITEM ( '' )  SURFACE ( )  );
#4734 = DIRECTION ( 'NONE',  ( 0.0000000000000000000, 0.0000000000000000000, 1.000000000000000000 ) ) ;
#4735 = VERTEX_POINT ( 'NONE', #9782 ) ;
#4736 = DIRECTION ( 'NONE',  ( -1.000000000000000000, 0.0000000000000000000, 5.152643988049929844E-16 ) ) ;
#4737 = EDGE_LOOP ( 'NONE', ( #8287, #9534, #2118, #3892 ) ) ;
#4738 = CARTESIAN_POINT ( 'NONE',  ( 30.00000000000000000, 7.750000000000000000, 0.4499999999999880207 ) ) ;
#4739 = VERTEX_POINT ( 'NONE', #8145 ) ;
#4740 = CIRCLE ( 'NONE', #4259, 0.2999999999999999334 ) ;
#4741 = DIRECTION ( 'NONE',  ( 1.000000000000000000, 0.0000000000000000000, 0.0000000000000000000 ) ) ;
#4742 = LINE ( 'NONE', #3085, #2422 ) ;
#4743 = EDGE_CURVE ( 'NONE', #1375, #1066, #1641, .T. ) ;
#4744 = DIRECTION ( 'NONE',  ( 1.000000000000000000, 0.0000000000000000000, 0.0000000000000000000 ) ) ;
#4745 = FILL_AREA_STYLE_COLOUR ( '', #8085 ) ;
#4746 = SURFACE_STYLE_FILL_AREA ( #5720 ) ;
#4747 = DIRECTION ( 'NONE',  ( 0.0000000000000000000, 1.000000000000000000, 0.0000000000000000000 ) ) ;
#4748 = ORIENTED_EDGE ( 'NONE', *, *, #9535, .F. ) ;
#4749 = PRESENTATION_STYLE_ASSIGNMENT (( #7878 ) ) ;
#4750 = AXIS2_PLACEMENT_3D ( 'NONE', #5392, #7754, #10022 ) ;
#4751 = CARTESIAN_POINT ( 'NONE',  ( 8.958155914341494608, 6.384612859941898755, 5.465433459296769492 ) ) ;
#4752 = CARTESIAN_POINT ( 'NONE',  ( -3.961430241996389157, 6.340207273974518998, 5.485199103683307875 ) ) ;
#4753 = PRESENTATION_STYLE_ASSIGNMENT (( #3094 ) ) ;
#4754 = DIRECTION ( 'NONE',  ( 0.0000000000000000000, 0.0000000000000000000, 1.000000000000000000 ) ) ;
#4755 = EDGE_LOOP ( 'NONE', ( #6467, #822, #9636, #6370 ) ) ;
#4756 = VECTOR ( 'NONE', #386, 1000.000000000000000 ) ;
#4757 = CARTESIAN_POINT ( 'NONE',  ( 1.029529175872700097, 6.144996945065150484, 5.536040986461078894 ) ) ;
#4758 = CARTESIAN_POINT ( 'NONE',  ( 8.957924419191279242, 6.384681414832980018, 5.464040407139520106 ) ) ;
#4759 = ORIENTED_EDGE ( 'NONE', *, *, #4102, .F. ) ;
#4760 = CARTESIAN_POINT ( 'NONE',  ( 2.500000000000000000, 2.650000000000010125, 9.500000000000010658 ) ) ;
#4761 = PRESENTATION_STYLE_ASSIGNMENT (( #560 ) ) ;
#4762 = EDGE_LOOP ( 'NONE', ( #2638, #726, #10072, #4118 ) ) ;
#4763 =( GEOMETRIC_REPRESENTATION_CONTEXT ( 3 ) GLOBAL_UNCERTAINTY_ASSIGNED_CONTEXT ( ( #4780 ) ) GLOBAL_UNIT_ASSIGNED_CONTEXT ( ( #5670, #8796, #3455 ) ) REPRESENTATION_CONTEXT ( 'NONE', 'WORKASPACE' ) );
#4764 = VERTEX_POINT ( 'NONE', #8095 ) ;
#4765 = PLANE ( 'NONE',  #7106 ) ;
#4766 = MECHANICAL_DESIGN_GEOMETRIC_PRESENTATION_REPRESENTATION (  '', ( #3456 ), #615 ) ;
#4767 = COLOUR_RGB ( '',0.2862745098039215508, 0.6431372549019607199, 0.8666666666666666963 ) ;
#4768 = DIRECTION ( 'NONE',  ( -1.000000000000000000, 0.0000000000000000000, 0.0000000000000000000 ) ) ;
#4769 = ORIENTED_EDGE ( 'NONE', *, *, #227, .F. ) ;
#4770 =( NAMED_UNIT ( * ) PLANE_ANGLE_UNIT ( ) SI_UNIT ( $, .RADIAN. ) );
#4771 = ADVANCED_FACE ( 'NONE', ( #5788 ), #8918, .F. ) ;
#4772 =( LENGTH_UNIT ( ) NAMED_UNIT ( * ) SI_UNIT ( .MILLI., .METRE. ) );
#4773 = VERTEX_POINT ( 'NONE', #2722 ) ;
#4774 = ORIENTED_EDGE ( 'NONE', *, *, #651, .F. ) ;
#4775 = AXIS2_PLACEMENT_3D ( 'NONE', #4903, #3410, #1008 ) ;
#4776 = EDGE_CURVE ( 'NONE', #6818, #8961, #8561, .T. ) ;
#4777 = DIRECTION ( 'NONE',  ( 0.0000000000000000000, 0.0000000000000000000, 1.000000000000000000 ) ) ;
#4778 = VECTOR ( 'NONE', #7328, 1000.000000000000000 ) ;
#4779 = MECHANICAL_DESIGN_GEOMETRIC_PRESENTATION_REPRESENTATION (  '', ( #624 ), #3637 ) ;
#4780 = UNCERTAINTY_MEASURE_WITH_UNIT (LENGTH_MEASURE( 1.000000000000000082E-05 ), #5670, 'distance_accuracy_value', 'NONE');
#4781 = DIRECTION ( 'NONE',  ( 1.000000000000000000, 0.0000000000000000000, -4.231032868236119855E-16 ) ) ;
#4782 = FILL_AREA_STYLE_COLOUR ( '', #4767 ) ;
#4784 = ADVANCED_FACE ( 'NONE', ( #3412 ), #9940, .T. ) ;
#4783 = ORIENTED_EDGE ( 'NONE', *, *, #7282, .T. ) ;
#4785 = EDGE_CURVE ( 'NONE', #5295, #5230, #1232, .T. ) ;
#4786 = AXIS2_PLACEMENT_3D ( 'NONE', #6286, #7932, #2360 ) ;
#4787 = CARTESIAN_POINT ( 'NONE',  ( 9.006245792511190729, 6.250000000000031086, 5.665502260967810066 ) ) ;
#4788 = EDGE_LOOP ( 'NONE', ( #1434, #2711, #7574, #4001 ) ) ;
#4789 = CARTESIAN_POINT ( 'NONE',  ( 3.977026237072347481, 6.335242407712963875, 5.690954293788235141 ) ) ;
#4790 = ORIENTED_EDGE ( 'NONE', *, *, #2199, .F. ) ;
#4791 = SURFACE_STYLE_USAGE ( .BOTH. , #9445 ) ;
#4792 = FILL_AREA_STYLE ('',( #7812 ) ) ;
#4793 = ORIENTED_EDGE ( 'NONE', *, *, #6468, .F. ) ;
#4794 = STYLED_ITEM ( 'NONE', ( #5958 ), #8943 ) ;
#4795 = AXIS2_PLACEMENT_3D ( 'NONE', #2303, #10188, #5509 ) ;
#4796 = CARTESIAN_POINT ( 'NONE',  ( 7.500000000000000000, 6.250000000000031086, 1.349999999999999867 ) ) ;
#4797 = CARTESIAN_POINT ( 'NONE',  ( 1.448683386022369790, 6.900595781960301878, 3.995523657362079817 ) ) ;
#4798 =( BOUNDED_SURFACE ( )  B_SPLINE_SURFACE ( 3, 2, ( 
 ( #2546, #164, #1768 ),
 ( #4883, #4014, #5706 ),
 ( #9707, #3391, #8834 ),
 ( #2653, #7298, #5819 ) ),
 .UNSPECIFIED., .F., .F., .F. ) 
 B_SPLINE_SURFACE_WITH_KNOTS ( ( 4, 4 ),
 ( 3, 3 ),
 ( 0.0000000000000000000, 1.000000000000000000 ),
 ( 0.0000000000000000000, 1.000000000000000000 ),
 .UNSPECIFIED. ) 
 GEOMETRIC_REPRESENTATION_ITEM ( )  RATIONAL_B_SPLINE_SURFACE ( (
 ( 1.000000000000000000, 0.7864262290810449807, 1.000000000000000000),
 ( 1.000000000000000000, 0.7864475206358839676, 1.000000000000000000),
 ( 1.000000000000000000, 0.7861047044588309607, 1.000000000000000000),
 ( 1.000000000000000000, 0.7854013101412880005, 1.000000000000000000) ) ) 
 REPRESENTATION_ITEM ( '' )  SURFACE ( )  );
#4799 = CARTESIAN_POINT ( 'NONE',  ( 7.500000000000000000, 4.250000000000009770, 8.000000000000000000 ) ) ;
#4800 = CARTESIAN_POINT ( 'NONE',  ( -0.8992189406417899766, 4.650000000000010125, 8.800000000000009592 ) ) ;
#4801 = DIRECTION ( 'NONE',  ( 1.000000000000000000, 0.0000000000000000000, -4.231032868236119855E-16 ) ) ;
#4802 = FACE_OUTER_BOUND ( 'NONE', #9270, .T. ) ;
#4803 = ORIENTED_EDGE ( 'NONE', *, *, #5221, .T. ) ;
#4804 = AXIS2_PLACEMENT_3D ( 'NONE', #4, #7085, #1447 ) ;
#4805 = DIRECTION ( 'NONE',  ( 0.0000000000000000000, 0.0000000000000000000, -1.000000000000000000 ) ) ;
#4806 = CARTESIAN_POINT ( 'NONE',  ( 3.908230602241417717, 6.595770259307299099, 5.257011279829173489 ) ) ;
#4807 = SURFACE_SIDE_STYLE ('',( #3042 ) ) ;
#4808 = AXIS2_PLACEMENT_3D ( 'NONE', #5259, #8298, #340 ) ;
#4809 = MECHANICAL_DESIGN_GEOMETRIC_PRESENTATION_REPRESENTATION (  '', ( #3504 ), #2160 ) ;
#4810 = CARTESIAN_POINT ( 'NONE',  ( 9.100781059358210356, 3.850000000000010303, 8.800000000000000711 ) ) ;
#4811 = DIRECTION ( 'NONE',  ( 1.000000000000000000, 0.0000000000000000000, 0.0000000000000000000 ) ) ;
#4812 = UNCERTAINTY_MEASURE_WITH_UNIT (LENGTH_MEASURE( 1.000000000000000082E-05 ), #4772, 'distance_accuracy_value', 'NONE');
#4813 = DIRECTION ( 'NONE',  ( -1.000000000000000000, -5.580452358381269806E-16, 0.0000000000000000000 ) ) ;
#4814 = DIRECTION ( 'NONE',  ( 0.4999999999999990563, -0.8660254037844391517, 0.0000000000000000000 ) ) ;
#4815 = CARTESIAN_POINT ( 'NONE',  ( 4.062892611435065859, 3.850000000000010303, 9.314249409999250773 ) ) ;
#4816 = ORIENTED_EDGE ( 'NONE', *, *, #10045, .F. ) ;
#4817 = VERTEX_POINT ( 'NONE', #1416 ) ;
#4818 = DIRECTION ( 'NONE',  ( 0.0000000000000000000, -0.07124704990663610626, -0.9974586998365402302 ) ) ;
#4819 = STYLED_ITEM ( 'NONE', ( #3297 ), #9299 ) ;
#4820 = FACE_OUTER_BOUND ( 'NONE', #2771, .T. ) ;
#4821 = VECTOR ( 'NONE', #2688, 1000.000000000000000 ) ;
#4822 = ORIENTED_EDGE ( 'NONE', *, *, #9990, .F. ) ;
#4823 =( LENGTH_UNIT ( ) NAMED_UNIT ( * ) SI_UNIT ( .MILLI., .METRE. ) );
#4824 = EDGE_CURVE ( 'NONE', #5374, #8818, #3421, .T. ) ;
#4825 = CARTESIAN_POINT ( 'NONE',  ( -5.500000000000000000, 3.592004494644689849, 2.875961234938980038 ) ) ;
#4826 = ORIENTED_EDGE ( 'NONE', *, *, #6785, .T. ) ;
#4827 = CARTESIAN_POINT ( 'NONE',  ( 6.022973818606729424, 6.335261421013385963, 5.690949135155424443 ) ) ;
#4828 = CARTESIAN_POINT ( 'NONE',  ( 0.9938586087084645415, 6.250000000000043521, 5.699344090454423473 ) ) ;
#4829 = VERTEX_POINT ( 'NONE', #9152 ) ;
#4830 = ORIENTED_EDGE ( 'NONE', *, *, #4428, .F. ) ;
#4831 = DIRECTION ( 'NONE',  ( 0.0000000000000000000, 0.0000000000000000000, 1.000000000000000000 ) ) ;
#4832 = CIRCLE ( 'NONE', #2019, 1.599999999999999867 ) ;
#4833 = ADVANCED_FACE ( 'NONE', ( #9063 ), #6128, .F. ) ;
#4834 = FACE_OUTER_BOUND ( 'NONE', #3394, .T. ) ;
#4835 = DIRECTION ( 'NONE',  ( 1.000000000000000000, 0.0000000000000000000, 0.0000000000000000000 ) ) ;
#4836 = EDGE_CURVE ( 'NONE', #7300, #2243, #6075, .T. ) ;
#4837 = CARTESIAN_POINT ( 'NONE',  ( 3.976625506911815489, 6.471519156492279379, 5.653980085903296704 ) ) ;
#4838 = ORIENTED_EDGE ( 'NONE', *, *, #6061, .T. ) ;
#4839 = ORIENTED_EDGE ( 'NONE', *, *, #3322, .F. ) ;
#4840 = FILL_AREA_STYLE ('',( #8129 ) ) ;
#4841 = FILL_AREA_STYLE_COLOUR ( '', #2907 ) ;
#4842 = DIRECTION ( 'NONE',  ( 0.0000000000000000000, 0.0000000000000000000, 1.000000000000000000 ) ) ;
#4843 = ORIENTED_EDGE ( 'NONE', *, *, #345, .F. ) ;
#4844 = MECHANICAL_DESIGN_GEOMETRIC_PRESENTATION_REPRESENTATION (  '', ( #8773 ), #2201 ) ;
#4845 = EDGE_CURVE ( 'NONE', #10152, #1565, #6895, .T. ) ;
#4846 = ADVANCED_FACE ( 'NONE', ( #8438 ), #312, .T. ) ;
#4847 = DIRECTION ( 'NONE',  ( 1.000000000000000000, -1.224646799147353207E-16, 0.0000000000000000000 ) ) ;
#4848 = CARTESIAN_POINT ( 'NONE',  ( 0.0000000000000000000, 1.560000000000000275, -7.728965982074889342E-15 ) ) ;
#4849 = ADVANCED_FACE ( 'NONE', ( #581 ), #4437, .T. ) ;
#4850 = DIRECTION ( 'NONE',  ( 0.0000000000000000000, 0.0000000000000000000, 1.000000000000000000 ) ) ;
#4851 =( NAMED_UNIT ( * ) SI_UNIT ( $, .STERADIAN. ) SOLID_ANGLE_UNIT ( ) );
#4852 =( NAMED_UNIT ( * ) SI_UNIT ( $, .STERADIAN. ) SOLID_ANGLE_UNIT ( ) );
#4853 = CARTESIAN_POINT ( 'NONE',  ( 8.957924419191279242, 6.384681414832980018, 5.464040407139520106 ) ) ;
#4854 = EDGE_LOOP ( 'NONE', ( #4386, #8150, #879, #4769 ) ) ;
#4855 = AXIS2_PLACEMENT_3D ( 'NONE', #2657, #5824, #4422 ) ;
#4856 = DIRECTION ( 'NONE',  ( 1.000000000000000000, 0.0000000000000000000, 0.0000000000000000000 ) ) ;
#4857 = ORIENTED_EDGE ( 'NONE', *, *, #10020, .F. ) ;
#4858 = LINE ( 'NONE', #9728, #5379 ) ;
#4859 = CARTESIAN_POINT ( 'NONE',  ( 1.023102752130522486, 6.379062758813164535, 5.679065084668725838 ) ) ;
#4860 = EDGE_CURVE ( 'NONE', #6176, #6510, #3669, .T. ) ;
#4861 = EDGE_CURVE ( 'NONE', #6169, #10152, #6616, .T. ) ;
#4862 = AXIS2_PLACEMENT_3D ( 'NONE', #5049, #5239, #2079 ) ;
#4863 = DIRECTION ( 'NONE',  ( -1.000000000000000000, 0.0000000000000000000, 0.0000000000000000000 ) ) ;
#4864 = CARTESIAN_POINT ( 'NONE',  ( -5.000000000000000000, 0.0000000000000000000, 0.0000000000000000000 ) ) ;
#4865 = CARTESIAN_POINT ( 'NONE',  ( 7.500000000000000000, 2.500000000000000444, 9.999999999999992895 ) ) ;
#4866 = CARTESIAN_POINT ( 'NONE',  ( 8.907389140044557507, 3.850000000000010303, 9.500000000000031974 ) ) ;
#4867 = PLANE ( 'NONE',  #3847 ) ;
#4868 = ORIENTED_EDGE ( 'NONE', *, *, #9774, .T. ) ;
#4869 = CARTESIAN_POINT ( 'NONE',  ( -1.143990033716241639, 3.850000000000010303, 9.500000000000010658 ) ) ;
#4870 = EDGE_LOOP ( 'NONE', ( #6441, #6688 ) ) ;
#4871 = DIRECTION ( 'NONE',  ( 0.3481553119113969808, 0.8703882797784889824, 0.3481553119113949823 ) ) ;
#4872 = SURFACE_STYLE_FILL_AREA ( #4924 ) ;
#4873 = EDGE_CURVE ( 'NONE', #8912, #9598, #6845, .T. ) ;
#4874 = CARTESIAN_POINT ( 'NONE',  ( -5.000000000000000000, 0.6500000000000001332, 6.388051065821461094 ) ) ;
#4875 = VERTEX_POINT ( 'NONE', #1624 ) ;
#4876 = FACE_OUTER_BOUND ( 'NONE', #3194, .T. ) ;
#4877 = DIRECTION ( 'NONE',  ( 1.000000000000000000, 0.0000000000000000000, 0.0000000000000000000 ) ) ;
#4878 = ORIENTED_EDGE ( 'NONE', *, *, #4461, .T. ) ;
#4879 = EDGE_LOOP ( 'NONE', ( #120, #9143, #4902, #9454 ) ) ;
#4880 = CARTESIAN_POINT ( 'NONE',  ( 1.047237146905954486, 6.457750997099133805, 5.432878492312099183 ) ) ;
#4881 = DIRECTION ( 'NONE',  ( -0.2722442098535290400, 0.0000000000000000000, -0.9622281902964742173 ) ) ;
#4882 = CARTESIAN_POINT ( 'NONE',  ( 6.143990033716241861, 3.850000000000008527, 9.500000000000000000 ) ) ;
#4883 = CARTESIAN_POINT ( 'NONE',  ( 4.206355740440960389, 6.087469401107320266, 5.606250910350270011 ) ) ;
#4884 = VERTEX_POINT ( 'NONE', #4796 ) ;
#4885 = ORIENTED_EDGE ( 'NONE', *, *, #4985, .F. ) ;
#4886 = DIRECTION ( 'NONE',  ( 0.0000000000000000000, 0.0000000000000000000, 1.000000000000000000 ) ) ;
#4887 = ORIENTED_EDGE ( 'NONE', *, *, #5333, .T. ) ;
#4888 = EDGE_CURVE ( 'NONE', #7266, #3896, #9448, .T. ) ;
#4889 = CARTESIAN_POINT ( 'NONE',  ( 3.986631417075431560, 6.290959454332278433, 5.697427312480218831 ) ) ;
#4890 = VECTOR ( 'NONE', #9575, 1000.000000000000000 ) ;
#4891 = CARTESIAN_POINT ( 'NONE',  ( -0.9371073885649334745, 3.850000000000010303, 9.314249409999250773 ) ) ;
#4892 = VERTEX_POINT ( 'NONE', #8531 ) ;
#4893 = EDGE_CURVE ( 'NONE', #8816, #2587, #155, .T. ) ;
#4894 = CARTESIAN_POINT ( 'NONE',  ( 3.995650848407130251, 6.249999999999960032, 5.507834059304349772 ) ) ;
#4895 = CYLINDRICAL_SURFACE ( 'NONE', #756, 0.5000000000000000000 ) ;
#4896 =( GEOMETRIC_REPRESENTATION_CONTEXT ( 3 ) GLOBAL_UNCERTAINTY_ASSIGNED_CONTEXT ( ( #9926 ) ) GLOBAL_UNIT_ASSIGNED_CONTEXT ( ( #9258, #8491, #7111 ) ) REPRESENTATION_CONTEXT ( 'NONE', 'WORKASPACE' ) );
#4897 = LINE ( 'NONE', #7977, #7393 ) ;
#4898 = PLANE ( 'NONE',  #530 ) ;
#4899 = CARTESIAN_POINT ( 'NONE',  ( 8.977355748483210718, 6.378927027922910220, 5.621778233683960124 ) ) ;
#4900 = VERTEX_POINT ( 'NONE', #10085 ) ;
#4901 = LINE ( 'NONE', #5675, #6087 ) ;
#4902 = ORIENTED_EDGE ( 'NONE', *, *, #9932, .T. ) ;
#4903 = CARTESIAN_POINT ( 'NONE',  ( 2.500000000000000000, 4.250000000000009770, 9.300000000000000711 ) ) ;
#4904 = STYLED_ITEM ( 'NONE', ( #5769 ), #755 ) ;
#4905 = ADVANCED_FACE ( 'NONE', ( #684 ), #8679, .F. ) ;
#4906 = ORIENTED_EDGE ( 'NONE', *, *, #7648, .F. ) ;
#4907 = DIRECTION ( 'NONE',  ( 3.614007241618348771E-16, 0.0000000000000000000, -1.000000000000000000 ) ) ;
#4908 = CARTESIAN_POINT ( 'NONE',  ( 3.549999999999999822, -1.462314593354880232, 3.990870176997169949 ) ) ;
#4909 = CARTESIAN_POINT ( 'NONE',  ( 10.50000000000000000, 0.6613248654051859798, 6.200000000000001066 ) ) ;
#4910 = AXIS2_PLACEMENT_3D ( 'NONE', #9496, #7312, #2458 ) ;
#4911 = DIRECTION ( 'NONE',  ( 0.8660254037844391517, 0.4999999999999990563, 0.0000000000000000000 ) ) ;
#4912 = DIRECTION ( 'NONE',  ( 0.0000000000000000000, 1.000000000000000000, 0.0000000000000000000 ) ) ;
#4913 = EDGE_LOOP ( 'NONE', ( #8349, #10008, #6254, #7894, #6421, #9836, #9764, #2000, #9891, #1808, #5018, #2090, #3283, #1283, #800 ) ) ;
#4914 = ORIENTED_EDGE ( 'NONE', *, *, #2223, .T. ) ;
#4915 = ADVANCED_FACE ( 'NONE', ( #3202 ), #6760, .T. ) ;
#4916 = EDGE_CURVE ( 'NONE', #9915, #5782, #429, .T. ) ;
#4917 = FACE_OUTER_BOUND ( 'NONE', #1050, .T. ) ;
#4918 = SURFACE_SIDE_STYLE ('',( #8926 ) ) ;
#4919 = ORIENTED_EDGE ( 'NONE', *, *, #6412, .T. ) ;
#4920 = ORIENTED_EDGE ( 'NONE', *, *, #3596, .T. ) ;
#4921 = CIRCLE ( 'NONE', #9012, 0.2999999999999999334 ) ;
#4922 =( BOUNDED_CURVE ( )  B_SPLINE_CURVE ( 3, ( #1836, #8675, #7918, #5605 ),
 .UNSPECIFIED., .F., .T. ) 
 B_SPLINE_CURVE_WITH_KNOTS ( ( 4, 4 ),
 ( 1.617317421061991167, 1.640609496874676276 ),
 .UNSPECIFIED. ) 
 CURVE ( )  GEOMETRIC_REPRESENTATION_ITEM ( )  RATIONAL_B_SPLINE_CURVE ( ( 1.000000000000000000, 0.9999547904446798308, 0.9999547904446798308, 1.000000000000000000 ) ) 
 REPRESENTATION_ITEM ( '' )  );
#4923 =( BOUNDED_CURVE ( )  B_SPLINE_CURVE ( 3, ( #5623, #1057, #4298, #7982 ),
 .UNSPECIFIED., .F., .T. ) 
 B_SPLINE_CURVE_WITH_KNOTS ( ( 4, 4 ),
 ( 4.782202150464451407, 5.075476764891775794 ),
 .UNSPECIFIED. ) 
 CURVE ( )  GEOMETRIC_REPRESENTATION_ITEM ( )  RATIONAL_B_SPLINE_CURVE ( ( 1.000000000000000000, 0.9928453341064031878, 0.9928453341064031878, 1.000000000000000000 ) ) 
 REPRESENTATION_ITEM ( '' )  );
#4924 = FILL_AREA_STYLE ('',( #5640 ) ) ;
#4925 = CARTESIAN_POINT ( 'NONE',  ( 3.942782050534520799, 6.518894125888145652, 5.379130966345494258 ) ) ;
#4926 = COLOUR_RGB ( '',0.2862745098039215508, 0.6431372549019607199, 0.8666666666666666963 ) ;
#4927 = FACE_OUTER_BOUND ( 'NONE', #3775, .T. ) ;
#4928 = EDGE_LOOP ( 'NONE', ( #7759, #8828, #7474, #5168 ) ) ;
#4929 = CARTESIAN_POINT ( 'NONE',  ( 0.0000000000000000000, 1.560000000000000275, 6.200000000000001066 ) ) ;
#4930 = DIRECTION ( 'NONE',  ( 1.000000000000000000, 0.0000000000000000000, 0.0000000000000000000 ) ) ;
#4931 = VECTOR ( 'NONE', #8351, 1000.000000000000000 ) ;
#4932 = ORIENTED_EDGE ( 'NONE', *, *, #2126, .F. ) ;
#4933 = EDGE_LOOP ( 'NONE', ( #2945, #2221, #6069, #8168 ) ) ;
#4934 = DIRECTION ( 'NONE',  ( 6.323770134184271214E-17, -0.9848077530122081313, -0.1736481776669300259 ) ) ;
#4935 = ADVANCED_FACE ( 'NONE', ( #5613 ), #8390, .T. ) ;
#4936 = AXIS2_PLACEMENT_3D ( 'NONE', #8485, #1418, #4694 ) ;
#4937 = DIRECTION ( 'NONE',  ( -0.9622281902964742173, 0.0000000000000000000, 0.2722442098535290400 ) ) ;
#4938 = ORIENTED_EDGE ( 'NONE', *, *, #8930, .T. ) ;
#4939 = DIRECTION ( 'NONE',  ( 1.000000000000000000, 0.0000000000000000000, 3.641714079092569968E-16 ) ) ;
#4940 = EDGE_LOOP ( 'NONE', ( #3942, #226, #994, #4938 ) ) ;
#4941 = AXIS2_PLACEMENT_3D ( 'NONE', #8152, #3372, #5080 ) ;
#4942 = CARTESIAN_POINT ( 'NONE',  ( -2.500000000000000000, 4.250000000000009770, 8.100000000000010303 ) ) ;
#4943 = VERTEX_POINT ( 'NONE', #8743 ) ;
#4944 = VECTOR ( 'NONE', #1081, 1000.000000000000000 ) ;
#4945 = ADVANCED_BREP_SHAPE_REPRESENTATION ( '', ( #4585, #7559 ), #8227 ) ;
#4946 = STYLED_ITEM ( 'NONE', ( #2827 ), #720 ) ;
#4947 = AXIS2_PLACEMENT_3D ( 'NONE', #5237, #4378, #9809 ) ;
#4948 = DIRECTION ( 'NONE',  ( 0.0000000000000000000, 1.000000000000000000, 0.0000000000000000000 ) ) ;
#4949 = VECTOR ( 'NONE', #9286, 1000.000000000000000 ) ;
#4950 = CARTESIAN_POINT ( 'NONE',  ( -4.006215362872470820, 6.250000000000009770, 5.675366343103219968 ) ) ;
#4951 = DIRECTION ( 'NONE',  ( -5.152643988049929844E-16, 0.0000000000000000000, -1.000000000000000000 ) ) ;
#4952 = EDGE_LOOP ( 'NONE', ( #9025, #6056, #9737, #157, #4208, #1859, #6351 ) ) ;
#4953 = CARTESIAN_POINT ( 'NONE',  ( 4.006245792511180071, 6.250000000000031086, 5.665502260967819836 ) ) ;
#4954 = PRESENTATION_LAYER_ASSIGNMENT (  '', '', ( #8532 ) ) ;
#4955 = CARTESIAN_POINT ( 'NONE',  ( 1.449999999999999956, -1.462314593354880232, 3.990870176997180607 ) ) ;
#4956 = PRESENTATION_LAYER_ASSIGNMENT (  '', '', ( #9357 ) ) ;
#4957 = CYLINDRICAL_SURFACE ( 'NONE', #6942, 0.2999999999999999334 ) ;
#4958 = DIRECTION ( 'NONE',  ( 0.0000000000000000000, 0.0000000000000000000, -1.000000000000000000 ) ) ;
#4959 = VERTEX_POINT ( 'NONE', #1678 ) ;
#4960 = DIRECTION ( 'NONE',  ( 1.717547996016639994E-16, 0.0000000000000000000, 1.000000000000000000 ) ) ;
#4961 = PRESENTATION_STYLE_ASSIGNMENT (( #1786 ) ) ;
#4962 = ORIENTED_EDGE ( 'NONE', *, *, #2431, .T. ) ;
#4963 = DIRECTION ( 'NONE',  ( 0.0000000000000000000, 0.0000000000000000000, -1.000000000000000000 ) ) ;
#4964 = ORIENTED_EDGE ( 'NONE', *, *, #3450, .T. ) ;
#4965 = CARTESIAN_POINT ( 'NONE',  ( 3.254835393828189982, 6.973925928331420110, 2.947631442961020198 ) ) ;
#4966 = AXIS2_PLACEMENT_3D ( 'NONE', #5663, #9492, #1675 ) ;
#4967 = DIRECTION ( 'NONE',  ( 0.0000000000000000000, -1.000000000000000000, 0.0000000000000000000 ) ) ;
#4968 = AXIS2_PLACEMENT_3D ( 'NONE', #7022, #5439, #8616 ) ;
#4969 = CIRCLE ( 'NONE', #3792, 0.5000000000000000000 ) ;
#4970 = ADVANCED_FACE ( 'NONE', ( #9343 ), #634, .T. ) ;
#4971 = CARTESIAN_POINT ( 'NONE',  ( 2.500000000000000000, 4.250000000000009770, 8.000000000000010658 ) ) ;
#4972 = VECTOR ( 'NONE', #3333, 1000.000000000000000 ) ;
#4973 = CARTESIAN_POINT ( 'NONE',  ( 0.8992189406417899766, 4.650000000000010125, 8.800000000000000711 ) ) ;
#4974 = AXIS2_PLACEMENT_3D ( 'NONE', #8857, #1010, #7327 ) ;
#4975 = UNCERTAINTY_MEASURE_WITH_UNIT (LENGTH_MEASURE( 1.000000000000000082E-05 ), #5338, 'distance_accuracy_value', 'NONE');
#4976 = CARTESIAN_POINT ( 'NONE',  ( 5.937107388568626298, 3.850000000000009415, 9.314249409997639617 ) ) ;
#4977 = EDGE_CURVE ( 'NONE', #2115, #3153, #3976, .T. ) ;
#4978 = VERTEX_POINT ( 'NONE', #3920 ) ;
#4979 = ORIENTED_EDGE ( 'NONE', *, *, #7651, .F. ) ;
#4980 = PRESENTATION_STYLE_ASSIGNMENT (( #5030 ) ) ;
#4981 = PRESENTATION_STYLE_ASSIGNMENT (( #7994 ) ) ;
#4982 = DIRECTION ( 'NONE',  ( 0.0000000000000000000, 0.0000000000000000000, -1.000000000000000000 ) ) ;
#4983 = EDGE_LOOP ( 'NONE', ( #3728, #8554, #691, #7122 ) ) ;
#4984 = COLOUR_RGB ( '',0.2862745098039215508, 0.6431372549019607199, 0.8666666666666666963 ) ;
#4985 = EDGE_CURVE ( 'NONE', #6986, #7355, #9208, .T. ) ;
#4986 = EDGE_CURVE ( 'NONE', #5981, #5006, #7102, .T. ) ;
#4987 = DIRECTION ( 'NONE',  ( 0.9284766908852588596, 0.3713906763541049982, -4.784109839334419496E-16 ) ) ;
#4988 = DIRECTION ( 'NONE',  ( -5.152643988049929844E-16, 0.0000000000000000000, -1.000000000000000000 ) ) ;
#4989 = FACE_OUTER_BOUND ( 'NONE', #9014, .T. ) ;
#4990 = DIRECTION ( 'NONE',  ( -6.323770134184271214E-17, -0.9848077530122081313, -0.1736481776669300259 ) ) ;
#4991 = ORIENTED_EDGE ( 'NONE', *, *, #9267, .F. ) ;
#4992 = PLANE ( 'NONE',  #4304 ) ;
#4993 = AXIS2_PLACEMENT_3D ( 'NONE', #2443, #4937, #4881 ) ;
#4994 = CARTESIAN_POINT ( 'NONE',  ( 6.128298252077120090, 6.620978138265459556, 5.127902589497660202 ) ) ;
#4995 = ORIENTED_EDGE ( 'NONE', *, *, #7972, .T. ) ;
#4996 = ORIENTED_EDGE ( 'NONE', *, *, #776, .T. ) ;
#4997 = CARTESIAN_POINT ( 'NONE',  ( 1.447367575152527008, 6.900324961960823344, 4.000174299198464567 ) ) ;
#4998 = PRESENTATION_LAYER_ASSIGNMENT (  '', '', ( #2991 ) ) ;
#4999 = ORIENTED_EDGE ( 'NONE', *, *, #8666, .T. ) ;
#5000 = EDGE_CURVE ( 'NONE', #7198, #2138, #9895, .T. ) ;
#5001 = SURFACE_STYLE_FILL_AREA ( #8891 ) ;
#5002 = CARTESIAN_POINT ( 'NONE',  ( 0.3549999999999999822, 0.7350406544375860385, -7.728965982074889342E-15 ) ) ;
#5003 =( NAMED_UNIT ( * ) SI_UNIT ( $, .STERADIAN. ) SOLID_ANGLE_UNIT ( ) );
#5004 = EDGE_LOOP ( 'NONE', ( #707, #5119, #2224, #2922 ) ) ;
#5005 = FACE_OUTER_BOUND ( 'NONE', #229, .T. ) ;
#5006 = VERTEX_POINT ( 'NONE', #6433 ) ;
#5007 = AXIS2_PLACEMENT_3D ( 'NONE', #5166, #6883, #6117 ) ;
#5008 = PLANE ( 'NONE',  #2040 ) ;
#5009 = CARTESIAN_POINT ( 'NONE',  ( 0.9938586087084645415, 6.250000000000043521, 5.699344090454423473 ) ) ;
#5010 = ORIENTED_EDGE ( 'NONE', *, *, #6832, .F. ) ;
#5011 = AXIS2_PLACEMENT_3D ( 'NONE', #6927, #1597, #6253 ) ;
#5012 = DIRECTION ( 'NONE',  ( 0.0000000000000000000, 0.0000000000000000000, 1.000000000000000000 ) ) ;
#5013 = CARTESIAN_POINT ( 'NONE',  ( 1.447367575152528341, 6.900324961960824233, 4.000174299198468120 ) ) ;
#5014 = DIRECTION ( 'NONE',  ( -6.323770134184271214E-17, 0.9848077530122081313, 0.1736481776669300259 ) ) ;
#5015 = EDGE_CURVE ( 'NONE', #2378, #4735, #7910, .T. ) ;
#5016 = DIRECTION ( 'NONE',  ( 0.0000000000000000000, 0.0000000000000000000, 1.000000000000000000 ) ) ;
#5017 = ORIENTED_EDGE ( 'NONE', *, *, #7217, .F. ) ;
#5018 = ORIENTED_EDGE ( 'NONE', *, *, #1341, .T. ) ;
#5019 = PLANE ( 'NONE',  #8823 ) ;
#5020 = PLANE ( 'NONE',  #7886 ) ;
#5021 = STYLED_ITEM ( 'NONE', ( #6612 ), #6995 ) ;
#5022 = ADVANCED_FACE ( 'NONE', ( #9556 ), #4070, .F. ) ;
#5023 = DIRECTION ( 'NONE',  ( -3.641714079092569968E-16, 0.0000000000000000000, -1.000000000000000000 ) ) ;
#5024 = LINE ( 'NONE', #74, #2291 ) ;
#5025 = CARTESIAN_POINT ( 'NONE',  ( 6.005392207408168481, 6.250000000000030198, 5.499015461808848038 ) ) ;
#5026 = DIRECTION ( 'NONE',  ( -1.000000000000000000, 0.0000000000000000000, 0.0000000000000000000 ) ) ;
#5027 = DIRECTION ( 'NONE',  ( 0.0000000000000000000, 0.0000000000000000000, -1.000000000000000000 ) ) ;
#5028 = ORIENTED_EDGE ( 'NONE', *, *, #1487, .T. ) ;
#5029 = ORIENTED_EDGE ( 'NONE', *, *, #258, .T. ) ;
#5030 = SURFACE_STYLE_USAGE ( .BOTH. , #1861 ) ;
#5031 = DIRECTION ( 'NONE',  ( 0.0000000000000000000, -1.000000000000000000, -3.965082230804130614E-15 ) ) ;
#5032 = EDGE_CURVE ( 'NONE', #6359, #6311, #4283, .T. ) ;
#5033 = ORIENTED_EDGE ( 'NONE', *, *, #9303, .F. ) ;
#5034 = VECTOR ( 'NONE', #4063, 1000.000000000000000 ) ;
#5035 = EDGE_CURVE ( 'NONE', #2125, #6260, #4172, .T. ) ;
#5036 = CYLINDRICAL_SURFACE ( 'NONE', #6574, 0.5000000000000000000 ) ;
#5037 = FACE_OUTER_BOUND ( 'NONE', #10005, .T. ) ;
#5038 = ORIENTED_EDGE ( 'NONE', *, *, #7062, .F. ) ;
#5039 = DIRECTION ( 'NONE',  ( 1.000000000000000000, 0.0000000000000000000, 0.0000000000000000000 ) ) ;
#5040 = VERTEX_POINT ( 'NONE', #4186 ) ;
#5041 = VERTEX_POINT ( 'NONE', #887 ) ;
#5042 = FILL_AREA_STYLE ('',( #7501 ) ) ;
#5043 = EDGE_CURVE ( 'NONE', #2425, #6083, #2485, .T. ) ;
#5044 = DIRECTION ( 'NONE',  ( 0.0000000000000000000, -1.000000000000000000, 0.0000000000000000000 ) ) ;
#5045 = LINE ( 'NONE', #2704, #9507 ) ;
#5046 = ORIENTED_EDGE ( 'NONE', *, *, #6477, .F. ) ;
#5047 = LINE ( 'NONE', #7406, #9858 ) ;
#5048 = CARTESIAN_POINT ( 'NONE',  ( 4.500000000000000888, 5.950000000000040146, 3.291739462922410375 ) ) ;
#5049 = CARTESIAN_POINT ( 'NONE',  ( 7.500000000000000000, 4.250000000000031086, 0.7499999999999960032 ) ) ;
#5050 = EDGE_CURVE ( 'NONE', #1268, #3891, #1992, .T. ) ;
#5051 = ORIENTED_EDGE ( 'NONE', *, *, #4398, .F. ) ;
#5052 = DIRECTION ( 'NONE',  ( -1.000000000000000000, 0.0000000000000000000, 0.0000000000000000000 ) ) ;
#5053 = EDGE_CURVE ( 'NONE', #2802, #8575, #6533, .T. ) ;
#5054 = APPLICATION_CONTEXT ( 'automotive_design' ) ;
#5055 = CARTESIAN_POINT ( 'NONE',  ( 8.856009966283759027, 4.650000000000010125, 9.500000000000000000 ) ) ;
#5056 = DIRECTION ( 'NONE',  ( 0.0000000000000000000, -1.000000000000000000, 0.0000000000000000000 ) ) ;
#5057 = CARTESIAN_POINT ( 'NONE',  ( 9.750000000000000000, 7.750000000000000000, 0.4500000000000020095 ) ) ;
#5058 = DIRECTION ( 'NONE',  ( -1.000000000000000000, 0.0000000000000000000, -3.641714079092569968E-16 ) ) ;
#5059 = AXIS2_PLACEMENT_3D ( 'NONE', #2105, #7626, #3716 ) ;
#5060 = FACE_OUTER_BOUND ( 'NONE', #2997, .T. ) ;
#5061 = CARTESIAN_POINT ( 'NONE',  ( -5.000000000000000000, 6.436102000195529804, 9.999999999999989342 ) ) ;
#5062 = CARTESIAN_POINT ( 'NONE',  ( 6.107736519411112397, 6.816384655952807847, 5.200576600905339575 ) ) ;
#5063 = ORIENTED_EDGE ( 'NONE', *, *, #8122, .T. ) ;
#5064 = ORIENTED_EDGE ( 'NONE', *, *, #7898, .T. ) ;
#5065 = CARTESIAN_POINT ( 'NONE',  ( 7.500000000000000000, 4.250000000000031086, -4.349999999999999645 ) ) ;
#5066 = DIRECTION ( 'NONE',  ( 0.0000000000000000000, -1.000000000000000000, 0.0000000000000000000 ) ) ;
#5067 = STYLED_ITEM ( 'NONE', ( #3875 ), #405 ) ;
#5068 = DIRECTION ( 'NONE',  ( -1.000000000000000000, 0.0000000000000000000, 0.0000000000000000000 ) ) ;
#5069 = CARTESIAN_POINT ( 'NONE',  ( -5.500000000000000000, 6.820490948317419644, 5.141853884246501138 ) ) ;
#5070 = CARTESIAN_POINT ( 'NONE',  ( 6.091769397758586280, 6.595770259307300876, 5.257011279829166384 ) ) ;
#5071 = B_SPLINE_CURVE_WITH_KNOTS ( 'NONE', 3,
 ( #2535, #4925, #5746, #1910 ),
 .UNSPECIFIED., .F., .F.,
 ( 4, 4 ),
 ( 1.226634733346699349E-18, 0.0002372961508671618210 ),
 .UNSPECIFIED. ) ;
#5072 =( NAMED_UNIT ( * ) PLANE_ANGLE_UNIT ( ) SI_UNIT ( $, .RADIAN. ) );
#5073 = UNCERTAINTY_MEASURE_WITH_UNIT (LENGTH_MEASURE( 1.000000000000000082E-05 ), #4336, 'distance_accuracy_value', 'NONE');
#5074 = CARTESIAN_POINT ( 'NONE',  ( 15.00000000000000000, 0.6500000000000001332, 6.388051065821461094 ) ) ;
#5075 = VERTEX_POINT ( 'NONE', #7975 ) ;
#5076 = ORIENTED_EDGE ( 'NONE', *, *, #6710, .F. ) ;
#5077 = CARTESIAN_POINT ( 'NONE',  ( 7.500000000000000000, 2.550000000114664545, 8.099999999999999645 ) ) ;
#5078 = VECTOR ( 'NONE', #4523, 1000.000000000000000 ) ;
#5079 = DIRECTION ( 'NONE',  ( 0.0000000000000000000, 0.0000000000000000000, -1.000000000000000000 ) ) ;
#5080 = DIRECTION ( 'NONE',  ( 0.0000000000000000000, -1.000000000000000000, 0.0000000000000000000 ) ) ;
#5081 = AXIS2_PLACEMENT_3D ( 'NONE', #4354, #9201, #6846 ) ;
#5082 = CARTESIAN_POINT ( 'NONE',  ( 10.00000000000000000, 1.550000000000000266, 6.200000000000001066 ) ) ;
#5083 =( NAMED_UNIT ( * ) SI_UNIT ( $, .STERADIAN. ) SOLID_ANGLE_UNIT ( ) );
#5084 = DIRECTION ( 'NONE',  ( 0.5000000000000009992, 0.8660254037844380415, 0.0000000000000000000 ) ) ;
#5085 = EDGE_LOOP ( 'NONE', ( #10219, #1895, #10208, #2957 ) ) ;
#5086 = FACE_OUTER_BOUND ( 'NONE', #1610, .T. ) ;
#5087 = CARTESIAN_POINT ( 'NONE',  ( 5.450000000000000178, 2.200000000000000178, 0.6500000000000040190 ) ) ;
#5088 = AXIS2_PLACEMENT_3D ( 'NONE', #1509, #2912, #3736 ) ;
#5089 = EDGE_LOOP ( 'NONE', ( #1202, #6754, #6001, #2393 ) ) ;
#5090 =( LENGTH_UNIT ( ) NAMED_UNIT ( * ) SI_UNIT ( .MILLI., .METRE. ) );
#5091 = B_SPLINE_CURVE_WITH_KNOTS ( 'NONE', 3,
 ( #7864, #8579, #10184, #3027, #785, #6124 ),
 .UNSPECIFIED., .F., .F.,
 ( 4, 2, 4 ),
 ( 8.673617379884035472E-19, 0.0002833620163781360455, 0.0005667240327562712236 ),
 .UNSPECIFIED. ) ;
#5092 = CARTESIAN_POINT ( 'NONE',  ( 0.4500000000000000666, 2.200000000000000178, 0.6500000000000010214 ) ) ;
#5093 = VECTOR ( 'NONE', #7011, 1000.000000000000000 ) ;
#5094 = DIRECTION ( 'NONE',  ( 0.0000000000000000000, 0.0000000000000000000, -1.000000000000000000 ) ) ;
#5095 = ADVANCED_FACE ( 'NONE', ( #2604 ), #8955, .F. ) ;
#5096 = AXIS2_PLACEMENT_3D ( 'NONE', #4307, #131, #1900 ) ;
#5097 = ORIENTED_EDGE ( 'NONE', *, *, #2820, .F. ) ;
#5098 = CARTESIAN_POINT ( 'NONE',  ( -3.553947254147849844, 6.900000000000019895, 4.004821471746000228 ) ) ;
#5099 = CARTESIAN_POINT ( 'NONE',  ( 1.041844086465574692, 6.384612859889100100, 5.465433459372670555 ) ) ;
#5100 = ORIENTED_EDGE ( 'NONE', *, *, #7304, .F. ) ;
#5101 = CARTESIAN_POINT ( 'NONE',  ( 0.0000000000000000000, 7.750000000000000000, -2.576321994024960090E-15 ) ) ;
#5102 = ADVANCED_FACE ( 'NONE', ( #4282 ), #8256, .T. ) ;
#5103 = ORIENTED_EDGE ( 'NONE', *, *, #8996, .T. ) ;
#5104 = ORIENTED_EDGE ( 'NONE', *, *, #9084, .T. ) ;
#5105 = DIRECTION ( 'NONE',  ( 0.0000000000000000000, 0.0000000000000000000, -1.000000000000000000 ) ) ;
#5106 = FILL_AREA_STYLE_COLOUR ( '', #4463 ) ;
#5107 = AXIS2_PLACEMENT_3D ( 'NONE', #7154, #6221, #3148 ) ;
#5108 = PLANE ( 'NONE',  #7587 ) ;
#5109 = ADVANCED_FACE ( 'NONE', ( #6115, #9929, #8370, #1360 ), #5108, .F. ) ;
#5110 = LINE ( 'NONE', #4485, #5743 ) ;
#5111 = EDGE_CURVE ( 'NONE', #9651, #5253, #8728, .T. ) ;
#5112 = PLANE ( 'NONE',  #5756 ) ;
#5113 = VERTEX_POINT ( 'NONE', #3565 ) ;
#5114 = COLOUR_RGB ( '',0.2862745098039215508, 0.6431372549019607199, 0.8666666666666666963 ) ;
#5115 = CIRCLE ( 'NONE', #5427, 0.5000000000000000000 ) ;
#5116 = DIRECTION ( 'NONE',  ( 0.0000000000000000000, -1.000000000000000000, 0.0000000000000000000 ) ) ;
#5117 = DIRECTION ( 'NONE',  ( 0.0000000000000000000, -0.9284766908852596368, 0.3713906763541028888 ) ) ;
#5118 = ORIENTED_EDGE ( 'NONE', *, *, #2701, .F. ) ;
#5119 = ORIENTED_EDGE ( 'NONE', *, *, #395, .T. ) ;
#5120 = SURFACE_STYLE_USAGE ( .BOTH. , #480 ) ;
#5121 = CARTESIAN_POINT ( 'NONE',  ( -1.449999999999999956, -1.462314593354880232, 2.800000000000019806 ) ) ;
#5122 = B_SPLINE_CURVE_WITH_KNOTS ( 'NONE', 3,
 ( #9179, #8419, #6154, #2277 ),
 .UNSPECIFIED., .F., .F.,
 ( 4, 4 ),
 ( 0.0000000000000000000, 0.0002372961508686954792 ),
 .UNSPECIFIED. ) ;
#5123 = CIRCLE ( 'NONE', #8031, 0.4000000000000001887 ) ;
#5124 = CIRCLE ( 'NONE', #4610, 1.413776159319739989 ) ;
#5125 = VECTOR ( 'NONE', #7003, 1000.000000000000000 ) ;
#5126 = AXIS2_PLACEMENT_3D ( 'NONE', #9798, #6566, #8311 ) ;
#5127 = DIRECTION ( 'NONE',  ( 1.000000000000000000, 0.0000000000000000000, -5.152643988049929844E-16 ) ) ;
#5128 = PLANE ( 'NONE',  #6879 ) ;
#5129 = DIRECTION ( 'NONE',  ( 0.0000000000000000000, 0.0000000000000000000, -1.000000000000000000 ) ) ;
#5130 = CIRCLE ( 'NONE', #5282, 0.2999999999999999334 ) ;
#5131 = FACE_OUTER_BOUND ( 'NONE', #9395, .T. ) ;
#5132 = VERTEX_POINT ( 'NONE', #8236 ) ;
#5133 = CIRCLE ( 'NONE', #4968, 1.613267899285889984 ) ;
#5134 = SURFACE_SIDE_STYLE ('',( #4545 ) ) ;
#5135 = AXIS2_PLACEMENT_3D ( 'NONE', #7698, #7143, #3077 ) ;
#5136 = CARTESIAN_POINT ( 'NONE',  ( 9.100781059358210356, 3.850000000000010303, 8.800000000000000711 ) ) ;
#5137 = VECTOR ( 'NONE', #2006, 1000.000000000000000 ) ;
#5138 = DIRECTION ( 'NONE',  ( -4.311199699514559827E-15, 1.000000000000000000, 0.0000000000000000000 ) ) ;
#5139 = EDGE_CURVE ( 'NONE', #1546, #10132, #3609, .T. ) ;
#5140 = CARTESIAN_POINT ( 'NONE',  ( -2.500000000000000000, 6.000000000000000000, 9.999999999999996447 ) ) ;
#5141 = CARTESIAN_POINT ( 'NONE',  ( 0.0000000000000000000, 0.0000000000000000000, -2.576321994024960090E-15 ) ) ;
#5142 = ORIENTED_EDGE ( 'NONE', *, *, #10167, .F. ) ;
#5143 =( NAMED_UNIT ( * ) PLANE_ANGLE_UNIT ( ) SI_UNIT ( $, .RADIAN. ) );
#5144 = VECTOR ( 'NONE', #7989, 1000.000000000000000 ) ;
#5145 = ORIENTED_EDGE ( 'NONE', *, *, #9450, .F. ) ;
#5146 = DIRECTION ( 'NONE',  ( 0.0000000000000000000, 0.3713906763541028888, -0.9284766908852596368 ) ) ;
#5147 = ORIENTED_EDGE ( 'NONE', *, *, #7129, .T. ) ;
#5148 = EDGE_CURVE ( 'NONE', #9602, #173, #1167, .T. ) ;
#5149 = AXIS2_PLACEMENT_3D ( 'NONE', #845, #2558, #6538 ) ;
#5150 = CARTESIAN_POINT ( 'NONE',  ( 3.549999999999999822, 6.370920840910899940, 3.569044486294639995 ) ) ;
#5151 = ORIENTED_EDGE ( 'NONE', *, *, #7416, .F. ) ;
#5152 =( NAMED_UNIT ( * ) PLANE_ANGLE_UNIT ( ) SI_UNIT ( $, .RADIAN. ) );
#5153 = DIRECTION ( 'NONE',  ( 1.000000000000000000, 0.0000000000000000000, 0.0000000000000000000 ) ) ;
#5154 = CARTESIAN_POINT ( 'NONE',  ( 0.9060895252062000083, 3.850000000000010303, 8.893318922984189356 ) ) ;
#5155 = LINE ( 'NONE', #3605, #6029 ) ;
#5156 = LINE ( 'NONE', #4380, #4213 ) ;
#5157 = PLANE ( 'NONE',  #5549 ) ;
#5158 = CARTESIAN_POINT ( 'NONE',  ( 5.250000000000000000, 7.750000000000000000, 5.023827888348679650E-15 ) ) ;
#5159 = EDGE_CURVE ( 'NONE', #7355, #6287, #6735, .T. ) ;
#5160 =( GEOMETRIC_REPRESENTATION_CONTEXT ( 3 ) GLOBAL_UNCERTAINTY_ASSIGNED_CONTEXT ( ( #8552 ) ) GLOBAL_UNIT_ASSIGNED_CONTEXT ( ( #4823, #816, #148 ) ) REPRESENTATION_CONTEXT ( 'NONE', 'WORKASPACE' ) );
#5161 = ORIENTED_EDGE ( 'NONE', *, *, #4374, .F. ) ;
#5162 = EDGE_CURVE ( 'NONE', #3964, #5132, #6447, .T. ) ;
#5163 = ORIENTED_EDGE ( 'NONE', *, *, #9227, .T. ) ;
#5164 = DIRECTION ( 'NONE',  ( 1.717547996016639994E-16, 0.0000000000000000000, 1.000000000000000000 ) ) ;
#5165 = FACE_OUTER_BOUND ( 'NONE', #4722, .T. ) ;
#5166 = CARTESIAN_POINT ( 'NONE',  ( 2.500000000000000000, 4.250000000000000000, 10.00000000000000000 ) ) ;
#5167 = DIRECTION ( 'NONE',  ( 0.0000000000000000000, 0.0000000000000000000, -1.000000000000000000 ) ) ;
#5168 = ORIENTED_EDGE ( 'NONE', *, *, #9093, .F. ) ;
#5169 = DIRECTION ( 'NONE',  ( 1.000000000000000000, 0.0000000000000000000, -4.231032868236119855E-16 ) ) ;
#5170 = EDGE_LOOP ( 'NONE', ( #6637, #80, #37, #4919 ) ) ;
#5171 = CARTESIAN_POINT ( 'NONE',  ( 4.006141391221530235, 6.250000000000031974, 5.699344090454337319 ) ) ;
#5172 = ADVANCED_FACE ( 'NONE', ( #8284 ), #7512, .T. ) ;
#5173 = MECHANICAL_DESIGN_GEOMETRIC_PRESENTATION_REPRESENTATION (  '', ( #841 ), #852 ) ;
#5174 = ADVANCED_FACE ( 'NONE', ( #1263 ), #2154, .T. ) ;
#5175 = DIRECTION ( 'NONE',  ( 0.0000000000000000000, -1.000000000000000000, 0.0000000000000000000 ) ) ;
#5176 = PLANE ( 'NONE',  #9830 ) ;
#5177 = CARTESIAN_POINT ( 'NONE',  ( 2.576979650206510097, 6.669166114049719596, 5.694239332014520372 ) ) ;
#5178 = DIRECTION ( 'NONE',  ( 0.0000000000000000000, 0.0000000000000000000, -1.000000000000000000 ) ) ;
#5179 = CARTESIAN_POINT ( 'NONE',  ( -3.977354811346149877, 6.378927305446330465, 5.621766569588309892 ) ) ;
#5180 = VERTEX_POINT ( 'NONE', #9184 ) ;
#5181 = AXIS2_PLACEMENT_3D ( 'NONE', #6661, #9013, #7527 ) ;
#5182 = CARTESIAN_POINT ( 'NONE',  ( 8.550000000000000711, 6.900812423267500328, 3.990870176997169949 ) ) ;
#5183 = DIRECTION ( 'NONE',  ( 0.0000000000000000000, 0.07124704990663610626, -0.9974586998365402302 ) ) ;
#5184 = ADVANCED_FACE ( 'NONE', ( #6063 ), #2140, .T. ) ;
#5185 = ADVANCED_FACE ( 'NONE', ( #2341 ), #8571, .T. ) ;
#5186 = STYLED_ITEM ( 'NONE', ( #3245 ), #7151 ) ;
#5187 = DIRECTION ( 'NONE',  ( 1.000000000000000000, 0.0000000000000000000, 0.0000000000000000000 ) ) ;
#5188 = PRESENTATION_STYLE_ASSIGNMENT (( #1969 ) ) ;
#5189 = ORIENTED_EDGE ( 'NONE', *, *, #8406, .T. ) ;
#5190 =( NAMED_UNIT ( * ) SI_UNIT ( $, .STERADIAN. ) SOLID_ANGLE_UNIT ( ) );
#5191 = VECTOR ( 'NONE', #7761, 1000.000000000000000 ) ;
#5192 = ORIENTED_EDGE ( 'NONE', *, *, #3586, .T. ) ;
#5193 = CARTESIAN_POINT ( 'NONE',  ( 8.952762705847817415, 6.457752998432074953, 5.432877601038793358 ) ) ;
#5194 = EDGE_CURVE ( 'NONE', #3519, #780, #3499, .T. ) ;
#5195 = CYLINDRICAL_SURFACE ( 'NONE', #2001, 1.399999999999999911 ) ;
#5196 = ORIENTED_EDGE ( 'NONE', *, *, #5519, .T. ) ;
#5197 = FACE_OUTER_BOUND ( 'NONE', #1605, .T. ) ;
#5198 = VERTEX_POINT ( 'NONE', #1607 ) ;
#5199 = PLANE ( 'NONE',  #5895 ) ;
#5200 = CARTESIAN_POINT ( 'NONE',  ( 4.750000000000000000, 7.750000000000000000, 5.700000000000000178 ) ) ;
#5201 = B_SPLINE_CURVE_WITH_KNOTS ( 'NONE', 3,
 ( #9755, #2698, #5193, #8211 ),
 .UNSPECIFIED., .F., .F.,
 ( 4, 4 ),
 ( 1.226634733346699349E-18, 0.0002372961508611061182 ),
 .UNSPECIFIED. ) ;
#5202 = DIRECTION ( 'NONE',  ( 0.0000000000000000000, 0.0000000000000000000, -1.000000000000000000 ) ) ;
#5203 = CARTESIAN_POINT ( 'NONE',  ( 2.500000000000000000, 2.550000000114664545, 8.099999999999999645 ) ) ;
#5204 = SURFACE_STYLE_FILL_AREA ( #9099 ) ;
#5205 = ORIENTED_EDGE ( 'NONE', *, *, #4352, .F. ) ;
#5206 = VECTOR ( 'NONE', #8973, 1000.000000000000000 ) ;
#5207 = FILL_AREA_STYLE ('',( #9101 ) ) ;
#5208 = DIRECTION ( 'NONE',  ( 0.0000000000000000000, 0.9975640502598243087, 0.06975647374412512203 ) ) ;
#5209 = ORIENTED_EDGE ( 'NONE', *, *, #1925, .F. ) ;
#5210 = DIRECTION ( 'NONE',  ( -0.3481553119113940387, -0.8703882797784900927, -0.3481553119113949823 ) ) ;
#5211 = EDGE_CURVE ( 'NONE', #1699, #9666, #3961, .T. ) ;
#5212 = DIRECTION ( 'NONE',  ( -1.000000000000000000, 0.0000000000000000000, 0.0000000000000000000 ) ) ;
#5213 = ORIENTED_EDGE ( 'NONE', *, *, #1178, .T. ) ;
#5214 = PRESENTATION_STYLE_ASSIGNMENT (( #2007 ) ) ;
#5215 = DIRECTION ( 'NONE',  ( 0.0000000000000000000, 0.0000000000000000000, 1.000000000000000000 ) ) ;
#5216 = CARTESIAN_POINT ( 'NONE',  ( 6.005392207408168481, 6.250000000000030198, 5.499015461808848038 ) ) ;
#5217 = CARTESIAN_POINT ( 'NONE',  ( 10.50000000000000000, 0.6613248654051859798, 6.200000000000001066 ) ) ;
#5218 = ORIENTED_EDGE ( 'NONE', *, *, #2095, .F. ) ;
#5219 = PLANE ( 'NONE',  #2532 ) ;
#5220 = CARTESIAN_POINT ( 'NONE',  ( 4.200000000000000178, 3.850000000000010303, 8.800000000000000711 ) ) ;
#5221 = EDGE_CURVE ( 'NONE', #9745, #6811, #1324, .T. ) ;
#5222 = CARTESIAN_POINT ( 'NONE',  ( 9.087037305134389342, 3.850000000000010303, 8.986637655680240755 ) ) ;
#5223 =( GEOMETRIC_REPRESENTATION_CONTEXT ( 3 ) GLOBAL_UNCERTAINTY_ASSIGNED_CONTEXT ( ( #2191 ) ) GLOBAL_UNIT_ASSIGNED_CONTEXT ( ( #7428, #2874, #3705 ) ) REPRESENTATION_CONTEXT ( 'NONE', 'WORKASPACE' ) );
#5224 =( NAMED_UNIT ( * ) SI_UNIT ( $, .STERADIAN. ) SOLID_ANGLE_UNIT ( ) );
#5225 = CARTESIAN_POINT ( 'NONE',  ( 3.972678822233661755, 6.293409039702023478, 5.495964165885549590 ) ) ;
#5226 = CARTESIAN_POINT ( 'NONE',  ( 8.550000000000000711, 5.950000000000040146, 2.800000000000010036 ) ) ;
#5227 = EDGE_CURVE ( 'NONE', #6083, #8575, #9213, .T. ) ;
#5228 = EDGE_CURVE ( 'NONE', #9624, #5041, #3922, .T. ) ;
#5229 = AXIS2_PLACEMENT_3D ( 'NONE', #4278, #2038, #7413 ) ;
#5230 = VERTEX_POINT ( 'NONE', #7139 ) ;
#5231 = ORIENTED_EDGE ( 'NONE', *, *, #7847, .T. ) ;
#5232 = STYLED_ITEM ( 'NONE', ( #5214 ), #1190 ) ;
#5233 = CARTESIAN_POINT ( 'NONE',  ( 1.075900883378422712, 6.782835288287570208, 5.313097438219570812 ) ) ;
#5234 = CARTESIAN_POINT ( 'NONE',  ( 3.924099116621577288, 6.560463200155849606, 5.313097438219570812 ) ) ;
#5235 = CARTESIAN_POINT ( 'NONE',  ( 6.038569758003609955, 6.340207273974517221, 5.485199103683307875 ) ) ;
#5236 = PRESENTATION_LAYER_ASSIGNMENT (  '', '', ( #5404 ) ) ;
#5237 = CARTESIAN_POINT ( 'NONE',  ( -4.200000000000000178, 3.850000000000010303, 8.800000000000009592 ) ) ;
#5238 = CARTESIAN_POINT ( 'NONE',  ( 10.00000000000000000, 1.990236984239069917, 10.00000000000000000 ) ) ;
#5239 = DIRECTION ( 'NONE',  ( 0.0000000000000000000, 0.0000000000000000000, -1.000000000000000000 ) ) ;
#5240 = DIRECTION ( 'NONE',  ( 0.0000000000000000000, 0.9848077530122081313, 0.1736481776669300259 ) ) ;
#5241 = FILL_AREA_STYLE_COLOUR ( '', #8395 ) ;
#5242 = CONICAL_SURFACE ( 'NONE', #1601, 0.2500000000000002220, 0.4636476084710116075 ) ;
#5243 =( BOUNDED_CURVE ( )  B_SPLINE_CURVE ( 3, ( #9488, #6368, #9599, #2451 ),
 .UNSPECIFIED., .F., .T. ) 
 B_SPLINE_CURVE_WITH_KNOTS ( ( 4, 4 ),
 ( 1.640609496874690709, 1.933884111301997777 ),
 .UNSPECIFIED. ) 
 CURVE ( )  GEOMETRIC_REPRESENTATION_ITEM ( )  RATIONAL_B_SPLINE_CURVE ( ( 1.000000000000000000, 0.9928453341064040760, 0.9928453341064040760, 1.000000000000000000 ) ) 
 REPRESENTATION_ITEM ( '' )  );
#5244 = SURFACE_STYLE_FILL_AREA ( #9001 ) ;
#5245 =( NAMED_UNIT ( * ) PLANE_ANGLE_UNIT ( ) SI_UNIT ( $, .RADIAN. ) );
#5246 = CARTESIAN_POINT ( 'NONE',  ( 0.2500000000000000000, 7.750000000000000000, 5.900000000000000355 ) ) ;
#5247 = DIRECTION ( 'NONE',  ( -0.2716300227878299944, -0.06713375248915300075, 0.9600573889080840084 ) ) ;
#5248 = EDGE_LOOP ( 'NONE', ( #6885, #4533, #4375, #7913 ) ) ;
#5249 = DIRECTION ( 'NONE',  ( 1.000000000000000000, 0.0000000000000000000, 0.0000000000000000000 ) ) ;
#5250 = COLOUR_RGB ( '',0.2862745098039215508, 0.6431372549019607199, 0.8666666666666666963 ) ;
#5251 = DIRECTION ( 'NONE',  ( 0.0000000000000000000, 0.0000000000000000000, 1.000000000000000000 ) ) ;
#5252 = CARTESIAN_POINT ( 'NONE',  ( 2.500000000000000000, 2.500000000000019540, 8.000000000000000000 ) ) ;
#5253 = VERTEX_POINT ( 'NONE', #1508 ) ;
#5254 = COLOUR_RGB ( '',0.2862745098039215508, 0.6431372549019607199, 0.8666666666666666963 ) ;
#5255 = CARTESIAN_POINT ( 'NONE',  ( 8.976625426533420438, 6.471519187295015740, 5.653980163196914432 ) ) ;
#5256 = VECTOR ( 'NONE', #4871, 1000.000000000000000 ) ;
#5257 = DIRECTION ( 'NONE',  ( 0.2716300227878299944, 0.06713375248915300075, -0.9600573889080840084 ) ) ;
#5258 = VECTOR ( 'NONE', #4385, 1000.000000000000000 ) ;
#5259 = CARTESIAN_POINT ( 'NONE',  ( 2.500000000000000000, 6.250000000000031086, 2.750000000000000000 ) ) ;
#5260 = CARTESIAN_POINT ( 'NONE',  ( -4.206354602489610350, 6.087469678630560210, 5.606236746784579950 ) ) ;
#5261 = ORIENTED_EDGE ( 'NONE', *, *, #4888, .T. ) ;
#5262 = FILL_AREA_STYLE_COLOUR ( '', #2896 ) ;
#5263 = AXIS2_PLACEMENT_3D ( 'NONE', #7799, #6619, #6666 ) ;
#5264 = DIRECTION ( 'NONE',  ( 0.0000000000000000000, 0.0000000000000000000, 1.000000000000000000 ) ) ;
#5265 = VECTOR ( 'NONE', #4856, 1000.000000000000000 ) ;
#5266 = CIRCLE ( 'NONE', #5432, 0.2999999999999999334 ) ;
#5267 = EDGE_CURVE ( 'NONE', #252, #6510, #5391, .T. ) ;
#5268 = DIRECTION ( 'NONE',  ( -5.152643988049929844E-16, 0.0000000000000000000, -1.000000000000000000 ) ) ;
#5269 =( LENGTH_UNIT ( ) NAMED_UNIT ( * ) SI_UNIT ( .MILLI., .METRE. ) );
#5270 = ORIENTED_EDGE ( 'NONE', *, *, #2247, .F. ) ;
#5271 = AXIS2_PLACEMENT_3D ( 'NONE', #4198, #4138, #2470 ) ;
#5272 = EDGE_CURVE ( 'NONE', #3863, #8101, #6129, .T. ) ;
#5273 = FACE_OUTER_BOUND ( 'NONE', #5979, .T. ) ;
#5274 = CARTESIAN_POINT ( 'NONE',  ( -5.500000000000000000, 6.700487189948059807, 3.990870176997180607 ) ) ;
#5275 = COLOUR_RGB ( '',0.7921568627450980005, 0.8196078431372548767, 0.9333333333333333481 ) ;
#5276 = UNCERTAINTY_MEASURE_WITH_UNIT (LENGTH_MEASURE( 1.000000000000000082E-05 ), #9592, 'distance_accuracy_value', 'NONE');
#5277 = SURFACE_SIDE_STYLE ('',( #3723 ) ) ;
#5278 = VERTEX_POINT ( 'NONE', #9437 ) ;
#5279 = ORIENTED_EDGE ( 'NONE', *, *, #9585, .F. ) ;
#5280 = VERTEX_POINT ( 'NONE', #8667 ) ;
#5281 = VERTEX_POINT ( 'NONE', #722 ) ;
#5282 = AXIS2_PLACEMENT_3D ( 'NONE', #60, #1720, #4951 ) ;
#5283 = ADVANCED_FACE ( 'NONE', ( #2286 ), #7803, .T. ) ;
#5284 = MECHANICAL_DESIGN_GEOMETRIC_PRESENTATION_REPRESENTATION (  '', ( #7258 ), #5786 ) ;
#5285 = ADVANCED_FACE ( 'NONE', ( #4681 ), #3905, .F. ) ;
#5286 = ORIENTED_EDGE ( 'NONE', *, *, #6546, .T. ) ;
#5287 = LINE ( 'NONE', #3647, #7594 ) ;
#5288 = AXIS2_PLACEMENT_3D ( 'NONE', #3437, #6571, #4010 ) ;
#5289 = EDGE_LOOP ( 'NONE', ( #8115, #2596, #3013, #4544 ) ) ;
#5290 = DIRECTION ( 'NONE',  ( 1.000000000000000000, 0.0000000000000000000, -5.152643988049929844E-16 ) ) ;
#5291 = VECTOR ( 'NONE', #4526, 1000.000000000000000 ) ;
#5292 =( NAMED_UNIT ( * ) PLANE_ANGLE_UNIT ( ) SI_UNIT ( $, .RADIAN. ) );
#5293 = LINE ( 'NONE', #10218, #3718 ) ;
#5294 = CARTESIAN_POINT ( 'NONE',  ( 6.448683386022369568, 6.900595781960301878, 3.995523657362071823 ) ) ;
#5295 = VERTEX_POINT ( 'NONE', #10074 ) ;
#5296 = CARTESIAN_POINT ( 'NONE',  ( 1.005392207408169147, 6.250000000000031086, 5.499015461808847149 ) ) ;
#5297 = DIRECTION ( 'NONE',  ( -0.9622281902964742173, 0.0000000000000000000, -0.2722442098535290400 ) ) ;
#5298 = ADVANCED_FACE ( 'NONE', ( #3019 ), #5348, .T. ) ;
#5299 = AXIS2_PLACEMENT_3D ( 'NONE', #4043, #132, #7169 ) ;
#5300 = AXIS2_PLACEMENT_3D ( 'NONE', #9539, #210, #8832 ) ;
#5301 = B_SPLINE_CURVE_WITH_KNOTS ( 'NONE', 3,
 ( #1328, #2927, #6079, #2248, #2357, #5410 ),
 .UNSPECIFIED., .F., .F.,
 ( 4, 2, 4 ),
 ( 5.717775942840636977E-16, 0.0001520665957077848218, 0.0003041331914149978354 ),
 .UNSPECIFIED. ) ;
#5302 = UNCERTAINTY_MEASURE_WITH_UNIT (LENGTH_MEASURE( 1.000000000000000082E-05 ), #4137, 'distance_accuracy_value', 'NONE');
#5303 = DIRECTION ( 'NONE',  ( 1.000000000000000000, 0.0000000000000000000, 0.0000000000000000000 ) ) ;
#5304 = LINE ( 'NONE', #9970, #6058 ) ;
#5305 = DIRECTION ( 'NONE',  ( 0.0000000000000000000, 1.000000000000000000, 0.0000000000000000000 ) ) ;
#5306 = B_SPLINE_CURVE_WITH_KNOTS ( 'NONE', 3,
 ( #4664, #7785, #7734, #9419 ),
 .UNSPECIFIED., .F., .F.,
 ( 4, 4 ),
 ( 1.710293213781126632E-13, 0.0001440939132139563636 ),
 .UNSPECIFIED. ) ;
#5307 = CARTESIAN_POINT ( 'NONE',  ( -3.871701747922879910, 6.620978138265459556, 5.127902589497670860 ) ) ;
#5308 = ORIENTED_EDGE ( 'NONE', *, *, #4986, .T. ) ;
#5309 = COLOUR_RGB ( '',0.2862745098039215508, 0.6431372549019607199, 0.8666666666666666963 ) ;
#5310 =( NAMED_UNIT ( * ) SI_UNIT ( $, .STERADIAN. ) SOLID_ANGLE_UNIT ( ) );
#5311 = ORIENTED_EDGE ( 'NONE', *, *, #5817, .F. ) ;
#5312 = AXIS2_PLACEMENT_3D ( 'NONE', #9580, #9633, #8877 ) ;
#5313 = LINE ( 'NONE', #7094, #205 ) ;
#5314 = CARTESIAN_POINT ( 'NONE',  ( -0.5000000000000000000, 6.221952518161529611, 5.100000000000011191 ) ) ;
#5315 = EDGE_LOOP ( 'NONE', ( #1325, #3108, #8402, #9216 ) ) ;
#5316 = AXIS2_PLACEMENT_3D ( 'NONE', #5976, #569, #9931 ) ;
#5317 = DIRECTION ( 'NONE',  ( 0.0000000000000000000, 0.0000000000000000000, -1.000000000000000000 ) ) ;
#5318 = DIRECTION ( 'NONE',  ( 1.000000000000000000, 0.0000000000000000000, 0.0000000000000000000 ) ) ;
#5319 = EDGE_CURVE ( 'NONE', #7184, #780, #162, .T. ) ;
#5320 = DIRECTION ( 'NONE',  ( 0.0000000000000000000, 0.0000000000000000000, 1.000000000000000000 ) ) ;
#5321 = DIRECTION ( 'NONE',  ( -1.000000000000000000, 0.0000000000000000000, 0.0000000000000000000 ) ) ;
#5322 = DIRECTION ( 'NONE',  ( 0.0000000000000000000, 1.000000000000000000, 0.0000000000000000000 ) ) ;
#5323 = ORIENTED_EDGE ( 'NONE', *, *, #5797, .T. ) ;
#5324 = DIRECTION ( 'NONE',  ( 0.0000000000000000000, 1.000000000000000000, 0.0000000000000000000 ) ) ;
#5325 = CARTESIAN_POINT ( 'NONE',  ( 9.550000000000000711, 7.250000000000000000, 0.6500000000000020206 ) ) ;
#5326 = CARTESIAN_POINT ( 'NONE',  ( -3.972673951185706986, 6.293418682409067877, 5.495963488081315518 ) ) ;
#5327 = MECHANICAL_DESIGN_GEOMETRIC_PRESENTATION_REPRESENTATION (  '', ( #670 ), #4343 ) ;
#5328 = EDGE_CURVE ( 'NONE', #7256, #299, #2234, .T. ) ;
#5329 = FILL_AREA_STYLE_COLOUR ( '', #5275 ) ;
#5330 = ORIENTED_EDGE ( 'NONE', *, *, #5932, .T. ) ;
#5331 = SURFACE_STYLE_USAGE ( .BOTH. , #3879 ) ;
#5332 = ORIENTED_EDGE ( 'NONE', *, *, #6198, .F. ) ;
#5333 = EDGE_CURVE ( 'NONE', #3560, #838, #3070, .T. ) ;
#5334 = ORIENTED_EDGE ( 'NONE', *, *, #26, .T. ) ;
#5335 = EDGE_LOOP ( 'NONE', ( #5590, #10199, #8951, #2348 ) ) ;
#5336 = EDGE_CURVE ( 'NONE', #2322, #2125, #8620, .T. ) ;
#5337 = VECTOR ( 'NONE', #5632, 1000.000000000000000 ) ;
#5338 =( LENGTH_UNIT ( ) NAMED_UNIT ( * ) SI_UNIT ( .MILLI., .METRE. ) );
#5339 = ORIENTED_EDGE ( 'NONE', *, *, #3223, .T. ) ;
#5340 = COLOUR_RGB ( '',0.2862745098039215508, 0.6431372549019607199, 0.8666666666666666963 ) ;
#5341 = CARTESIAN_POINT ( 'NONE',  ( -0.4499999999999990119, 7.250000000000000000, 0.6500000000000020206 ) ) ;
#5342 = LINE ( 'NONE', #6822, #1061 ) ;
#5343 = CARTESIAN_POINT ( 'NONE',  ( -2.500000000000000000, 2.500000000000019540, 8.000000000000000000 ) ) ;
#5344 = FILL_AREA_STYLE_COLOUR ( '', #5393 ) ;
#5345 = EDGE_CURVE ( 'NONE', #9416, #8458, #7296, .T. ) ;
#5346 =( NAMED_UNIT ( * ) SI_UNIT ( $, .STERADIAN. ) SOLID_ANGLE_UNIT ( ) );
#5347 = CIRCLE ( 'NONE', #1535, 1.613267899285889984 ) ;
#5348 = CYLINDRICAL_SURFACE ( 'NONE', #7264, 0.5999999999999998668 ) ;
#5349 = FACE_OUTER_BOUND ( 'NONE', #8801, .T. ) ;
#5350 = DIRECTION ( 'NONE',  ( 0.0000000000000000000, -1.000000000000000000, -3.965082230804152702E-15 ) ) ;
#5352 = ADVANCED_FACE ( 'NONE', ( #2498 ), #9705, .F. ) ;
#5351 = ORIENTED_EDGE ( 'NONE', *, *, #1414, .T. ) ;
#5353 = EDGE_CURVE ( 'NONE', #751, #1253, #4269, .T. ) ;
#5354 = CARTESIAN_POINT ( 'NONE',  ( 5.997691185957250148, 6.250000000000079936, 5.579085650507749961 ) ) ;
#5355 = ORIENTED_EDGE ( 'NONE', *, *, #6749, .T. ) ;
#5356 = EDGE_CURVE ( 'NONE', #6494, #5504, #9644, .T. ) ;
#5357 = CARTESIAN_POINT ( 'NONE',  ( 2.500000000000000000, 5.863267899285899531, 9.314249409997589879 ) ) ;
#5358 = ORIENTED_EDGE ( 'NONE', *, *, #6662, .T. ) ;
#5359 = DIRECTION ( 'NONE',  ( 3.928415396526638614E-16, 0.3713906763541028888, 0.9284766908852596368 ) ) ;
#5360 = ORIENTED_EDGE ( 'NONE', *, *, #1177, .T. ) ;
#5361 = SURFACE_SIDE_STYLE ('',( #9250 ) ) ;
#5362 = CARTESIAN_POINT ( 'NONE',  ( -3.976121095031361907, 6.379292657753646623, 5.607444991929242839 ) ) ;
#5363 = CARTESIAN_POINT ( 'NONE',  ( 6.143990033716241861, 4.650000000000010125, 9.500000000000000000 ) ) ;
#5364 = CARTESIAN_POINT ( 'NONE',  ( 6.143990033716241861, 3.850000000000008527, 9.500000000000000000 ) ) ;
#5365 = CARTESIAN_POINT ( 'NONE',  ( -1.143990033716241639, 4.650000000000010125, 9.500000000000010658 ) ) ;
#5366 = ORIENTED_EDGE ( 'NONE', *, *, #6547, .F. ) ;
#5367 = CYLINDRICAL_SURFACE ( 'NONE', #7163, 0.2999999999999999334 ) ;
#5368 = FACE_OUTER_BOUND ( 'NONE', #3894, .T. ) ;
#5369 = LINE ( 'NONE', #2993, #5125 ) ;
#5370 = CARTESIAN_POINT ( 'NONE',  ( 0.9408927793500204695, 3.850000000000008527, 9.365590064580615604 ) ) ;
#5371 =( NAMED_UNIT ( * ) PLANE_ANGLE_UNIT ( ) SI_UNIT ( $, .RADIAN. ) );
#5372 = UNCERTAINTY_MEASURE_WITH_UNIT (LENGTH_MEASURE( 1.000000000000000082E-05 ), #7434, 'distance_accuracy_value', 'NONE');
#5373 = PLANE ( 'NONE',  #5654 ) ;
#5374 = VERTEX_POINT ( 'NONE', #984 ) ;
#5375 = DIRECTION ( 'NONE',  ( 0.4472135950260953119, 0.0000000000000000000, 0.8944271912368472188 ) ) ;
#5376 = AXIS2_PLACEMENT_3D ( 'NONE', #9210, #6853, #2063 ) ;
#5377 = VERTEX_POINT ( 'NONE', #4175 ) ;
#5378 = ORIENTED_EDGE ( 'NONE', *, *, #4200, .T. ) ;
#5379 = VECTOR ( 'NONE', #6445, 1000.000000000000000 ) ;
#5380 = DIRECTION ( 'NONE',  ( 0.0000000000000000000, 0.9848077530122081313, 0.1736481776669300259 ) ) ;
#5381 = CARTESIAN_POINT ( 'NONE',  ( 4.500000000000000888, 6.250000000000031086, 5.499015461808849814 ) ) ;
#5382 = ORIENTED_EDGE ( 'NONE', *, *, #7088, .T. ) ;
#5383 = DIRECTION ( 'NONE',  ( 1.717547996016639994E-16, 0.0000000000000000000, 1.000000000000000000 ) ) ;
#5384 = CARTESIAN_POINT ( 'NONE',  ( 7.500000000000000000, 6.250000000000031086, 4.150000000000000355 ) ) ;
#5385 = CARTESIAN_POINT ( 'NONE',  ( 7.500000000000000000, 2.500000000000010214, 9.999999999999992895 ) ) ;
#5386 = AXIS2_PLACEMENT_3D ( 'NONE', #3655, #318, #1215 ) ;
#5387 = LINE ( 'NONE', #1558, #5078 ) ;
#5388 = CARTESIAN_POINT ( 'NONE',  ( 3.908529899565564403, 6.803742317568941544, 5.258069125366933605 ) ) ;
#5389 =( BOUNDED_SURFACE ( )  B_SPLINE_SURFACE ( 3, 2, ( 
 ( #8920, #282, #1854 ),
 ( #235, #8755, #8807 ),
 ( #3414, #1691, #3474 ),
 ( #7214, #3311, #4146 ) ),
 .UNSPECIFIED., .F., .F., .F. ) 
 B_SPLINE_SURFACE_WITH_KNOTS ( ( 4, 4 ),
 ( 3, 3 ),
 ( 0.0000000000000000000, 1.000000000000000000 ),
 ( 0.0000000000000000000, 1.000000000000000000 ),
 .UNSPECIFIED. ) 
 GEOMETRIC_REPRESENTATION_ITEM ( )  RATIONAL_B_SPLINE_SURFACE ( (
 ( 1.000000000000000000, 0.7864262337499590139, 1.000000000000000000),
 ( 1.000000000000000000, 0.7864474701795289846, 1.000000000000000000),
 ( 1.000000000000000000, 0.7861046529251329851, 1.000000000000000000),
 ( 1.000000000000000000, 0.7854013110680500009, 1.000000000000000000) ) ) 
 REPRESENTATION_ITEM ( '' )  SURFACE ( )  );
#5390 = ADVANCED_FACE ( 'NONE', ( #306 ), #161, .T. ) ;
#5391 = LINE ( 'NONE', #6936, #6442 ) ;
#5392 = CARTESIAN_POINT ( 'NONE',  ( 2.500000000000000000, 4.250000000000009770, 8.800000000000000711 ) ) ;
#5393 = COLOUR_RGB ( '',0.2862745098039215508, 0.6431372549019607199, 0.8666666666666666963 ) ;
#5394 = PRESENTATION_STYLE_ASSIGNMENT (( #9285 ) ) ;
#5395 = EDGE_CURVE ( 'NONE', #6338, #1251, #496, .T. ) ;
#5396 = VERTEX_POINT ( 'NONE', #1766 ) ;
#5397 = LINE ( 'NONE', #6324, #2144 ) ;
#5398 = VERTEX_POINT ( 'NONE', #3389 ) ;
#5399 = CARTESIAN_POINT ( 'NONE',  ( 7.500000000000000000, 6.000000000000000000, 10.00000000000000711 ) ) ;
#5400 = EDGE_LOOP ( 'NONE', ( #7440, #6674 ) ) ;
#5401 = FACE_OUTER_BOUND ( 'NONE', #6100, .T. ) ;
#5402 = CARTESIAN_POINT ( 'NONE',  ( 10.00000000000000000, 1.800000000000000266, 10.00000000000000000 ) ) ;
#5403 = VERTEX_POINT ( 'NONE', #7400 ) ;
#5404 = STYLED_ITEM ( 'NONE', ( #6692 ), #1527 ) ;
#5405 = EDGE_CURVE ( 'NONE', #4185, #6359, #669, .T. ) ;
#5406 = ADVANCED_FACE ( 'NONE', ( #5758 ), #1829, .T. ) ;
#5407 = CARTESIAN_POINT ( 'NONE',  ( 2.500000000000000000, 4.250000000000009770, 9.500000000000010658 ) ) ;
#5408 = CARTESIAN_POINT ( 'NONE',  ( 2.250000000000000444, 4.250000000000031086, -4.349999999999999645 ) ) ;
#5409 = STYLED_ITEM ( 'NONE', ( #4980 ), #9976 ) ;
#5410 = CARTESIAN_POINT ( 'NONE',  ( 8.856009966283759027, 3.850000000000010303, 9.500000000000000000 ) ) ;
#5411 = VECTOR ( 'NONE', #6848, 1000.000000000000000 ) ;
#5412 = CARTESIAN_POINT ( 'NONE',  ( -3.875649002070729932, 6.820490948317419644, 5.141853884246501138 ) ) ;
#5413 = CARTESIAN_POINT ( 'NONE',  ( -5.000000000000000000, 7.750000000000000000, 0.0000000000000000000 ) ) ;
#5414 = CARTESIAN_POINT ( 'NONE',  ( -3.952762853094045514, 6.457750997099130252, 5.432878492312100072 ) ) ;
#5415 = VERTEX_POINT ( 'NONE', #1667 ) ;
#5416 = CARTESIAN_POINT ( 'NONE',  ( 7.500000000000000000, 4.250000000000009770, 9.500000000000000000 ) ) ;
#5417 = LINE ( 'NONE', #744, #6362 ) ;
#5418 = CARTESIAN_POINT ( 'NONE',  ( 1.075900883378423156, 6.560463200155847829, 5.313097438219579693 ) ) ;
#5419 = LINE ( 'NONE', #7004, #4651 ) ;
#5420 = LINE ( 'NONE', #6296, #9675 ) ;
#5421 = MECHANICAL_DESIGN_GEOMETRIC_PRESENTATION_REPRESENTATION (  '', ( #7229 ), #5581 ) ;
#5422 = DIRECTION ( 'NONE',  ( 0.0000000000000000000, 0.0000000000000000000, 1.000000000000000000 ) ) ;
#5423 = VECTOR ( 'NONE', #4877, 1000.000000000000000 ) ;
#5424 = VERTEX_POINT ( 'NONE', #925 ) ;
#5425 = STYLED_ITEM ( 'NONE', ( #6761 ), #4004 ) ;
#5426 = CARTESIAN_POINT ( 'NONE',  ( 7.810606060606080092, 15.40151515151520023, 8.960606060606059131 ) ) ;
#5427 = AXIS2_PLACEMENT_3D ( 'NONE', #1984, #1439, #10228 ) ;
#5428 = ORIENTED_EDGE ( 'NONE', *, *, #4595, .F. ) ;
#5429 = ORIENTED_EDGE ( 'NONE', *, *, #9567, .T. ) ;
#5430 = APPLICATION_CONTEXT ( 'automotive_design' ) ;
#5431 = CONICAL_SURFACE ( 'NONE', #5271, 1.599999999999999867, 0.07130746470380971980 ) ;
#5432 = AXIS2_PLACEMENT_3D ( 'NONE', #9569, #9673, #1899 ) ;
#5433 = COLOUR_RGB ( '',0.2862745098039215508, 0.6431372549019607199, 0.8666666666666666963 ) ;
#5434 = ORIENTED_EDGE ( 'NONE', *, *, #721, .F. ) ;
#5435 = CARTESIAN_POINT ( 'NONE',  ( 0.0000000000000000000, 7.150000000000000355, 6.500000000000009770 ) ) ;
#5436 = ORIENTED_EDGE ( 'NONE', *, *, #7457, .T. ) ;
#5437 = PRESENTATION_STYLE_ASSIGNMENT (( #3895 ) ) ;
#5438 = FACE_OUTER_BOUND ( 'NONE', #2902, .T. ) ;
#5439 = DIRECTION ( 'NONE',  ( 0.0000000000000000000, 0.0000000000000000000, -1.000000000000000000 ) ) ;
#5440 = AXIS2_PLACEMENT_3D ( 'NONE', #4738, #5359, #1411 ) ;
#5441 = AXIS2_PLACEMENT_3D ( 'NONE', #8494, #591, #5268 ) ;
#5442 = AXIS2_PLACEMENT_3D ( 'NONE', #3982, #640, #8637 ) ;
#5443 = DIRECTION ( 'NONE',  ( -5.152643988049919983E-16, 0.0000000000000000000, -1.000000000000000000 ) ) ;
#5444 = DIRECTION ( 'NONE',  ( 6.323770134184271214E-17, 0.9848077530122081313, 0.1736481776669300259 ) ) ;
#5445 = ORIENTED_EDGE ( 'NONE', *, *, #924, .T. ) ;
#5446 = VECTOR ( 'NONE', #6113, 1000.000000000000000 ) ;
#5447 = DIRECTION ( 'NONE',  ( 0.3481553119113961481, 0.8703882797784894265, -0.3481553119113950934 ) ) ;
#5448 = DIRECTION ( 'NONE',  ( 0.0000000000000000000, 0.0000000000000000000, 1.000000000000000000 ) ) ;
#5449 = LINE ( 'NONE', #1562, #1794 ) ;
#5450 = FACE_OUTER_BOUND ( 'NONE', #1752, .T. ) ;
#5451 = VERTEX_POINT ( 'NONE', #7188 ) ;
#5452 = ADVANCED_FACE ( 'NONE', ( #4834 ), #4058, .T. ) ;
#5453 = DIRECTION ( 'NONE',  ( 0.0000000000000000000, 0.0000000000000000000, 1.000000000000000000 ) ) ;
#5454 = ORIENTED_EDGE ( 'NONE', *, *, #2404, .T. ) ;
#5455 = CYLINDRICAL_SURFACE ( 'NONE', #1753, 1.399999999999999911 ) ;
#5456 = TOROIDAL_SURFACE ( 'NONE', #2315, 1.413776159319739989, 0.2000000000000000111 ) ;
#5457 = DIRECTION ( 'NONE',  ( 0.0000000000000000000, 0.0000000000000000000, -1.000000000000000000 ) ) ;
#5458 = STYLED_ITEM ( 'NONE', ( #2083 ), #5109 ) ;
#5459 = ORIENTED_EDGE ( 'NONE', *, *, #1205, .F. ) ;
#5460 = ADVANCED_FACE ( 'NONE', ( #5962 ), #5195, .F. ) ;
#5461 = FILL_AREA_STYLE_COLOUR ( '', #1473 ) ;
#5462 = CARTESIAN_POINT ( 'NONE',  ( 144.0449999999999875, 0.8789603367746769980, 8.000000000000000000 ) ) ;
#5463 = STYLED_ITEM ( 'NONE', ( #7364 ), #9464 ) ;
#5464 = PLANE ( 'NONE',  #2609 ) ;
#5465 =( NAMED_UNIT ( * ) SI_UNIT ( $, .STERADIAN. ) SOLID_ANGLE_UNIT ( ) );
#5466 = ORIENTED_EDGE ( 'NONE', *, *, #5576, .F. ) ;
#5467 = CARTESIAN_POINT ( 'NONE',  ( 7.500000000000000000, 6.250000000000031086, 2.750000000000000000 ) ) ;
#5468 = PLANE ( 'NONE',  #6737 ) ;
#5469 = EDGE_CURVE ( 'NONE', #5722, #8947, #5287, .T. ) ;
#5470 = DIRECTION ( 'NONE',  ( 5.152643988049929844E-16, 0.0000000000000000000, 1.000000000000000000 ) ) ;
#5471 = CARTESIAN_POINT ( 'NONE',  ( 5.250000000000000000, 7.750000000000000000, 0.4500000000000040079 ) ) ;
#5472 = CARTESIAN_POINT ( 'NONE',  ( 15.00000000000000000, 7.750000000000000000, 0.0000000000000000000 ) ) ;
#5473 = DIRECTION ( 'NONE',  ( 1.000000000000000000, 2.232180943352509796E-16, 0.0000000000000000000 ) ) ;
#5474 = CARTESIAN_POINT ( 'NONE',  ( 3.856009966283758583, 3.850000000000010303, 9.500000000000000000 ) ) ;
#5475 = EDGE_LOOP ( 'NONE', ( #2897, #285, #297, #2647 ) ) ;
#5476 = ORIENTED_EDGE ( 'NONE', *, *, #3033, .T. ) ;
#5477 = AXIS2_PLACEMENT_3D ( 'NONE', #1767, #9593, #2544 ) ;
#5478 = CARTESIAN_POINT ( 'NONE',  ( 0.9657076557542617623, 4.650000000000010125, 9.413932751394369802 ) ) ;
#5479 = ADVANCED_FACE ( 'NONE', ( #3557 ), #8718, .T. ) ;
#5480 = EDGE_CURVE ( 'NONE', #156, #7181, #6283, .T. ) ;
#5481 = ORIENTED_EDGE ( 'NONE', *, *, #651, .T. ) ;
#5482 = VERTEX_POINT ( 'NONE', #5150 ) ;
#5483 = CIRCLE ( 'NONE', #6470, 1.749999999999999778 ) ;
#5484 = SURFACE_SIDE_STYLE ('',( #9373 ) ) ;
#5485 = ORIENTED_EDGE ( 'NONE', *, *, #6916, .F. ) ;
#5486 = LINE ( 'NONE', #2382, #2179 ) ;
#5487 = EDGE_LOOP ( 'NONE', ( #4671, #4196, #7639, #4843 ) ) ;
#5488 = CARTESIAN_POINT ( 'NONE',  ( -1.091769397758582283, 6.595770259307299099, 5.257011279829173489 ) ) ;
#5489 = PLANE ( 'NONE',  #8372 ) ;
#5490 = LINE ( 'NONE', #1555, #3965 ) ;
#5491 = AXIS2_PLACEMENT_3D ( 'NONE', #1540, #9996, #596 ) ;
#5492 = ORIENTED_EDGE ( 'NONE', *, *, #906, .F. ) ;
#5493 = CARTESIAN_POINT ( 'NONE',  ( 10.00000000000000000, 7.450000000000000178, 6.500000000000000888 ) ) ;
#5494 = EDGE_CURVE ( 'NONE', #3082, #1546, #8412, .T. ) ;
#5495 = VECTOR ( 'NONE', #4634, 1000.000000000000000 ) ;
#5496 = CARTESIAN_POINT ( 'NONE',  ( 1.023878904968636983, 6.379292657753646623, 5.607444991929241951 ) ) ;
#5497 = FACE_OUTER_BOUND ( 'NONE', #671, .T. ) ;
#5498 = CARTESIAN_POINT ( 'NONE',  ( 6.022614399924370865, 6.143310571542220266, 5.618793688040031320 ) ) ;
#5499 = FACE_OUTER_BOUND ( 'NONE', #2658, .T. ) ;
#5500 = ORIENTED_EDGE ( 'NONE', *, *, #4572, .F. ) ;
#5501 = CARTESIAN_POINT ( 'NONE',  ( -0.5000000000000000000, 6.405650476444289865, 3.372082935692199968 ) ) ;
#5502 = VERTEX_POINT ( 'NONE', #7503 ) ;
#5503 = DIRECTION ( 'NONE',  ( -5.152643988049929844E-16, 0.0000000000000000000, -1.000000000000000000 ) ) ;
#5504 = VERTEX_POINT ( 'NONE', #2901 ) ;
#5505 = CARTESIAN_POINT ( 'NONE',  ( 1.042213446764645779, 3.850000000000008971, 9.481490714224472427 ) ) ;
#5506 = CARTESIAN_POINT ( 'NONE',  ( 2.500000000000000000, 5.950000000000040146, 1.349999999999999867 ) ) ;
#5507 = AXIS2_PLACEMENT_3D ( 'NONE', #3606, #8995, #369 ) ;
#5508 = ORIENTED_EDGE ( 'NONE', *, *, #330, .T. ) ;
#5509 = DIRECTION ( 'NONE',  ( 0.0000000000000000000, -1.000000000000000000, 0.0000000000000000000 ) ) ;
#5510 = FACE_BOUND ( 'NONE', #9231, .T. ) ;
#5511 = DIRECTION ( 'NONE',  ( 0.0000000000000000000, -1.000000000000000000, 0.0000000000000000000 ) ) ;
#5512 =( NAMED_UNIT ( * ) PLANE_ANGLE_UNIT ( ) SI_UNIT ( $, .RADIAN. ) );
#5513 = PRESENTATION_STYLE_ASSIGNMENT (( #3037 ) ) ;
#5514 = FACE_OUTER_BOUND ( 'NONE', #8310, .T. ) ;
#5515 = VERTEX_POINT ( 'NONE', #408 ) ;
#5516 = SURFACE_STYLE_FILL_AREA ( #2363 ) ;
#5517 = DIRECTION ( 'NONE',  ( -1.000000000000000000, 0.0000000000000000000, 0.0000000000000000000 ) ) ;
#5518 = DIRECTION ( 'NONE',  ( 0.5000000000000009992, 0.8660254037844380415, 0.0000000000000000000 ) ) ;
#5519 = EDGE_CURVE ( 'NONE', #165, #3133, #304, .T. ) ;
#5520 = CARTESIAN_POINT ( 'NONE',  ( 8.924099116621579952, 6.782835288287570208, 5.313097438219569923 ) ) ;
#5521 = LINE ( 'NONE', #10098, #464 ) ;
#5522 = VERTEX_POINT ( 'NONE', #5233 ) ;
#5523 = UNCERTAINTY_MEASURE_WITH_UNIT (LENGTH_MEASURE( 1.000000000000000082E-05 ), #5090, 'distance_accuracy_value', 'NONE');
#5524 = CARTESIAN_POINT ( 'NONE',  ( 8.977355748483210718, 6.378927027922910220, 5.621778233683960124 ) ) ;
#5525 = CARTESIAN_POINT ( 'NONE',  ( 15.00000000000000000, 6.436102000195529804, 10.00000000000000000 ) ) ;
#5526 = EDGE_CURVE ( 'NONE', #1497, #4452, #9175, .T. ) ;
#5527 = ORIENTED_EDGE ( 'NONE', *, *, #5221, .F. ) ;
#5528 = DIRECTION ( 'NONE',  ( 1.000000000000000000, 0.0000000000000000000, 0.0000000000000000000 ) ) ;
#5529 = DIRECTION ( 'NONE',  ( 1.000000000000000000, 0.0000000000000000000, 0.0000000000000000000 ) ) ;
#5530 = VERTEX_POINT ( 'NONE', #2127 ) ;
#5531 = B_SPLINE_CURVE_WITH_KNOTS ( 'NONE', 3,
 ( #3023, #779, #56, #3234, #625, #831, #4787, #4632 ),
 .UNSPECIFIED., .F., .F.,
 ( 4, 2, 2, 4 ),
 ( 0.0000000000000000000, 0.1326693844476140027, 0.4942272126317450165, 1.000000000000000000 ),
 .UNSPECIFIED. ) ;
#5532 = ORIENTED_EDGE ( 'NONE', *, *, #1961, .F. ) ;
#5533 = EDGE_CURVE ( 'NONE', #4116, #2531, #7638, .T. ) ;
#5534 = EDGE_CURVE ( 'NONE', #5515, #3891, #4668, .T. ) ;
#5535 = VERTEX_POINT ( 'NONE', #1389 ) ;
#5536 = DIRECTION ( 'NONE',  ( 1.000000000000000000, 0.0000000000000000000, 0.0000000000000000000 ) ) ;
#5537 =( GEOMETRIC_REPRESENTATION_CONTEXT ( 3 ) GLOBAL_UNCERTAINTY_ASSIGNED_CONTEXT ( ( #7029 ) ) GLOBAL_UNIT_ASSIGNED_CONTEXT ( ( #810, #6011, #6874 ) ) REPRESENTATION_CONTEXT ( 'NONE', 'WORKASPACE' ) );
#5538 = CARTESIAN_POINT ( 'NONE',  ( -4.644999999999999574, 0.7350406544375860385, -5.152643988049929647E-15 ) ) ;
#5539 = EDGE_LOOP ( 'NONE', ( #7895, #8812, #917, #8811 ) ) ;
#5540 = DIRECTION ( 'NONE',  ( 0.0000000000000000000, 0.0000000000000000000, 1.000000000000000000 ) ) ;
#5541 = ORIENTED_EDGE ( 'NONE', *, *, #2687, .T. ) ;
#5542 = EDGE_LOOP ( 'NONE', ( #2446, #5485, #1863, #10125 ) ) ;
#5543 = CARTESIAN_POINT ( 'NONE',  ( -1.449999999999999956, 6.370920840910899940, 3.569044486294639995 ) ) ;
#5544 =( GEOMETRIC_REPRESENTATION_CONTEXT ( 3 ) GLOBAL_UNCERTAINTY_ASSIGNED_CONTEXT ( ( #4483 ) ) GLOBAL_UNIT_ASSIGNED_CONTEXT ( ( #10033, #6945, #3864 ) ) REPRESENTATION_CONTEXT ( 'NONE', 'WORKASPACE' ) );
#5545 = CARTESIAN_POINT ( 'NONE',  ( -4.093910474793799992, 4.650000000000010125, 8.893318922984189356 ) ) ;
#5546 = PRESENTATION_STYLE_ASSIGNMENT (( #4730 ) ) ;
#5547 = CARTESIAN_POINT ( 'NONE',  ( 7.500000000000000000, 6.250000000000031086, 0.7499999999999960032 ) ) ;
#5548 = EDGE_CURVE ( 'NONE', #5859, #8001, #2181, .T. ) ;
#5549 = AXIS2_PLACEMENT_3D ( 'NONE', #3793, #6933, #10073 ) ;
#5550 = DIRECTION ( 'NONE',  ( 1.000000000000000000, 0.0000000000000000000, 0.0000000000000000000 ) ) ;
#5551 = ORIENTED_EDGE ( 'NONE', *, *, #686, .F. ) ;
#5552 = CARTESIAN_POINT ( 'NONE',  ( 2.750000000000000000, 4.250000000000031086, -4.349999999999999645 ) ) ;
#5553 = ORIENTED_EDGE ( 'NONE', *, *, #7304, .T. ) ;
#5554 = CYLINDRICAL_SURFACE ( 'NONE', #7068, 0.4000000000000001887 ) ;
#5555 = EDGE_LOOP ( 'NONE', ( #8061, #9313, #7067, #5846 ) ) ;
#5556 = VECTOR ( 'NONE', #3814, 1000.000000000000000 ) ;
#5557 = CARTESIAN_POINT ( 'NONE',  ( 2.000000000331122241, 4.250000000000031086, -3.850000000000000089 ) ) ;
#5558 = SURFACE_SIDE_STYLE ('',( #1727 ) ) ;
#5559 = FACE_BOUND ( 'NONE', #5539, .T. ) ;
#5560 = APPLICATION_CONTEXT ( 'automotive_design' ) ;
#5561 = ORIENTED_EDGE ( 'NONE', *, *, #3450, .F. ) ;
#5562 =( NAMED_UNIT ( * ) SI_UNIT ( $, .STERADIAN. ) SOLID_ANGLE_UNIT ( ) );
#5563 = AXIS2_PLACEMENT_3D ( 'NONE', #4340, #3566, #6784 ) ;
#5564 = CARTESIAN_POINT ( 'NONE',  ( 8.976121095080056733, 6.379292657739227934, 5.607444992499980962 ) ) ;
#5565 = FILL_AREA_STYLE_COLOUR ( '', #7879 ) ;
#5566 = VECTOR ( 'NONE', #8604, 1000.000000000000000 ) ;
#5567 = CARTESIAN_POINT ( 'NONE',  ( 3.908230602241415053, 6.595770259307301764, 5.257011279829166384 ) ) ;
#5568 = DIRECTION ( 'NONE',  ( 0.0000000000000000000, 0.0000000000000000000, -1.000000000000000000 ) ) ;
#5569 = DIRECTION ( 'NONE',  ( 1.000000000000000000, 0.0000000000000000000, 3.641714079092569968E-16 ) ) ;
#5570 = CARTESIAN_POINT ( 'NONE',  ( 9.100781059358210356, 3.850000000000010303, 8.800000000000000711 ) ) ;
#5571 = ORIENTED_EDGE ( 'NONE', *, *, #8252, .T. ) ;
#5572 = VERTEX_POINT ( 'NONE', #709 ) ;
#5573 = DIRECTION ( 'NONE',  ( 1.000000000000000000, 0.0000000000000000000, 0.0000000000000000000 ) ) ;
#5574 = LINE ( 'NONE', #7065, #8317 ) ;
#5575 = PRESENTATION_LAYER_ASSIGNMENT (  '', '', ( #5409 ) ) ;
#5576 = EDGE_CURVE ( 'NONE', #1066, #6697, #6025, .T. ) ;
#5577 = MECHANICAL_DESIGN_GEOMETRIC_PRESENTATION_REPRESENTATION (  '', ( #448 ), #4112 ) ;
#5578 = ORIENTED_EDGE ( 'NONE', *, *, #5909, .T. ) ;
#5579 = ADVANCED_FACE ( 'NONE', ( #6251 ), #1435, .T. ) ;
#5580 = ADVANCED_FACE ( 'NONE', ( #4714 ), #6622, .T. ) ;
#5581 =( GEOMETRIC_REPRESENTATION_CONTEXT ( 3 ) GLOBAL_UNCERTAINTY_ASSIGNED_CONTEXT ( ( #2057 ) ) GLOBAL_UNIT_ASSIGNED_CONTEXT ( ( #7936, #7053, #9355 ) ) REPRESENTATION_CONTEXT ( 'NONE', 'WORKASPACE' ) );
#5582 = VECTOR ( 'NONE', #6161, 1000.000000000000000 ) ;
#5583 = CARTESIAN_POINT ( 'NONE',  ( 7.576979650206509653, 6.669166114049719596, 5.694239332014509714 ) ) ;
#5584 = VERTEX_POINT ( 'NONE', #2268 ) ;
#5585 = CARTESIAN_POINT ( 'NONE',  ( 4.750000000000000000, 7.750000000000000000, 1.760486695917060210E-15 ) ) ;
#5586 =( NAMED_UNIT ( * ) PLANE_ANGLE_UNIT ( ) SI_UNIT ( $, .RADIAN. ) );
#5587 = ADVANCED_FACE ( 'NONE', ( #6971 ), #8456, .T. ) ;
#5588 = ORIENTED_EDGE ( 'NONE', *, *, #7534, .T. ) ;
#5589 = ADVANCED_FACE ( 'NONE', ( #8656 ), #4765, .T. ) ;
#5590 = ORIENTED_EDGE ( 'NONE', *, *, #7359, .F. ) ;
#5591 = CIRCLE ( 'NONE', #10202, 0.5000000000000004441 ) ;
#5592 = DIRECTION ( 'NONE',  ( 2.232180943352509796E-16, -1.000000000000000000, 0.0000000000000000000 ) ) ;
#5593 = PRODUCT_DEFINITION_FORMATION_WITH_SPECIFIED_SOURCE ( 'ANY', '', #7091, .NOT_KNOWN. ) ;
#5594 = AXIS2_PLACEMENT_3D ( 'NONE', #3115, #7795, #6255 ) ;
#5595 = CARTESIAN_POINT ( 'NONE',  ( 6.450000000000000178, 5.950000000000040146, 2.800000000000010036 ) ) ;
#5596 = PRESENTATION_LAYER_ASSIGNMENT (  '', '', ( #9523 ) ) ;
#5597 = PRESENTATION_STYLE_ASSIGNMENT (( #8730 ) ) ;
#5598 = ORIENTED_EDGE ( 'NONE', *, *, #6335, .T. ) ;
#5599 = MECHANICAL_DESIGN_GEOMETRIC_PRESENTATION_REPRESENTATION (  '', ( #4456 ), #4621 ) ;
#5600 = VECTOR ( 'NONE', #1003, 1000.000000000000000 ) ;
#5601 = LINE ( 'NONE', #2548, #1960 ) ;
#5602 = EDGE_LOOP ( 'NONE', ( #7399, #2323, #9367, #858 ) ) ;
#5603 = LINE ( 'NONE', #932, #5034 ) ;
#5604 = EDGE_CURVE ( 'NONE', #9738, #8383, #3727, .T. ) ;
#5605 = CARTESIAN_POINT ( 'NONE',  ( 6.446052745852149712, 6.900000000000019895, 4.004821471746000228 ) ) ;
#5606 = CARTESIAN_POINT ( 'NONE',  ( -1.023037524295969947, 6.379043491581979808, 5.701173905684830068 ) ) ;
#5607 = ADVANCED_FACE ( 'NONE', ( #1550 ), #6114, .T. ) ;
#5608 = ORIENTED_EDGE ( 'NONE', *, *, #3347, .T. ) ;
#5609 = AXIS2_PLACEMENT_3D ( 'NONE', #8986, #1916, #6633 ) ;
#5610 = COLOUR_RGB ( '',0.2862745098039215508, 0.6431372549019607199, 0.8666666666666666963 ) ;
#5611 = ADVANCED_FACE ( 'NONE', ( #3889 ), #7017, .F. ) ;
#5612 =( GEOMETRIC_REPRESENTATION_CONTEXT ( 3 ) GLOBAL_UNCERTAINTY_ASSIGNED_CONTEXT ( ( #4044 ) ) GLOBAL_UNIT_ASSIGNED_CONTEXT ( ( #1039, #2597, #3445 ) ) REPRESENTATION_CONTEXT ( 'NONE', 'WORKASPACE' ) );
#5613 = FACE_OUTER_BOUND ( 'NONE', #6507, .T. ) ;
#5614 = CARTESIAN_POINT ( 'NONE',  ( -1.449999999999999956, 6.405650476444289865, 3.372082935692199968 ) ) ;
#5615 = DIRECTION ( 'NONE',  ( 1.000000000000000000, 0.0000000000000000000, 3.641714079092569968E-16 ) ) ;
#5616 = CARTESIAN_POINT ( 'NONE',  ( -0.9129626948656109908, 4.650000000000010125, 8.986637655680240755 ) ) ;
#5617 = STYLED_ITEM ( 'NONE', ( #1419 ), #9202 ) ;
#5618 = ORIENTED_EDGE ( 'NONE', *, *, #7814, .F. ) ;
#5619 = VERTEX_POINT ( 'NONE', #3428 ) ;
#5620 = AXIS2_PLACEMENT_3D ( 'NONE', #9718, #1724, #3293 ) ;
#5621 = DIRECTION ( 'NONE',  ( -1.000000000000000000, 0.0000000000000000000, 0.0000000000000000000 ) ) ;
#5622 = EDGE_LOOP ( 'NONE', ( #5749, #8618, #8661, #8528 ) ) ;
#5623 = CARTESIAN_POINT ( 'NONE',  ( 8.875649002070730376, 6.820490948317419644, 5.141853884246479822 ) ) ;
#5624 = ORIENTED_EDGE ( 'NONE', *, *, #77, .F. ) ;
#5625 = EDGE_CURVE ( 'NONE', #3139, #7678, #6605, .T. ) ;
#5626 = EDGE_CURVE ( 'NONE', #4501, #1387, #6400, .T. ) ;
#5627 = PRESENTATION_LAYER_ASSIGNMENT (  '', '', ( #820 ) ) ;
#5628 = CARTESIAN_POINT ( 'NONE',  ( 6.450000000000000178, 6.301461569844129862, 3.962967587499520050 ) ) ;
#5629 = LINE ( 'NONE', #4864, #7567 ) ;
#5630 = CARTESIAN_POINT ( 'NONE',  ( 8.908529899565564847, 6.803742317568940656, 5.258069125366933605 ) ) ;
#5631 = CARTESIAN_POINT ( 'NONE',  ( -4.450000000000000178, 1.877542648054139951, 6.200000000000001066 ) ) ;
#5632 = DIRECTION ( 'NONE',  ( -1.000000000000000000, -5.580452358381269806E-16, 0.0000000000000000000 ) ) ;
#5633 = ORIENTED_EDGE ( 'NONE', *, *, #2634, .T. ) ;
#5634 = EDGE_LOOP ( 'NONE', ( #5655, #3060, #5360, #9126 ) ) ;
#5635 = APPLICATION_PROTOCOL_DEFINITION ( 'draft international standard', 'automotive_design', 1998, #9827 ) ;
#5636 = DIRECTION ( 'NONE',  ( -1.000000000000000000, 0.0000000000000000000, 0.0000000000000000000 ) ) ;
#5637 = DIRECTION ( 'NONE',  ( 0.0000000000000000000, 0.0000000000000000000, -1.000000000000000000 ) ) ;
#5638 = ORIENTED_EDGE ( 'NONE', *, *, #3944, .F. ) ;
#5639 = FILL_AREA_STYLE ('',( #7446 ) ) ;
#5640 = FILL_AREA_STYLE_COLOUR ( '', #1000 ) ;
#5641 = ADVANCED_FACE ( 'NONE', ( #4160 ), #8407, .T. ) ;
#5642 = CARTESIAN_POINT ( 'NONE',  ( 6.057217321801799059, 6.518892729351694726, 5.379133184779042232 ) ) ;
#5643 = VERTEX_POINT ( 'NONE', #8768 ) ;
#5644 = CARTESIAN_POINT ( 'NONE',  ( -1.075900883378423156, 6.560463200155847829, 5.313097438219579693 ) ) ;
#5645 = DIRECTION ( 'NONE',  ( -0.3713906763541040545, -0.9284766908852591927, 0.0000000000000000000 ) ) ;
#5646 = EDGE_CURVE ( 'NONE', #370, #3315, #9473, .T. ) ;
#5647 = ORIENTED_EDGE ( 'NONE', *, *, #8097, .F. ) ;
#5648 = ORIENTED_EDGE ( 'NONE', *, *, #5395, .F. ) ;
#5649 = CARTESIAN_POINT ( 'NONE',  ( -4.549999999999999822, 5.950000000000040146, 0.6500000000000289990 ) ) ;
#5650 = VECTOR ( 'NONE', #1656, 1000.000000000000000 ) ;
#5651 = SURFACE_STYLE_FILL_AREA ( #3276 ) ;
#5652 = CARTESIAN_POINT ( 'NONE',  ( 7.500000000000000000, 5.999999999999990230, 10.00000000000000711 ) ) ;
#5653 = DIRECTION ( 'NONE',  ( -1.000000000000000000, 0.0000000000000000000, 0.0000000000000000000 ) ) ;
#5654 = AXIS2_PLACEMENT_3D ( 'NONE', #7059, #6965, #5422 ) ;
#5655 = ORIENTED_EDGE ( 'NONE', *, *, #6916, .T. ) ;
#5656 = MECHANICAL_DESIGN_GEOMETRIC_PRESENTATION_REPRESENTATION (  '', ( #2193 ), #39 ) ;
#5657 = ORIENTED_EDGE ( 'NONE', *, *, #7495, .F. ) ;
#5658 = CARTESIAN_POINT ( 'NONE',  ( -5.000000000000000000, 0.0000000000000000000, 0.0000000000000000000 ) ) ;
#5659 = ADVANCED_FACE ( 'NONE', ( #9691 ), #5745, .F. ) ;
#5660 = ORIENTED_EDGE ( 'NONE', *, *, #6082, .F. ) ;
#5661 = CARTESIAN_POINT ( 'NONE',  ( 5.899218940641789644, 3.850000000000010303, 8.800000000000000711 ) ) ;
#5662 = CARTESIAN_POINT ( 'NONE',  ( -1.023102752391785719, 6.379062758812451328, 5.679065084668917684 ) ) ;
#5663 = CARTESIAN_POINT ( 'NONE',  ( 9.550000000000000711, 2.200000000000000178, 5.700000000000000178 ) ) ;
#5664 = ORIENTED_EDGE ( 'NONE', *, *, #3210, .T. ) ;
#5665 = B_SPLINE_CURVE_WITH_KNOTS ( 'NONE', 3,
 ( #7988, #5732, #3365, #6609 ),
 .UNSPECIFIED., .F., .F.,
 ( 4, 4 ),
 ( 2.431334016083090459E-11, 0.0001342749659830413413 ),
 .UNSPECIFIED. ) ;
#5666 = AXIS2_PLACEMENT_3D ( 'NONE', #639, #538, #3714 ) ;
#5667 = EDGE_CURVE ( 'NONE', #7314, #7953, #8820, .T. ) ;
#5668 = CARTESIAN_POINT ( 'NONE',  ( 2.500000000000000000, 4.250000000000031086, 0.7499999999999990008 ) ) ;
#5669 = EDGE_CURVE ( 'NONE', #4325, #3643, #199, .T. ) ;
#5670 =( LENGTH_UNIT ( ) NAMED_UNIT ( * ) SI_UNIT ( .MILLI., .METRE. ) );
#5671 = CARTESIAN_POINT ( 'NONE',  ( -0.9255929274512609828, 4.650000000000010125, 9.158054070483681031 ) ) ;
#5672 = CARTESIAN_POINT ( 'NONE',  ( 7.500000000000000000, 9.550000000000029132, 4.150000000000000355 ) ) ;
#5673 = ORIENTED_EDGE ( 'NONE', *, *, #3641, .T. ) ;
#5674 = COLOUR_RGB ( '',0.2862745098039215508, 0.6431372549019607199, 0.8666666666666666963 ) ;
#5675 = CARTESIAN_POINT ( 'NONE',  ( -0.5000000000000000000, 6.820490948317419644, 5.141853884246489592 ) ) ;
#5676 = VERTEX_POINT ( 'NONE', #864 ) ;
#5677 = CARTESIAN_POINT ( 'NONE',  ( 0.9313491852498201329, 4.650000000000010125, 9.236151811974430359 ) ) ;
#5678 = DIRECTION ( 'NONE',  ( 0.0000000000000000000, 0.0000000000000000000, 1.000000000000000000 ) ) ;
#5679 = CARTESIAN_POINT ( 'NONE',  ( 2.500000000000000000, 6.250000000000031086, 4.150000000000000355 ) ) ;
#5680 = CARTESIAN_POINT ( 'NONE',  ( 5.450000000000009948, 7.250000000000000000, 5.700000000000000178 ) ) ;
#5681 = DIRECTION ( 'NONE',  ( 0.0000000000000000000, 1.000000000000000000, 0.0000000000000000000 ) ) ;
#5682 = DIRECTION ( 'NONE',  ( 3.641714079092569968E-16, 0.0000000000000000000, -1.000000000000000000 ) ) ;
#5683 = DIRECTION ( 'NONE',  ( -1.000000000000000000, 0.0000000000000000000, -3.641714079092569968E-16 ) ) ;
#5684 = ORIENTED_EDGE ( 'NONE', *, *, #2246, .T. ) ;
#5685 = VERTEX_POINT ( 'NONE', #4051 ) ;
#5686 = LINE ( 'NONE', #8041, #1058 ) ;
#5687 = DIRECTION ( 'NONE',  ( 0.0000000000000000000, -1.000000000000000000, 0.0000000000000000000 ) ) ;
#5688 = DIRECTION ( 'NONE',  ( -1.000000000000000000, 0.0000000000000000000, 4.231032868236119855E-16 ) ) ;
#5689 = ORIENTED_EDGE ( 'NONE', *, *, #330, .F. ) ;
#5690 = ORIENTED_EDGE ( 'NONE', *, *, #5923, .F. ) ;
#5691 = FILL_AREA_STYLE ('',( #6511 ) ) ;
#5692 = PLANE ( 'NONE',  #7760 ) ;
#5693 = DIRECTION ( 'NONE',  ( -1.000000000000000000, 0.0000000000000000000, -3.641714079092569968E-16 ) ) ;
#5694 = CARTESIAN_POINT ( 'NONE',  ( 5.450000000000009948, 6.250000000000031086, 5.799999999999999822 ) ) ;
#5695 = ORIENTED_EDGE ( 'NONE', *, *, #84, .F. ) ;
#5696 =( NAMED_UNIT ( * ) SI_UNIT ( $, .STERADIAN. ) SOLID_ANGLE_UNIT ( ) );
#5697 = FACE_OUTER_BOUND ( 'NONE', #7743, .T. ) ;
#5698 = ORIENTED_EDGE ( 'NONE', *, *, #4985, .T. ) ;
#5699 = ORIENTED_EDGE ( 'NONE', *, *, #4465, .F. ) ;
#5700 = DIRECTION ( 'NONE',  ( -1.000000000000000000, 0.0000000000000000000, 0.0000000000000000000 ) ) ;
#5701 = AXIS2_PLACEMENT_3D ( 'NONE', #2934, #9900, #2785 ) ;
#5702 = UNCERTAINTY_MEASURE_WITH_UNIT (LENGTH_MEASURE( 1.000000000000000082E-05 ), #7141, 'distance_accuracy_value', 'NONE');
#5703 = ORIENTED_EDGE ( 'NONE', *, *, #3951, .F. ) ;
#5704 = CARTESIAN_POINT ( 'NONE',  ( 15.00000000000000000, 7.750000000000000000, 0.4500000000000000666 ) ) ;
#5705 = CARTESIAN_POINT ( 'NONE',  ( 3.549999999999999822, 6.301461569844129862, 3.962967587499530264 ) ) ;
#5706 = CARTESIAN_POINT ( 'NONE',  ( 3.977355748483209386, 6.378927027922910220, 5.621778233683960124 ) ) ;
#5707 = SURFACE_STYLE_USAGE ( .BOTH. , #6479 ) ;
#5708 = VERTEX_POINT ( 'NONE', #7178 ) ;
#5709 = AXIS2_PLACEMENT_3D ( 'NONE', #1732, #2563, #9615 ) ;
#5710 = SURFACE_STYLE_FILL_AREA ( #2508 ) ;
#5711 = CARTESIAN_POINT ( 'NONE',  ( 2.500000000000000000, 5.949999999885354995, 8.099999999999999645 ) ) ;
#5712 = EDGE_CURVE ( 'NONE', #5893, #5754, #1496, .T. ) ;
#5713 = ORIENTED_EDGE ( 'NONE', *, *, #295, .F. ) ;
#5714 = ADVANCED_FACE ( 'NONE', ( #3267 ), #5692, .T. ) ;
#5715 = CARTESIAN_POINT ( 'NONE',  ( 8.957786553235372651, 4.650000000000011013, 9.481490714224456440 ) ) ;
#5716 = CARTESIAN_POINT ( 'NONE',  ( 10.00000000000000000, 7.750000000000000000, 6.500000000000000888 ) ) ;
#5717 = AXIS2_PLACEMENT_3D ( 'NONE', #4535, #6891, #2351 ) ;
#5718 = CARTESIAN_POINT ( 'NONE',  ( -3.976897247869476626, 6.379062758813164535, 5.679065084668725838 ) ) ;
#5719 = CARTESIAN_POINT ( 'NONE',  ( 5.250000000000000000, 7.750000000000000000, 5.900000000000000355 ) ) ;
#5720 = FILL_AREA_STYLE ('',( #2612 ) ) ;
#5721 = SURFACE_STYLE_FILL_AREA ( #7262 ) ;
#5722 = VERTEX_POINT ( 'NONE', #1289 ) ;
#5723 = DIRECTION ( 'NONE',  ( 0.0000000000000000000, 1.000000000000000000, 0.0000000000000000000 ) ) ;
#5724 = ORIENTED_EDGE ( 'NONE', *, *, #5139, .T. ) ;
#5725 = FILL_AREA_STYLE ('',( #4242 ) ) ;
#5726 = CARTESIAN_POINT ( 'NONE',  ( 10.00000000000000000, 1.550000000000000266, 6.200000000000001066 ) ) ;
#5727 = EDGE_CURVE ( 'NONE', #2527, #5584, #2066, .T. ) ;
#5728 = EDGE_CURVE ( 'NONE', #8890, #5295, #1243, .T. ) ;
#5729 = VECTOR ( 'NONE', #8789, 1000.000000000000000 ) ;
#5730 = DIRECTION ( 'NONE',  ( 0.4999999999999990563, -0.8660254037844391517, 0.0000000000000000000 ) ) ;
#5731 = LINE ( 'NONE', #1011, #4448 ) ;
#5732 = CARTESIAN_POINT ( 'NONE',  ( 1.022973818583504224, 6.335261413134073649, 5.690949137293212168 ) ) ;
#5733 = DIRECTION ( 'NONE',  ( 0.0000000000000000000, 0.0000000000000000000, -1.000000000000000000 ) ) ;
#5734 = CARTESIAN_POINT ( 'NONE',  ( 9.750000000000010658, 7.750000000000000000, 5.700000000000000178 ) ) ;
#5735 = VERTEX_POINT ( 'NONE', #4454 ) ;
#5736 = ORIENTED_EDGE ( 'NONE', *, *, #5336, .T. ) ;
#5737 = FILL_AREA_STYLE_COLOUR ( '', #7209 ) ;
#5738 = CARTESIAN_POINT ( 'NONE',  ( 7.000000000331121797, 4.250000000000031086, -3.850000000000000089 ) ) ;
#5739 = CARTESIAN_POINT ( 'NONE',  ( 5.993858608708464430, 6.250000000000039968, 5.699344090454418144 ) ) ;
#5740 = ORIENTED_EDGE ( 'NONE', *, *, #6749, .F. ) ;
#5741 = ORIENTED_EDGE ( 'NONE', *, *, #6142, .F. ) ;
#5742 = EDGE_CURVE ( 'NONE', #7500, #373, #9164, .T. ) ;
#5743 = VECTOR ( 'NONE', #522, 1000.000000000000000 ) ;
#5744 = LINE ( 'NONE', #6670, #7880 ) ;
#5745 = CYLINDRICAL_SURFACE ( 'NONE', #9732, 1.749999999999990230 ) ;
#5746 = CARTESIAN_POINT ( 'NONE',  ( 3.952762705847680191, 6.457752998433941016, 5.432877601037962911 ) ) ;
#5747 = AXIS2_PLACEMENT_3D ( 'NONE', #4606, #2375, #10154 ) ;
#5748 = CARTESIAN_POINT ( 'NONE',  ( -3.549999999999999822, 6.370920840910899940, 3.569044486294639995 ) ) ;
#5749 = ORIENTED_EDGE ( 'NONE', *, *, #5809, .F. ) ;
#5750 = DIRECTION ( 'NONE',  ( 1.000000000000000000, 0.0000000000000000000, 0.0000000000000000000 ) ) ;
#5751 = CARTESIAN_POINT ( 'NONE',  ( 6.128298252077120090, 6.620978138265459556, 5.127902589497660202 ) ) ;
#5752 = VECTOR ( 'NONE', #3098, 1000.000000000000000 ) ;
#5753 = VERTEX_POINT ( 'NONE', #6808 ) ;
#5754 = VERTEX_POINT ( 'NONE', #5140 ) ;
#5755 = CARTESIAN_POINT ( 'NONE',  ( -5.000000000000000000, 7.750000000000000000, 5.152643988049969879E-15 ) ) ;
#5756 = AXIS2_PLACEMENT_3D ( 'NONE', #9775, #6650, #5930 ) ;
#5757 = VERTEX_POINT ( 'NONE', #9953 ) ;
#5758 = FACE_OUTER_BOUND ( 'NONE', #5089, .T. ) ;
#5759 = LINE ( 'NONE', #4176, #8933 ) ;
#5760 =( LENGTH_UNIT ( ) NAMED_UNIT ( * ) SI_UNIT ( .MILLI., .METRE. ) );
#5761 = ORIENTED_EDGE ( 'NONE', *, *, #8646, .F. ) ;
#5762 = VECTOR ( 'NONE', #7774, 1000.000000000000000 ) ;
#5763 = DIRECTION ( 'NONE',  ( 0.0000000000000000000, 0.0000000000000000000, -1.000000000000000000 ) ) ;
#5764 = CARTESIAN_POINT ( 'NONE',  ( -4.200000000000000178, 4.650000000000010125, 8.800000000000009592 ) ) ;
#5765 = CIRCLE ( 'NONE', #3469, 0.2499999999999997780 ) ;
#5766 = AXIS2_PLACEMENT_3D ( 'NONE', #2522, #952, #6388 ) ;
#5767 = PLANE ( 'NONE',  #2366 ) ;
#5768 = ORIENTED_EDGE ( 'NONE', *, *, #5909, .F. ) ;
#5769 = PRESENTATION_STYLE_ASSIGNMENT (( #4791 ) ) ;
#5770 = DIRECTION ( 'NONE',  ( -1.000000000000000000, 0.0000000000000000000, 0.0000000000000000000 ) ) ;
#5771 = ORIENTED_EDGE ( 'NONE', *, *, #6918, .T. ) ;
#5772 = VERTEX_POINT ( 'NONE', #498 ) ;
#5773 = VECTOR ( 'NONE', #3706, 1000.000000000000000 ) ;
#5774 = VECTOR ( 'NONE', #9803, 1000.000000000000227 ) ;
#5775 = LINE ( 'NONE', #7259, #100 ) ;
#5776 = VECTOR ( 'NONE', #2644, 1000.000000000000000 ) ;
#5777 = CARTESIAN_POINT ( 'NONE',  ( 8.550000000000000711, 3.592004494644689849, 2.875961234938969824 ) ) ;
#5778 = EDGE_CURVE ( 'NONE', #8175, #4239, #3680, .T. ) ;
#5779 = DIRECTION ( 'NONE',  ( 0.0000000000000000000, 1.000000000000000000, 0.0000000000000000000 ) ) ;
#5780 = CARTESIAN_POINT ( 'NONE',  ( 9.182760555148929527, 6.093223787951091097, 5.414712066094880427 ) ) ;
#5781 = ORIENTED_EDGE ( 'NONE', *, *, #4037, .T. ) ;
#5782 = VERTEX_POINT ( 'NONE', #5853 ) ;
#5783 = CARTESIAN_POINT ( 'NONE',  ( 0.9129626948656101026, 4.650000000000010125, 8.986637655680240755 ) ) ;
#5784 = EDGE_CURVE ( 'NONE', #6968, #8161, #6762, .T. ) ;
#5785 = DIRECTION ( 'NONE',  ( 0.0000000000000000000, 0.0000000000000000000, -1.000000000000000000 ) ) ;
#5786 =( GEOMETRIC_REPRESENTATION_CONTEXT ( 3 ) GLOBAL_UNCERTAINTY_ASSIGNED_CONTEXT ( ( #3722 ) ) GLOBAL_UNIT_ASSIGNED_CONTEXT ( ( #7870, #1465, #62 ) ) REPRESENTATION_CONTEXT ( 'NONE', 'WORKASPACE' ) );
#5787 = TOROIDAL_SURFACE ( 'NONE', #473, 1.600000000000000089, 0.1000000000000000056 ) ;
#5788 = FACE_OUTER_BOUND ( 'NONE', #4031, .T. ) ;
#5789 = DIRECTION ( 'NONE',  ( 1.000000000000000000, 0.0000000000000000000, 0.0000000000000000000 ) ) ;
#5790 = MECHANICAL_DESIGN_GEOMETRIC_PRESENTATION_REPRESENTATION (  '', ( #4468 ), #2977 ) ;
#5791 = PLANE ( 'NONE',  #937 ) ;
#5792 = VECTOR ( 'NONE', #2764, 1000.000000000000000 ) ;
#5793 = DIRECTION ( 'NONE',  ( 0.0000000000000000000, 0.0000000000000000000, 1.000000000000000000 ) ) ;
#5794 = ORIENTED_EDGE ( 'NONE', *, *, #7903, .F. ) ;
#5795 = ORIENTED_EDGE ( 'NONE', *, *, #334, .F. ) ;
#5796 = DIRECTION ( 'NONE',  ( 0.0000000000000000000, -0.1275217425395260284, 0.9918357753074259486 ) ) ;
#5797 = EDGE_CURVE ( 'NONE', #1497, #8595, #8350, .T. ) ;
#5798 =( NAMED_UNIT ( * ) SI_UNIT ( $, .STERADIAN. ) SOLID_ANGLE_UNIT ( ) );
#5799 = EDGE_LOOP ( 'NONE', ( #8886, #3224, #5935, #6427, #4660, #6471 ) ) ;
#5800 = AXIS2_PLACEMENT_3D ( 'NONE', #1952, #5129, #1184 ) ;
#5801 = MECHANICAL_DESIGN_GEOMETRIC_PRESENTATION_REPRESENTATION (  '', ( #5458 ), #2646 ) ;
#5802 = PRESENTATION_STYLE_ASSIGNMENT (( #291 ) ) ;
#5803 = CARTESIAN_POINT ( 'NONE',  ( -0.9371073885687785099, 4.650000000000010125, 9.314249409997589879 ) ) ;
#5804 = PLANE ( 'NONE',  #3616 ) ;
#5805 = EDGE_CURVE ( 'NONE', #10079, #7014, #5997, .T. ) ;
#5806 = CIRCLE ( 'NONE', #2166, 1.400000000000000133 ) ;
#5807 = DIRECTION ( 'NONE',  ( 6.323770134184271214E-17, -0.9848077530122081313, -0.1736481776669300259 ) ) ;
#5808 = VERTEX_POINT ( 'NONE', #6041 ) ;
#5809 = EDGE_CURVE ( 'NONE', #8354, #8001, #8204, .T. ) ;
#5810 =( GEOMETRIC_REPRESENTATION_CONTEXT ( 3 ) GLOBAL_UNCERTAINTY_ASSIGNED_CONTEXT ( ( #7830 ) ) GLOBAL_UNIT_ASSIGNED_CONTEXT ( ( #361, #9032, #9806 ) ) REPRESENTATION_CONTEXT ( 'NONE', 'WORKASPACE' ) );
#5811 = VERTEX_POINT ( 'NONE', #1075 ) ;
#5812 = VERTEX_POINT ( 'NONE', #8265 ) ;
#5813 = LINE ( 'NONE', #6677, #7738 ) ;
#5814 =( GEOMETRIC_REPRESENTATION_CONTEXT ( 3 ) GLOBAL_UNCERTAINTY_ASSIGNED_CONTEXT ( ( #3936 ) ) GLOBAL_UNIT_ASSIGNED_CONTEXT ( ( #1909, #350, #1136 ) ) REPRESENTATION_CONTEXT ( 'NONE', 'WORKASPACE' ) );
#5815 =( BOUNDED_CURVE ( )  B_SPLINE_CURVE ( 3, ( #801, #5567, #7055, #898 ),
 .UNSPECIFIED., .F., .T. ) 
 B_SPLINE_CURVE_WITH_KNOTS ( ( 4, 4 ),
 ( 1.008957096879898874, 1.500983156715127720 ),
 .UNSPECIFIED. ) 
 CURVE ( )  GEOMETRIC_REPRESENTATION_ITEM ( )  RATIONAL_B_SPLINE_CURVE ( ( 1.000000000000000000, 0.9799274069394408038, 0.9799274069394408038, 1.000000000000000000 ) ) 
 REPRESENTATION_ITEM ( '' )  );
#5816 =( NAMED_UNIT ( * ) SI_UNIT ( $, .STERADIAN. ) SOLID_ANGLE_UNIT ( ) );
#5817 = EDGE_CURVE ( 'NONE', #446, #551, #1196, .T. ) ;
#5818 = LINE ( 'NONE', #5002, #7764 ) ;
#5819 = CARTESIAN_POINT ( 'NONE',  ( 3.957924419191280574, 6.384681414832980018, 5.464040407139520106 ) ) ;
#5820 = ORIENTED_EDGE ( 'NONE', *, *, #7700, .F. ) ;
#5821 = DIRECTION ( 'NONE',  ( -1.000000000000000000, 0.0000000000000000000, 0.0000000000000000000 ) ) ;
#5822 = ORIENTED_EDGE ( 'NONE', *, *, #7084, .T. ) ;
#5823 = VECTOR ( 'NONE', #257, 1000.000000000000000 ) ;
#5824 = DIRECTION ( 'NONE',  ( -1.000000000000000000, 0.0000000000000000000, 0.0000000000000000000 ) ) ;
#5825 = ADVANCED_FACE ( 'NONE', ( #293, #7387 ), #2843, .T. ) ;
#5826 = DIRECTION ( 'NONE',  ( 0.0000000000000000000, -0.1736481776669300259, 0.9848077530122081313 ) ) ;
#5827 = PLANE ( 'NONE',  #1634 ) ;
#5828 =( GEOMETRIC_REPRESENTATION_CONTEXT ( 3 ) GLOBAL_UNCERTAINTY_ASSIGNED_CONTEXT ( ( #4247 ) ) GLOBAL_UNIT_ASSIGNED_CONTEXT ( ( #8359, #3559, #4470 ) ) REPRESENTATION_CONTEXT ( 'NONE', 'WORKASPACE' ) );
#5829 = CARTESIAN_POINT ( 'NONE',  ( 9.093910474793799992, 4.650000000000010125, 8.893318922984189356 ) ) ;
#5830 = FILL_AREA_STYLE_COLOUR ( '', #4173 ) ;
#5831 = DIRECTION ( 'NONE',  ( -1.000000000000000000, -5.580452358381269806E-16, 0.0000000000000000000 ) ) ;
#5832 = FACE_BOUND ( 'NONE', #8235, .T. ) ;
#5833 = FACE_OUTER_BOUND ( 'NONE', #10215, .T. ) ;
#5834 = DIRECTION ( 'NONE',  ( 0.0000000000000000000, 0.0000000000000000000, -1.000000000000000000 ) ) ;
#5835 = ORIENTED_EDGE ( 'NONE', *, *, #4776, .T. ) ;
#5836 = CARTESIAN_POINT ( 'NONE',  ( 0.4500000000000020095, 6.250000000000031086, 0.6500000000000040190 ) ) ;
#5837 = EDGE_LOOP ( 'NONE', ( #7624, #5925 ) ) ;
#5838 = VECTOR ( 'NONE', #7216, 1000.000000000000000 ) ;
#5839 = CARTESIAN_POINT ( 'NONE',  ( 7.500000000000000000, 2.836223840680269781, 9.500000000000000000 ) ) ;
#5840 = LINE ( 'NONE', #5069, #960 ) ;
#5841 = CARTESIAN_POINT ( 'NONE',  ( 6.109592952281651002, 6.616355096402059210, 5.194015168276943761 ) ) ;
#5842 = VECTOR ( 'NONE', #5322, 1000.000000000000000 ) ;
#5843 = FILL_AREA_STYLE_COLOUR ( '', #8405 ) ;
#5844 = CARTESIAN_POINT ( 'NONE',  ( -3.956366721515439888, 6.148436649458580483, 5.454695900211619985 ) ) ;
#5845 = ORIENTED_EDGE ( 'NONE', *, *, #9917, .F. ) ;
#5846 = ORIENTED_EDGE ( 'NONE', *, *, #3159, .F. ) ;
#5847 = DIRECTION ( 'NONE',  ( 1.000000000000000000, 0.0000000000000000000, 0.0000000000000000000 ) ) ;
#5848 = DIRECTION ( 'NONE',  ( 0.0000000000000000000, 1.000000000000000000, 0.0000000000000000000 ) ) ;
#5849 = CIRCLE ( 'NONE', #6667, 1.749999999999999778 ) ;
#5850 = EDGE_CURVE ( 'NONE', #5504, #6417, #9843, .T. ) ;
#5851 = LINE ( 'NONE', #3541, #313 ) ;
#5852 = EDGE_CURVE ( 'NONE', #57, #8751, #5880, .T. ) ;
#5853 = CARTESIAN_POINT ( 'NONE',  ( 9.006141391221529346, 6.250000000000030198, 5.699344090454331990 ) ) ;
#5854 = DIRECTION ( 'NONE',  ( 1.000000000000000000, 0.0000000000000000000, 0.0000000000000000000 ) ) ;
#5855 = FACE_OUTER_BOUND ( 'NONE', #2442, .T. ) ;
#5856 = ORIENTED_EDGE ( 'NONE', *, *, #3452, .F. ) ;
#5857 = FILL_AREA_STYLE_COLOUR ( '', #5433 ) ;
#5858 = CYLINDRICAL_SURFACE ( 'NONE', #2786, 1.400000000000000133 ) ;
#5859 = VERTEX_POINT ( 'NONE', #443 ) ;
#5860 = DIRECTION ( 'NONE',  ( 0.0000000000000000000, 0.9284766908852596368, 0.3713906763541028888 ) ) ;
#5861 = ADVANCED_FACE ( 'NONE', ( #2939 ), #7630, .T. ) ;
#5862 = EDGE_CURVE ( 'NONE', #8076, #5451, #7828, .T. ) ;
#5863 = DIRECTION ( 'NONE',  ( 0.0000000000000000000, 0.0000000000000000000, -1.000000000000000000 ) ) ;
#5864 = CARTESIAN_POINT ( 'NONE',  ( 3.975706270041610590, 6.556592752526435142, 5.606841190858707691 ) ) ;
#5865 = CARTESIAN_POINT ( 'NONE',  ( 2.500000000000000000, 4.250000000000009770, 9.500000000000010658 ) ) ;
#5866 = DIRECTION ( 'NONE',  ( 0.8660254037844380415, -0.5000000000000009992, 0.0000000000000000000 ) ) ;
#5867 = ORIENTED_EDGE ( 'NONE', *, *, #7903, .T. ) ;
#5868 = DIRECTION ( 'NONE',  ( 0.0000000000000000000, 0.0000000000000000000, -1.000000000000000000 ) ) ;
#5869 = CARTESIAN_POINT ( 'NONE',  ( 4.100781059358210356, 4.650000000000010125, 8.800000000000000711 ) ) ;
#5870 =( NAMED_UNIT ( * ) PLANE_ANGLE_UNIT ( ) SI_UNIT ( $, .RADIAN. ) );
#5871 = AXIS2_PLACEMENT_3D ( 'NONE', #7993, #5847, #1016 ) ;
#5872 = ORIENTED_EDGE ( 'NONE', *, *, #7359, .T. ) ;
#5873 = CARTESIAN_POINT ( 'NONE',  ( -3.994607792591831519, 6.250000000000031086, 5.499015461808847149 ) ) ;
#5874 = SURFACE_SIDE_STYLE ('',( #7414 ) ) ;
#5875 = EDGE_CURVE ( 'NONE', #8088, #3857, #7674, .T. ) ;
#5876 = VERTEX_POINT ( 'NONE', #3934 ) ;
#5877 = CARTESIAN_POINT ( 'NONE',  ( 2.500000000000000000, 2.650000000000010125, 8.099999999999999645 ) ) ;
#5878 = CARTESIAN_POINT ( 'NONE',  ( 7.500000000000000000, 4.250000000000009770, 8.099999999999999645 ) ) ;
#5879 = CARTESIAN_POINT ( 'NONE',  ( -3.549999999999999822, -1.462314593354880232, 2.800000000000019806 ) ) ;
#5880 = B_SPLINE_CURVE_WITH_KNOTS ( 'NONE', 3,
 ( #3634, #9123, #5225, #4704 ),
 .UNSPECIFIED., .F., .F.,
 ( 4, 4 ),
 ( 9.545414929421095421E-14, 0.0001440939132139717593 ),
 .UNSPECIFIED. ) ;
#5881 = DIRECTION ( 'NONE',  ( 0.0000000000000000000, 1.000000000000000000, 0.0000000000000000000 ) ) ;
#5882 = AXIS2_PLACEMENT_3D ( 'NONE', #3317, #6454, #8262 ) ;
#5883 = CARTESIAN_POINT ( 'NONE',  ( 8.994607792362469212, 6.250000000000363265, 5.499015461809753091 ) ) ;
#5884 = DIRECTION ( 'NONE',  ( 0.0000000000000000000, -1.000000000000000000, 0.0000000000000000000 ) ) ;
#5885 = ORIENTED_EDGE ( 'NONE', *, *, #14, .T. ) ;
#5886 = FILL_AREA_STYLE_COLOUR ( '', #247 ) ;
#5887 = FACE_BOUND ( 'NONE', #3882, .T. ) ;
#5888 = LINE ( 'NONE', #5988, #95 ) ;
#5889 = DIRECTION ( 'NONE',  ( 1.000000000000000000, 0.0000000000000000000, 0.0000000000000000000 ) ) ;
#5890 = UNCERTAINTY_MEASURE_WITH_UNIT (LENGTH_MEASURE( 1.000000000000000082E-05 ), #2782, 'distance_accuracy_value', 'NONE');
#5891 = CARTESIAN_POINT ( 'NONE',  ( -3.976961159709819782, 6.143414083933709691, 5.701440280542528605 ) ) ;
#5892 = EDGE_LOOP ( 'NONE', ( #1776, #2598, #8786, #506, #6793, #8015, #9799, #8389 ) ) ;
#5893 = VERTEX_POINT ( 'NONE', #2319 ) ;
#5894 = DIRECTION ( 'NONE',  ( -3.641714079092569968E-16, 0.0000000000000000000, -1.000000000000000000 ) ) ;
#5895 = AXIS2_PLACEMENT_3D ( 'NONE', #4337, #5826, #5240 ) ;
#5896 =( NAMED_UNIT ( * ) PLANE_ANGLE_UNIT ( ) SI_UNIT ( $, .RADIAN. ) );
#5897 = EDGE_CURVE ( 'NONE', #9339, #7949, #5419, .T. ) ;
#5898 = LINE ( 'NONE', #7491, #7710 ) ;
#5899 = AXIS2_PLACEMENT_3D ( 'NONE', #2925, #3711, #534 ) ;
#5900 = CARTESIAN_POINT ( 'NONE',  ( 4.500000000000000888, 6.900000000000019895, 4.004821471746000228 ) ) ;
#5901 = DIRECTION ( 'NONE',  ( 1.000000000000000000, 0.0000000000000000000, 0.0000000000000000000 ) ) ;
#5902 = CARTESIAN_POINT ( 'NONE',  ( 9.550000000000000711, 6.250000000000031086, 0.6500000000000289990 ) ) ;
#5903 = ORIENTED_EDGE ( 'NONE', *, *, #26, .F. ) ;
#5904 = FILL_AREA_STYLE ('',( #9848 ) ) ;
#5905 = EDGE_CURVE ( 'NONE', #4959, #3263, #649, .T. ) ;
#5906 = LINE ( 'NONE', #1706, #5423 ) ;
#5907 = VECTOR ( 'NONE', #9386, 1000.000000000000000 ) ;
#5908 = ORIENTED_EDGE ( 'NONE', *, *, #4785, .T. ) ;
#5909 = EDGE_CURVE ( 'NONE', #8053, #4136, #3174, .T. ) ;
#5910 = LINE ( 'NONE', #4085, #7896 ) ;
#5911 = ORIENTED_EDGE ( 'NONE', *, *, #1032, .T. ) ;
#5912 = VECTOR ( 'NONE', #5796, 1000.000000000000114 ) ;
#5913 = CARTESIAN_POINT ( 'NONE',  ( 3.970979442870279819, 6.380815304788059805, 5.542356440406280171 ) ) ;
#5914 = COLOUR_RGB ( '',0.2862745098039215508, 0.6431372549019607199, 0.8666666666666666963 ) ;
#5915 = ORIENTED_EDGE ( 'NONE', *, *, #7791, .F. ) ;
#5916 = SURFACE_STYLE_USAGE ( .BOTH. , #1304 ) ;
#5917 = DIRECTION ( 'NONE',  ( -1.000000000000000000, 0.0000000000000000000, 4.231032868236119855E-16 ) ) ;
#5918 = EDGE_CURVE ( 'NONE', #3171, #4105, #8931, .T. ) ;
#5919 = CARTESIAN_POINT ( 'NONE',  ( 0.9371073885686268534, 3.850000000000009415, 9.314249409997653828 ) ) ;
#5920 = ORIENTED_EDGE ( 'NONE', *, *, #3518, .T. ) ;
#5921 = CARTESIAN_POINT ( 'NONE',  ( 0.2500000000000009992, 7.750000000000000000, 0.6500000000000040190 ) ) ;
#5922 = CARTESIAN_POINT ( 'NONE',  ( -2.500000000000000000, 2.636732100714121341, 9.314249409997589879 ) ) ;
#5923 = EDGE_CURVE ( 'NONE', #2295, #5374, #10057, .T. ) ;
#5924 = AXIS2_PLACEMENT_3D ( 'NONE', #9253, #6172, #8535 ) ;
#5925 = ORIENTED_EDGE ( 'NONE', *, *, #3399, .T. ) ;
#5926 = VERTEX_POINT ( 'NONE', #6961 ) ;
#5927 = SURFACE_SIDE_STYLE ('',( #2867 ) ) ;
#5928 = DIRECTION ( 'NONE',  ( 0.0000000000000000000, 0.0000000000000000000, 1.000000000000000000 ) ) ;
#5929 = AXIS2_PLACEMENT_3D ( 'NONE', #8117, #9699, #1759 ) ;
#5930 = DIRECTION ( 'NONE',  ( 0.0000000000000000000, 0.1275217425395260284, -0.9918357753074259486 ) ) ;
#5931 = ORIENTED_EDGE ( 'NONE', *, *, #1288, .T. ) ;
#5932 = EDGE_CURVE ( 'NONE', #6542, #1497, #6295, .T. ) ;
#5933 = CARTESIAN_POINT ( 'NONE',  ( 7.500000000000000000, 4.250000000000009770, 9.500000000000000000 ) ) ;
#5934 = PLANE ( 'NONE',  #1976 ) ;
#5935 = ORIENTED_EDGE ( 'NONE', *, *, #2123, .F. ) ;
#5936 = EDGE_CURVE ( 'NONE', #1187, #5396, #3097, .T. ) ;
#5937 = CARTESIAN_POINT ( 'NONE',  ( 10.00000000000000000, 7.750000000000000000, 6.200000000000001066 ) ) ;
#5938 = MECHANICAL_DESIGN_GEOMETRIC_PRESENTATION_REPRESENTATION (  '', ( #4946 ), #6748 ) ;
#5939 = TOROIDAL_SURFACE ( 'NONE', #9870, 1.413776159319739989, 0.2000000000000000111 ) ;
#5940 = CARTESIAN_POINT ( 'NONE',  ( 8.254835393828189538, 6.973925928331420110, 2.947631442961020198 ) ) ;
#5941 = CARTESIAN_POINT ( 'NONE',  ( 10.00000000000000000, 7.150000000000000355, 6.500000000000000888 ) ) ;
#5942 = CARTESIAN_POINT ( 'NONE',  ( 5.931349185249819911, 4.650000000000010125, 9.236151811974419701 ) ) ;
#5943 = DIRECTION ( 'NONE',  ( -1.000000000000000000, 0.0000000000000000000, 0.0000000000000000000 ) ) ;
#5944 = ORIENTED_EDGE ( 'NONE', *, *, #2247, .T. ) ;
#5945 = VECTOR ( 'NONE', #7725, 1000.000000000000000 ) ;
#5946 = FILL_AREA_STYLE ('',( #9015 ) ) ;
#5947 = CIRCLE ( 'NONE', #4624, 0.5000000000000004441 ) ;
#5948 = DIRECTION ( 'NONE',  ( -0.4472135950260953119, 0.0000000000000000000, 0.8944271912368472188 ) ) ;
#5949 = ADVANCED_FACE ( 'NONE', ( #5273, #9995, #8399, #2169 ), #9218, .F. ) ;
#5950 = VECTOR ( 'NONE', #719, 1000.000000000000227 ) ;
#5951 = AXIS2_PLACEMENT_3D ( 'NONE', #7923, #4847, #2403 ) ;
#5952 =( NAMED_UNIT ( * ) PLANE_ANGLE_UNIT ( ) SI_UNIT ( $, .RADIAN. ) );
#5953 = CARTESIAN_POINT ( 'NONE',  ( 1.051396625977367494, 6.749929893934137226, 5.399706028596083840 ) ) ;
#5954 = FILL_AREA_STYLE ('',( #1291 ) ) ;
#5955 = EDGE_LOOP ( 'NONE', ( #7218, #5872, #5196, #218, #894, #9662, #4151, #7539 ) ) ;
#5956 = CARTESIAN_POINT ( 'NONE',  ( 9.062892611435067636, 3.850000000000010303, 9.314249409999250773 ) ) ;
#5957 = ORIENTED_EDGE ( 'NONE', *, *, #8457, .T. ) ;
#5958 = PRESENTATION_STYLE_ASSIGNMENT (( #6520 ) ) ;
#5959 = EDGE_LOOP ( 'NONE', ( #9415, #6192, #1040, #7605 ) ) ;
#5961 = COLOUR_RGB ( '',0.2862745098039215508, 0.6431372549019607199, 0.8666666666666666963 ) ;
#5960 = UNCERTAINTY_MEASURE_WITH_UNIT (LENGTH_MEASURE( 1.000000000000000082E-05 ), #479, 'distance_accuracy_value', 'NONE');
#5962 = FACE_OUTER_BOUND ( 'NONE', #3739, .T. ) ;
#5963 = VECTOR ( 'NONE', #3840, 1000.000000000000000 ) ;
#5964 = VERTEX_POINT ( 'NONE', #5057 ) ;
#5965 = EDGE_CURVE ( 'NONE', #10225, #6640, #7884, .T. ) ;
#5966 = B_SPLINE_CURVE_WITH_KNOTS ( 'NONE', 3,
 ( #5136, #9839, #5222, #3761, #6908, #7627 ),
 .UNSPECIFIED., .F., .F.,
 ( 4, 2, 4 ),
 ( 0.0000000000000000000, 0.5443967235616410383, 1.000000000000000000 ),
 .UNSPECIFIED. ) ;
#5967 = CYLINDRICAL_SURFACE ( 'NONE', #3286, 0.3999999999999993006 ) ;
#5968 = DIRECTION ( 'NONE',  ( -1.000000000000000000, 0.0000000000000000000, 0.0000000000000000000 ) ) ;
#5969 = DIRECTION ( 'NONE',  ( 1.000000000000000000, 2.232180943352509796E-16, 0.0000000000000000000 ) ) ;
#5970 = CARTESIAN_POINT ( 'NONE',  ( 6.450000000000000178, 6.700487189948050037, 3.990870176997169949 ) ) ;
#5971 = DIRECTION ( 'NONE',  ( 0.0000000000000000000, 0.0000000000000000000, 1.000000000000000000 ) ) ;
#5972 = SURFACE_SIDE_STYLE ('',( #3608 ) ) ;
#5973 = PRESENTATION_LAYER_ASSIGNMENT (  '', '', ( #2005 ) ) ;
#5974 =( NAMED_UNIT ( * ) SI_UNIT ( $, .STERADIAN. ) SOLID_ANGLE_UNIT ( ) );
#5975 = DIRECTION ( 'NONE',  ( -1.000000000000000000, 0.0000000000000000000, 0.0000000000000000000 ) ) ;
#5976 = CARTESIAN_POINT ( 'NONE',  ( 2.500000000000000000, 2.836223840680269781, 9.300000000000009592 ) ) ;
#5977 = ADVANCED_FACE ( 'NONE', ( #4188 ), #9720, .T. ) ;
#5978 = CARTESIAN_POINT ( 'NONE',  ( -2.500000000000000000, 5.863267899285899531, 9.314249409997589879 ) ) ;
#5979 = EDGE_LOOP ( 'NONE', ( #4578, #4816, #96, #5695, #5459, #8523, #5378, #1987, #5046, #9576, #4491, #7305 ) ) ;
#5980 = DIRECTION ( 'NONE',  ( -0.4472135950260953119, 5.476786976838883161E-17, 0.8944271912368472188 ) ) ;
#5981 = VERTEX_POINT ( 'NONE', #3214 ) ;
#5982 = CARTESIAN_POINT ( 'NONE',  ( 1.449999999999999956, 6.700487189948050037, 3.990870176997169949 ) ) ;
#5983 = CYLINDRICAL_SURFACE ( 'NONE', #9354, 0.5999999999999998668 ) ;
#5984 = EDGE_LOOP ( 'NONE', ( #4759, #7034, #3747, #10112 ) ) ;
#5985 = VECTOR ( 'NONE', #3007, 1000.000000000000114 ) ;
#5986 = ADVANCED_FACE ( 'NONE', ( #8180 ), #9166, .T. ) ;
#5987 = EDGE_CURVE ( 'NONE', #7810, #8477, #1048, .T. ) ;
#5988 = CARTESIAN_POINT ( 'NONE',  ( 9.550000000000000711, 7.250000000000000000, 5.700000000000000178 ) ) ;
#5989 = CARTESIAN_POINT ( 'NONE',  ( 1.023102752130522486, 6.379062758813164535, 5.679065084668725838 ) ) ;
#5990 =( NAMED_UNIT ( * ) SI_UNIT ( $, .STERADIAN. ) SOLID_ANGLE_UNIT ( ) );
#5991 = CARTESIAN_POINT ( 'NONE',  ( -3.976962562486499930, 6.379043465882250352, 5.701156363462399845 ) ) ;
#5992 = ORIENTED_EDGE ( 'NONE', *, *, #10194, .F. ) ;
#5993 = FILL_AREA_STYLE_COLOUR ( '', #9414 ) ;
#5994 = CARTESIAN_POINT ( 'NONE',  ( 8.958155914341494608, 6.384612859941898755, 5.465433459296769492 ) ) ;
#5995 = LINE ( 'NONE', #8446, #2620 ) ;
#5996 = AXIS2_PLACEMENT_3D ( 'NONE', #8577, #6888, #3079 ) ;
#5997 = LINE ( 'NONE', #1964, #826 ) ;
#5998 = DIRECTION ( 'NONE',  ( 0.0000000000000000000, 1.000000000000000000, 0.0000000000000000000 ) ) ;
#5999 = EDGE_CURVE ( 'NONE', #4735, #2378, #4000, .T. ) ;
#6000 = CARTESIAN_POINT ( 'NONE',  ( 8.550000000000000711, 6.405650476444289865, 3.372082935692199968 ) ) ;
#6001 = ORIENTED_EDGE ( 'NONE', *, *, #7707, .T. ) ;
#6002 =( LENGTH_UNIT ( ) NAMED_UNIT ( * ) SI_UNIT ( .MILLI., .METRE. ) );
#6003 = ORIENTED_EDGE ( 'NONE', *, *, #1507, .T. ) ;
#6004 = VECTOR ( 'NONE', #6165, 1000.000000000000000 ) ;
#6005 = ORIENTED_EDGE ( 'NONE', *, *, #3159, .T. ) ;
#6006 =( GEOMETRIC_REPRESENTATION_CONTEXT ( 3 ) GLOBAL_UNCERTAINTY_ASSIGNED_CONTEXT ( ( #7330 ) ) GLOBAL_UNIT_ASSIGNED_CONTEXT ( ( #8617, #1556, #716 ) ) REPRESENTATION_CONTEXT ( 'NONE', 'WORKASPACE' ) );
#6007 = CARTESIAN_POINT ( 'NONE',  ( 0.0000000000000000000, 1.800000000000000266, 9.999999999999989342 ) ) ;
#6008 = CARTESIAN_POINT ( 'NONE',  ( -2.500000000000000000, 4.250000000000009770, 9.314249409997589879 ) ) ;
#6009 = CARTESIAN_POINT ( 'NONE',  ( 5.899218940641789644, 4.650000000000010125, 8.800000000000000711 ) ) ;
#6010 = CARTESIAN_POINT ( 'NONE',  ( 0.9255929274512599836, 3.850000000000010303, 9.158054070483700571 ) ) ;
#6011 =( NAMED_UNIT ( * ) PLANE_ANGLE_UNIT ( ) SI_UNIT ( $, .RADIAN. ) );
#6012 = CARTESIAN_POINT ( 'NONE',  ( 8.986631417075429340, 6.290959454332277545, 5.697427312480219719 ) ) ;
#6013 = DIRECTION ( 'NONE',  ( 1.000000000000000000, 0.0000000000000000000, 0.0000000000000000000 ) ) ;
#6014 = SURFACE_STYLE_USAGE ( .BOTH. , #5972 ) ;
#6015 = DIRECTION ( 'NONE',  ( -1.000000000000000000, 0.0000000000000000000, 0.0000000000000000000 ) ) ;
#6016 = DIRECTION ( 'NONE',  ( 0.0000000000000000000, 1.000000000000000000, 0.0000000000000000000 ) ) ;
#6017 = DIRECTION ( 'NONE',  ( 0.0000000000000000000, -1.000000000000000000, 0.0000000000000000000 ) ) ;
#6018 = CARTESIAN_POINT ( 'NONE',  ( -2.500000000000000000, 5.950000000000040146, 1.349999999999999867 ) ) ;
#6019 = ORIENTED_EDGE ( 'NONE', *, *, #2806, .F. ) ;
#6020 = DIRECTION ( 'NONE',  ( 0.0000000000000000000, 0.0000000000000000000, 1.000000000000000000 ) ) ;
#6021 = SURFACE_SIDE_STYLE ('',( #8190 ) ) ;
#6022 = DIRECTION ( 'NONE',  ( 0.0000000000000000000, 0.0000000000000000000, 1.000000000000000000 ) ) ;
#6023 = EDGE_LOOP ( 'NONE', ( #5992, #5339, #1006, #6769 ) ) ;
#6024 = ADVANCED_FACE ( 'NONE', ( #1107 ), #4957, .T. ) ;
#6025 =( BOUNDED_CURVE ( )  B_SPLINE_CURVE ( 3, ( #6104, #757, #7072, #8504 ),
 .UNSPECIFIED., .F., .T. ) 
 B_SPLINE_CURVE_WITH_KNOTS ( ( 4, 4 ),
 ( 4.758910074651783617, 4.782202150464453183 ),
 .UNSPECIFIED. ) 
 CURVE ( )  GEOMETRIC_REPRESENTATION_ITEM ( )  RATIONAL_B_SPLINE_CURVE ( ( 1.000000000000000000, 0.9999547904446798308, 0.9999547904446798308, 1.000000000000000000 ) ) 
 REPRESENTATION_ITEM ( '' )  );
#6026 = CARTESIAN_POINT ( 'NONE',  ( 6.041844085658512498, 6.384612859941942276, 5.465433459296741958 ) ) ;
#6027 = DIRECTION ( 'NONE',  ( 0.0000000000000000000, 0.0000000000000000000, -1.000000000000000000 ) ) ;
#6028 = AXIS2_PLACEMENT_3D ( 'NONE', #2576, #2529, #4211 ) ;
#6029 = VECTOR ( 'NONE', #9711, 1000.000000000000000 ) ;
#6030 = DIRECTION ( 'NONE',  ( 0.0000000000000000000, 0.0000000000000000000, -1.000000000000000000 ) ) ;
#6031 = FILL_AREA_STYLE ('',( #9835 ) ) ;
#6032 = EDGE_LOOP ( 'NONE', ( #3684, #3051, #6774, #7150 ) ) ;
#6033 = ADVANCED_FACE ( 'NONE', ( #6649 ), #1583, .T. ) ;
#6034 =( LENGTH_UNIT ( ) NAMED_UNIT ( * ) SI_UNIT ( .MILLI., .METRE. ) );
#6035 = EDGE_CURVE ( 'NONE', #6864, #3857, #8907, .T. ) ;
#6036 = FACE_OUTER_BOUND ( 'NONE', #6023, .T. ) ;
#6037 = CARTESIAN_POINT ( 'NONE',  ( -3.000000000000000000, 4.250000000000031086, -5.204170427930419706E-15 ) ) ;
#6038 = PRESENTATION_LAYER_ASSIGNMENT (  '', '', ( #2900 ) ) ;
#6039 = DIRECTION ( 'NONE',  ( 0.8660254037844380415, -0.5000000000000009992, 0.0000000000000000000 ) ) ;
#6040 = ORIENTED_EDGE ( 'NONE', *, *, #1614, .F. ) ;
#6041 = CARTESIAN_POINT ( 'NONE',  ( 8.550000000000000711, 6.700487189948059807, 3.990870176997169949 ) ) ;
#6042 = PRESENTATION_STYLE_ASSIGNMENT (( #9076 ) ) ;
#6043 = AXIS2_PLACEMENT_3D ( 'NONE', #7306, #9551, #6371 ) ;
#6044 = CARTESIAN_POINT ( 'NONE',  ( 6.143990033716241861, 4.650000000000010125, 9.500000000000000000 ) ) ;
#6045 = ORIENTED_EDGE ( 'NONE', *, *, #4650, .T. ) ;
#6046 = B_SPLINE_CURVE_WITH_KNOTS ( 'NONE', 3,
 ( #7454, #8315, #3645, #9083, #9702, #2851 ),
 .UNSPECIFIED., .F., .F.,
 ( 4, 2, 4 ),
 ( 0.0000000000000000000, 0.4556032744929219835, 1.000000000000000000 ),
 .UNSPECIFIED. ) ;
#6047 = EDGE_CURVE ( 'NONE', #3643, #9310, #2496, .T. ) ;
#6048 = DIRECTION ( 'NONE',  ( -1.000000000000000000, 0.0000000000000000000, -3.641714079092569968E-16 ) ) ;
#6049 = ORIENTED_EDGE ( 'NONE', *, *, #1549, .F. ) ;
#6050 = ORIENTED_EDGE ( 'NONE', *, *, #8294, .F. ) ;
#6051 = VECTOR ( 'NONE', #1278, 1000.000000000000000 ) ;
#6052 = UNCERTAINTY_MEASURE_WITH_UNIT (LENGTH_MEASURE( 1.000000000000000082E-05 ), #3571, 'distance_accuracy_value', 'NONE');
#6053 = ORIENTED_EDGE ( 'NONE', *, *, #2220, .F. ) ;
#6054 = DIRECTION ( 'NONE',  ( -6.323770134184271214E-17, -0.9848077530122081313, -0.1736481776669300259 ) ) ;
#6055 = SURFACE_SIDE_STYLE ('',( #7020 ) ) ;
#6056 = ORIENTED_EDGE ( 'NONE', *, *, #1402, .T. ) ;
#6057 = FACE_OUTER_BOUND ( 'NONE', #5555, .T. ) ;
#6058 = VECTOR ( 'NONE', #1448, 1000.000000000000000 ) ;
#6059 = FILL_AREA_STYLE ('',( #6262 ) ) ;
#6060 = DIRECTION ( 'NONE',  ( 4.311199699514559827E-15, -1.000000000000000000, 0.0000000000000000000 ) ) ;
#6061 = EDGE_CURVE ( 'NONE', #4739, #9477, #9971, .T. ) ;
#6062 = AXIS2_PLACEMENT_3D ( 'NONE', #9621, #8147, #4245 ) ;
#6063 = FACE_OUTER_BOUND ( 'NONE', #43, .T. ) ;
#6064 = FACE_OUTER_BOUND ( 'NONE', #2537, .T. ) ;
#6065 = PLANE ( 'NONE',  #1506 ) ;
#6066 = CARTESIAN_POINT ( 'NONE',  ( -3.908230602241417717, 6.595770259307299099, 5.257011279829173489 ) ) ;
#6067 = ORIENTED_EDGE ( 'NONE', *, *, #213, .T. ) ;
#6068 = CARTESIAN_POINT ( 'NONE',  ( 4.500000000000000888, 6.900000000000019895, 4.004821471746000228 ) ) ;
#6069 = ORIENTED_EDGE ( 'NONE', *, *, #9854, .T. ) ;
#6070 = VECTOR ( 'NONE', #5831, 1000.000000000000000 ) ;
#6071 = SURFACE_STYLE_USAGE ( .BOTH. , #12 ) ;
#6072 = LINE ( 'NONE', #529, #1135 ) ;
#6073 = ORIENTED_EDGE ( 'NONE', *, *, #9793, .T. ) ;
#6074 = ADVANCED_FACE ( 'NONE', ( #2085 ), #4530, .F. ) ;
#6075 = LINE ( 'NONE', #9200, #4472 ) ;
#6076 = COLOUR_RGB ( '',0.2862745098039215508, 0.6431372549019607199, 0.8666666666666666963 ) ;
#6077 = CARTESIAN_POINT ( 'NONE',  ( 10.00000000000000000, 6.436102000195529804, 9.700000000000001066 ) ) ;
#6078 = VECTOR ( 'NONE', #3650, 1000.000000000000000 ) ;
#6079 = CARTESIAN_POINT ( 'NONE',  ( 9.034292344244924777, 3.850000000000010303, 9.413932751395408971 ) ) ;
#6080 = CARTESIAN_POINT ( 'NONE',  ( 6.023102587141516473, 6.379062759268807170, 5.679065083714005091 ) ) ;
#6081 = CARTESIAN_POINT ( 'NONE',  ( 6.450000000000000178, 5.950000000000040146, 3.494824785299559977 ) ) ;
#6082 = EDGE_CURVE ( 'NONE', #4616, #6986, #8429, .T. ) ;
#6083 = VERTEX_POINT ( 'NONE', #5203 ) ;
#6084 = DIRECTION ( 'NONE',  ( 0.0000000000000000000, 0.0000000000000000000, -1.000000000000000000 ) ) ;
#6085 = AXIS2_PLACEMENT_3D ( 'NONE', #123, #8854, #8143 ) ;
#6086 = FACE_OUTER_BOUND ( 'NONE', #7849, .T. ) ;
#6087 = VECTOR ( 'NONE', #3462, 1000.000000000000000 ) ;
#6088 = AXIS2_PLACEMENT_3D ( 'NONE', #4971, #899, #4244 ) ;
#6089 = VECTOR ( 'NONE', #9637, 999.9999999999998863 ) ;
#6090 =( REPRESENTATION_RELATIONSHIP ('NONE','NONE', #3415, #4147 ) REPRESENTATION_RELATIONSHIP_WITH_TRANSFORMATION ( #4093 )SHAPE_REPRESENTATION_RELATIONSHIP( ) );
#6091 =( NAMED_UNIT ( * ) SI_UNIT ( $, .STERADIAN. ) SOLID_ANGLE_UNIT ( ) );
#6092 = CARTESIAN_POINT ( 'NONE',  ( 4.500000000000000888, 6.250000000000031086, 5.499015461808849814 ) ) ;
#6093 = PLANE ( 'NONE',  #2929 ) ;
#6094 = AXIS2_PLACEMENT_3D ( 'NONE', #5628, #3931, #3990 ) ;
#6095 =( GEOMETRIC_REPRESENTATION_CONTEXT ( 3 ) GLOBAL_UNCERTAINTY_ASSIGNED_CONTEXT ( ( #8450 ) ) GLOBAL_UNIT_ASSIGNED_CONTEXT ( ( #4388, #6696, #5310 ) ) REPRESENTATION_CONTEXT ( 'NONE', 'WORKASPACE' ) );
#6096 = SURFACE_STYLE_FILL_AREA ( #2944 ) ;
#6097 = ADVANCED_FACE ( 'NONE', ( #4575 ), #2044, .T. ) ;
#6098 = EDGE_LOOP ( 'NONE', ( #2842, #484, #3547, #8141 ) ) ;
#6099 = ORIENTED_EDGE ( 'NONE', *, *, #1961, .T. ) ;
#6100 = EDGE_LOOP ( 'NONE', ( #6988, #1765, #10106, #8758 ) ) ;
#6101 =( GEOMETRIC_REPRESENTATION_CONTEXT ( 3 ) GLOBAL_UNCERTAINTY_ASSIGNED_CONTEXT ( ( #8341 ) ) GLOBAL_UNIT_ASSIGNED_CONTEXT ( ( #516, #469, #9873 ) ) REPRESENTATION_CONTEXT ( 'NONE', 'WORKASPACE' ) );
#6102 = VECTOR ( 'NONE', #7200, 1000.000000000000000 ) ;
#6103 = MECHANICAL_DESIGN_GEOMETRIC_PRESENTATION_REPRESENTATION (  '', ( #5425 ), #453 ) ;
#6104 = CARTESIAN_POINT ( 'NONE',  ( -1.449999999999999956, 6.900812423267500328, 3.990870176997180607 ) ) ;
#6105 = AXIS2_PLACEMENT_3D ( 'NONE', #7437, #7526, #8257 ) ;
#6106 = ORIENTED_EDGE ( 'NONE', *, *, #8942, .F. ) ;
#6107 = CARTESIAN_POINT ( 'NONE',  ( 6.450000000000000178, 6.405650476444289865, 3.372082935692199968 ) ) ;
#6108 = MECHANICAL_DESIGN_GEOMETRIC_PRESENTATION_REPRESENTATION (  '', ( #4157 ), #9067 ) ;
#6109 = LINE ( 'NONE', #1110, #7751 ) ;
#6110 = DIRECTION ( 'NONE',  ( 0.0000000000000000000, 0.0000000000000000000, -1.000000000000000000 ) ) ;
#6111 = DIRECTION ( 'NONE',  ( 0.0000000000000000000, 0.0000000000000000000, -1.000000000000000000 ) ) ;
#6112 = CARTESIAN_POINT ( 'NONE',  ( 9.750000000000010658, 7.750000000000000000, 5.900000000000000355 ) ) ;
#6113 = DIRECTION ( 'NONE',  ( 1.000000000000000000, 2.232180943352509796E-16, 0.0000000000000000000 ) ) ;
#6114 = TOROIDAL_SURFACE ( 'NONE', #8570, 1.413776159319739989, 0.2000000000000000111 ) ;
#6115 = FACE_BOUND ( 'NONE', #4168, .T. ) ;
#6116 = PRESENTATION_STYLE_ASSIGNMENT (( #8468 ) ) ;
#6117 = DIRECTION ( 'NONE',  ( 0.0000000000000000000, -1.000000000000000000, -3.965082230804152702E-15 ) ) ;
#6118 = CARTESIAN_POINT ( 'NONE',  ( -4.100781059358210356, 3.850000000000010303, 8.800000000000009592 ) ) ;
#6119 = VECTOR ( 'NONE', #9663, 1000.000000000000000 ) ;
#6120 = CARTESIAN_POINT ( 'NONE',  ( 3.907431421379209624, 4.650000000000011902, 9.500000000000000000 ) ) ;
#6121 = EDGE_LOOP ( 'NONE', ( #885, #1514, #7516, #1722, #1186, #5931, #2480, #8749, #1761, #1109, #4126, #5957, #2505, #3802, #1223 ) ) ;
#6122 = DIRECTION ( 'NONE',  ( 1.000000000000000000, 0.0000000000000000000, 0.0000000000000000000 ) ) ;
#6123 = ORIENTED_EDGE ( 'NONE', *, *, #10105, .F. ) ;
#6124 = CARTESIAN_POINT ( 'NONE',  ( 6.023102587141516473, 6.379062759268807170, 5.679065083714005091 ) ) ;
#6125 = DIRECTION ( 'NONE',  ( 0.0000000000000000000, -0.4264192316982558517, -0.9045256429962995615 ) ) ;
#6126 = ORIENTED_EDGE ( 'NONE', *, *, #737, .F. ) ;
#6127 = PRESENTATION_LAYER_ASSIGNMENT (  '', '', ( #670 ) ) ;
#6128 = CYLINDRICAL_SURFACE ( 'NONE', #8719, 0.4000000000000001887 ) ;
#6129 =( BOUNDED_CURVE ( )  B_SPLINE_CURVE ( 3, ( #4628, #6983, #5496, #7695 ),
 .UNSPECIFIED., .F., .T. ) 
 B_SPLINE_CURVE_WITH_KNOTS ( ( 4, 4 ),
 ( 2.977423445241607514, 3.130753691978169773 ),
 .UNSPECIFIED. ) 
 CURVE ( )  GEOMETRIC_REPRESENTATION_ITEM ( )  RATIONAL_B_SPLINE_CURVE ( ( 1.000000000000000000, 0.9980417790286001400, 0.9980417790286001400, 1.000000000000000000 ) ) 
 REPRESENTATION_ITEM ( '' )  );
#6130 = CYLINDRICAL_SURFACE ( 'NONE', #3256, 0.5999999999999998668 ) ;
#6131 = DIRECTION ( 'NONE',  ( 3.641714079092569968E-16, 0.0000000000000000000, -1.000000000000000000 ) ) ;
#6132 = FILL_AREA_STYLE ('',( #6951 ) ) ;
#6133 = CARTESIAN_POINT ( 'NONE',  ( 3.924099116621577288, 6.782835288287570208, 5.313097438219570812 ) ) ;
#6134 = ORIENTED_EDGE ( 'NONE', *, *, #390, .T. ) ;
#6135 = CARTESIAN_POINT ( 'NONE',  ( -3.957786553235357108, 3.850000000000008971, 9.481490714224470651 ) ) ;
#6136 = AXIS2_PLACEMENT_3D ( 'NONE', #9274, #759, #4768 ) ;
#6137 = FILL_AREA_STYLE ('',( #5329 ) ) ;
#6138 = DIRECTION ( 'NONE',  ( -1.000000000000000000, 0.0000000000000000000, 4.231032868236119855E-16 ) ) ;
#6139 = AXIS2_PLACEMENT_3D ( 'NONE', #6238, #5027, #8757 ) ;
#6140 = EDGE_LOOP ( 'NONE', ( #4046, #6318, #4469, #7833 ) ) ;
#6141 = LINE ( 'NONE', #2427, #3612 ) ;
#6142 = EDGE_CURVE ( 'NONE', #1757, #7256, #6947, .T. ) ;
#6143 = VERTEX_POINT ( 'NONE', #7608 ) ;
#6144 = ORIENTED_EDGE ( 'NONE', *, *, #5526, .T. ) ;
#6145 = ADVANCED_FACE ( 'NONE', ( #3699 ), #6065, .T. ) ;
#6146 = B_SPLINE_CURVE_WITH_KNOTS ( 'NONE', 3,
 ( #9311, #7064, #5478, #6302, #1488, #3105 ),
 .UNSPECIFIED., .F., .F.,
 ( 4, 2, 4 ),
 ( 5.339076512604073141E-18, 0.0001520665957081947044, 0.0003041331914163840420 ),
 .UNSPECIFIED. ) ;
#6147 = CARTESIAN_POINT ( 'NONE',  ( 2.500000000000000000, 9.550000000000029132, 2.750000000000000000 ) ) ;
#6148 = CARTESIAN_POINT ( 'NONE',  ( 6.450000000000000178, -1.462314593354880232, 3.990870176997169949 ) ) ;
#6149 = ORIENTED_EDGE ( 'NONE', *, *, #2186, .F. ) ;
#6150 = PLANE ( 'NONE',  #2460 ) ;
#6151 = PRESENTATION_LAYER_ASSIGNMENT (  '', '', ( #3866 ) ) ;
#6152 = CIRCLE ( 'NONE', #3031, 1.613267899285889984 ) ;
#6153 = ADVANCED_FACE ( 'NONE', ( #1510 ), #4682, .T. ) ;
#6154 = CARTESIAN_POINT ( 'NONE',  ( 3.952762705856756931, 6.457752998363945451, 5.432877601087723107 ) ) ;
#6155 = EDGE_CURVE ( 'NONE', #1929, #2273, #2391, .T. ) ;
#6156 = DIRECTION ( 'NONE',  ( 0.0000000000000000000, 0.9975640502598243087, 0.06975647374412512203 ) ) ;
#6157 = DIRECTION ( 'NONE',  ( 0.0000000000000000000, -1.000000000000000000, 0.0000000000000000000 ) ) ;
#6158 = DIRECTION ( 'NONE',  ( 0.0000000000000000000, 0.0000000000000000000, -1.000000000000000000 ) ) ;
#6159 = CARTESIAN_POINT ( 'NONE',  ( 4.093910474793799992, 3.850000000000010303, 8.893318922984189356 ) ) ;
#6160 = SURFACE_SIDE_STYLE ('',( #3021 ) ) ;
#6161 = DIRECTION ( 'NONE',  ( 1.000000000000000000, 2.232180943352509796E-16, 0.0000000000000000000 ) ) ;
#6162 = ORIENTED_EDGE ( 'NONE', *, *, #5345, .F. ) ;
#6163 = CARTESIAN_POINT ( 'NONE',  ( 5.937107388568627186, 3.850000000000009415, 9.314249409997643170 ) ) ;
#6164 = ORIENTED_EDGE ( 'NONE', *, *, #258, .F. ) ;
#6165 = DIRECTION ( 'NONE',  ( 0.0000000000000000000, 0.0000000000000000000, 1.000000000000000000 ) ) ;
#6166 = ADVANCED_FACE ( 'NONE', ( #8668 ), #1608, .T. ) ;
#6167 = ORIENTED_EDGE ( 'NONE', *, *, #2821, .T. ) ;
#6168 = DIRECTION ( 'NONE',  ( -1.000000000000000000, 0.0000000000000000000, 3.641714079092569968E-16 ) ) ;
#6169 = VERTEX_POINT ( 'NONE', #3189 ) ;
#6170 = FILL_AREA_STYLE ('',( #5461 ) ) ;
#6171 = CARTESIAN_POINT ( 'NONE',  ( 10.00000000000000000, 1.990236984239069917, 9.700000000000001066 ) ) ;
#6172 = DIRECTION ( 'NONE',  ( 0.0000000000000000000, 0.0000000000000000000, -1.000000000000000000 ) ) ;
#6173 = CARTESIAN_POINT ( 'NONE',  ( 4.500000000000000888, 6.370920840910899940, 3.569044486294639995 ) ) ;
#6174 = FACE_OUTER_BOUND ( 'NONE', #5959, .T. ) ;
#6175 = CARTESIAN_POINT ( 'NONE',  ( -3.958155913534425530, 6.384612859889100100, 5.465433459372670555 ) ) ;
#6176 = VERTEX_POINT ( 'NONE', #724 ) ;
#6177 = CARTESIAN_POINT ( 'NONE',  ( 8.969861671573260864, 6.381146321179253178, 5.536094731449493267 ) ) ;
#6178 = DIRECTION ( 'NONE',  ( 0.0000000000000000000, 1.000000000000000000, 0.0000000000000000000 ) ) ;
#6179 = CARTESIAN_POINT ( 'NONE',  ( 9.550000000000000711, 6.250000000000031086, 5.700000000000000178 ) ) ;
#6180 = SURFACE_STYLE_FILL_AREA ( #3046 ) ;
#6181 = CARTESIAN_POINT ( 'NONE',  ( 0.3549999999999999822, 0.7350406544375860385, 6.200000000000001066 ) ) ;
#6182 = UNCERTAINTY_MEASURE_WITH_UNIT (LENGTH_MEASURE( 1.000000000000000082E-05 ), #4231, 'distance_accuracy_value', 'NONE');
#6183 = DIRECTION ( 'NONE',  ( 0.0000000000000000000, -1.000000000000000000, 0.0000000000000000000 ) ) ;
#6184 = ORIENTED_EDGE ( 'NONE', *, *, #6500, .T. ) ;
#6185 = DIRECTION ( 'NONE',  ( -1.000000000000000000, 0.0000000000000000000, 0.0000000000000000000 ) ) ;
#6186 = MECHANICAL_DESIGN_GEOMETRIC_PRESENTATION_REPRESENTATION (  '', ( #7511 ), #1567 ) ;
#6187 = ORIENTED_EDGE ( 'NONE', *, *, #7869, .F. ) ;
#6188 = ORIENTED_EDGE ( 'NONE', *, *, #3759, .T. ) ;
#6189 = MECHANICAL_DESIGN_GEOMETRIC_PRESENTATION_REPRESENTATION (  '', ( #2739 ), #6528 ) ;
#6190 = FILL_AREA_STYLE_COLOUR ( '', #7752 ) ;
#6191 = ADVANCED_FACE ( 'NONE', ( #5 ), #7790, .T. ) ;
#6192 = ORIENTED_EDGE ( 'NONE', *, *, #1178, .F. ) ;
#6193 = CARTESIAN_POINT ( 'NONE',  ( 4.549999999999999822, 6.250000000000031086, 5.700000000000000178 ) ) ;
#6194 = ORIENTED_EDGE ( 'NONE', *, *, #4571, .T. ) ;
#6195 = CARTESIAN_POINT ( 'NONE',  ( -1.109592952281647449, 6.616355096402057434, 5.194015168276952643 ) ) ;
#6196 = SURFACE_STYLE_FILL_AREA ( #6256 ) ;
#6197 = DIRECTION ( 'NONE',  ( 0.0000000000000000000, 1.000000000000000000, 0.0000000000000000000 ) ) ;
#6198 = EDGE_CURVE ( 'NONE', #551, #2592, #5818, .T. ) ;
#6199 = CARTESIAN_POINT ( 'NONE',  ( 4.500000000000000888, 5.950000000000040146, 3.494824785299559977 ) ) ;
#6200 = EDGE_LOOP ( 'NONE', ( #8628, #4932, #311, #4155 ) ) ;
#6201 = DIRECTION ( 'NONE',  ( 0.0000000000000000000, -1.000000000000000000, -3.965082230804152702E-15 ) ) ;
#6202 = CARTESIAN_POINT ( 'NONE',  ( -4.087037305134390230, 4.650000000000010125, 8.986637655680240755 ) ) ;
#6203 = EDGE_CURVE ( 'NONE', #2070, #1213, #7123, .T. ) ;
#6204 =( NAMED_UNIT ( * ) PLANE_ANGLE_UNIT ( ) SI_UNIT ( $, .RADIAN. ) );
#6205 = AXIS2_PLACEMENT_3D ( 'NONE', #4955, #3453, #888 ) ;
#6206 = CARTESIAN_POINT ( 'NONE',  ( 2.500000000000000000, 4.250000000000000000, 9.999999999999989342 ) ) ;
#6207 = ORIENTED_EDGE ( 'NONE', *, *, #5159, .T. ) ;
#6208 = CARTESIAN_POINT ( 'NONE',  ( 6.092568578620797481, 3.850000000000008527, 9.500000000000003553 ) ) ;
#6209 = EDGE_CURVE ( 'NONE', #8751, #9788, #5759, .T. ) ;
#6210 = ORIENTED_EDGE ( 'NONE', *, *, #6061, .F. ) ;
#6211 = CARTESIAN_POINT ( 'NONE',  ( -3.549999999999999822, -1.462314593354880232, 3.990870176997180607 ) ) ;
#6212 = ORIENTED_EDGE ( 'NONE', *, *, #3749, .F. ) ;
#6213 = DIRECTION ( 'NONE',  ( 1.717547996016639994E-16, 0.0000000000000000000, 1.000000000000000000 ) ) ;
#6214 = DIRECTION ( 'NONE',  ( 0.0000000000000000000, 0.0000000000000000000, -1.000000000000000000 ) ) ;
#6215 = ORIENTED_EDGE ( 'NONE', *, *, #9747, .F. ) ;
#6216 = COLOUR_RGB ( '',0.2862745098039215508, 0.6431372549019607199, 0.8666666666666666963 ) ;
#6217 = DIRECTION ( 'NONE',  ( -1.000000000000000000, 0.0000000000000000000, 0.0000000000000000000 ) ) ;
#6218 = EDGE_CURVE ( 'NONE', #7071, #6966, #3554, .T. ) ;
#6219 = DIRECTION ( 'NONE',  ( 0.0000000000000000000, 0.0000000000000000000, 1.000000000000000000 ) ) ;
#6220 = ADVANCED_FACE ( 'NONE', ( #3505 ), #4114, .T. ) ;
#6221 = DIRECTION ( 'NONE',  ( 0.0000000000000000000, -0.9975640502598243087, -0.06975647374412512203 ) ) ;
#6222 = VECTOR ( 'NONE', #2893, 1000.000000000000114 ) ;
#6223 = CARTESIAN_POINT ( 'NONE',  ( 7.500000000000000000, 5.950000000000040146, 2.750000000000000000 ) ) ;
#6224 = DIRECTION ( 'NONE',  ( -8.725247161685363089E-18, 0.07124704990663610626, -0.9974586998365402302 ) ) ;
#6225 = DIRECTION ( 'NONE',  ( 0.4472135950260953119, -5.476786976838883161E-17, 0.8944271912368472188 ) ) ;
#6226 = ORIENTED_EDGE ( 'NONE', *, *, #8822, .T. ) ;
#6227 = CARTESIAN_POINT ( 'NONE',  ( 1.449999999999999956, 6.700487189948050037, 3.990870176997180607 ) ) ;
#6228 = CARTESIAN_POINT ( 'NONE',  ( -2.500000000000000000, 4.250000000000031086, -4.349999999999999645 ) ) ;
#6229 = PRESENTATION_STYLE_ASSIGNMENT (( #1423 ) ) ;
#6230 = B_SPLINE_CURVE_WITH_KNOTS ( 'NONE', 3,
 ( #7283, #7998, #6457, #6623, #7386, #198, #7337, #3377 ),
 .UNSPECIFIED., .F., .F.,
 ( 4, 2, 2, 4 ),
 ( 0.0000000000000000000, 0.1326693844476060091, 0.4942272126317400205, 1.000000000000000000 ),
 .UNSPECIFIED. ) ;
#6231 = CIRCLE ( 'NONE', #3451, 0.5000000000000000000 ) ;
#6232 =( LENGTH_UNIT ( ) NAMED_UNIT ( * ) SI_UNIT ( .MILLI., .METRE. ) );
#6233 = DIRECTION ( 'NONE',  ( -1.000000000000000000, 0.0000000000000000000, 0.0000000000000000000 ) ) ;
#6234 = EDGE_CURVE ( 'NONE', #1407, #6697, #986, .T. ) ;
#6235 = DIRECTION ( 'NONE',  ( -1.000000000000000000, -5.580452358381269806E-16, 0.0000000000000000000 ) ) ;
#6236 = DIRECTION ( 'NONE',  ( 5.152643988049929844E-16, 0.0000000000000000000, 1.000000000000000000 ) ) ;
#6237 = CIRCLE ( 'NONE', #5263, 1.613267899285889984 ) ;
#6238 = CARTESIAN_POINT ( 'NONE',  ( 7.500000000000000000, 4.250000000000009770, 9.500000000000000000 ) ) ;
#6239 = VECTOR ( 'NONE', #8937, 1000.000000000000000 ) ;
#6240 = ORIENTED_EDGE ( 'NONE', *, *, #1622, .T. ) ;
#6241 = ORIENTED_EDGE ( 'NONE', *, *, #7114, .T. ) ;
#6242 = CARTESIAN_POINT ( 'NONE',  ( 0.5500000000000000444, 1.877542648054139951, -7.728965982074889342E-15 ) ) ;
#6243 = VECTOR ( 'NONE', #8948, 1000.000000000000000 ) ;
#6244 = DIRECTION ( 'NONE',  ( 0.0000000000000000000, 0.0000000000000000000, -1.000000000000000000 ) ) ;
#6245 = EDGE_CURVE ( 'NONE', #8314, #1570, #2672, .T. ) ;
#6246 = VECTOR ( 'NONE', #2970, 1000.000000000000000 ) ;
#6247 = VERTEX_POINT ( 'NONE', #1036 ) ;
#6248 = ORIENTED_EDGE ( 'NONE', *, *, #5000, .T. ) ;
#6249 = CIRCLE ( 'NONE', #8058, 1.413776159319739989 ) ;
#6250 = CIRCLE ( 'NONE', #1451, 1.649999999999999467 ) ;
#6251 = FACE_OUTER_BOUND ( 'NONE', #5892, .T. ) ;
#6252 = ORIENTED_EDGE ( 'NONE', *, *, #1245, .T. ) ;
#6253 = DIRECTION ( 'NONE',  ( -1.000000000000000000, 0.0000000000000000000, 0.0000000000000000000 ) ) ;
#6254 = ORIENTED_EDGE ( 'NONE', *, *, #8220, .T. ) ;
#6255 = DIRECTION ( 'NONE',  ( 0.0000000000000000000, 0.9284766908852596368, 0.3713906763541028888 ) ) ;
#6256 = FILL_AREA_STYLE ('',( #3116 ) ) ;
#6257 = DIRECTION ( 'NONE',  ( 0.0000000000000000000, 0.0000000000000000000, 1.000000000000000000 ) ) ;
#6258 = AXIS2_PLACEMENT_3D ( 'NONE', #5933, #2824, #9055 ) ;
#6259 = CARTESIAN_POINT ( 'NONE',  ( 0.7999999999999990452, 3.850000000000010303, 8.800000000000009592 ) ) ;
#6260 = VERTEX_POINT ( 'NONE', #1921 ) ;
#6261 = AXIS2_PLACEMENT_3D ( 'NONE', #2917, #423, #5117 ) ;
#6262 = FILL_AREA_STYLE_COLOUR ( '', #2913 ) ;
#6263 = CARTESIAN_POINT ( 'NONE',  ( -0.4499999999999990119, 7.250000000000000000, 5.700000000000000178 ) ) ;
#6264 = CIRCLE ( 'NONE', #9531, 1.400000000000000133 ) ;
#6265 = EDGE_CURVE ( 'NONE', #1848, #1127, #8833, .T. ) ;
#6266 = DIRECTION ( 'NONE',  ( -1.000000000000000000, 0.0000000000000000000, 0.0000000000000000000 ) ) ;
#6267 = AXIS2_PLACEMENT_3D ( 'NONE', #2054, #1371, #5175 ) ;
#6268 = CARTESIAN_POINT ( 'NONE',  ( 4.068650814757519996, 3.850000000000010303, 9.236151811976082371 ) ) ;
#6269 = CARTESIAN_POINT ( 'NONE',  ( 5.450000000000000178, 6.250000000000031086, 0.6500000000000040190 ) ) ;
#6270 = CARTESIAN_POINT ( 'NONE',  ( 10.00000000000000000, 1.550000000000000266, 6.200000000000001066 ) ) ;
#6271 = ORIENTED_EDGE ( 'NONE', *, *, #7984, .F. ) ;
#6272 = CARTESIAN_POINT ( 'NONE',  ( 0.0000000000000000000, 6.436102000195529804, 9.700000000000001066 ) ) ;
#6273 = ORIENTED_EDGE ( 'NONE', *, *, #7946, .F. ) ;
#6274 = DIRECTION ( 'NONE',  ( -5.152643988049919983E-16, 0.0000000000000000000, -1.000000000000000000 ) ) ;
#6275 =( GEOMETRIC_REPRESENTATION_CONTEXT ( 3 ) GLOBAL_UNCERTAINTY_ASSIGNED_CONTEXT ( ( #648 ) ) GLOBAL_UNIT_ASSIGNED_CONTEXT ( ( #2358, #5512, #1468 ) ) REPRESENTATION_CONTEXT ( 'NONE', 'WORKASPACE' ) );
#6276 = CARTESIAN_POINT ( 'NONE',  ( 4.750000000000000000, 7.750000000000000000, 5.900000000000000355 ) ) ;
#6277 = EDGE_CURVE ( 'NONE', #3053, #1407, #7006, .T. ) ;
#6278 = EDGE_LOOP ( 'NONE', ( #6430, #2455, #9807, #105 ) ) ;
#6279 = ADVANCED_FACE ( 'NONE', ( #2595, #6638 ), #8219, .T. ) ;
#6280 = CARTESIAN_POINT ( 'NONE',  ( 9.006245792511190729, 6.250000000000031086, 5.665502260967810066 ) ) ;
#6281 = AXIS2_PLACEMENT_3D ( 'NONE', #8184, #7685, #7424 ) ;
#6282 = CARTESIAN_POINT ( 'NONE',  ( 7.500000000000000000, 2.636732100714121341, 9.314249409997579221 ) ) ;
#6283 = CIRCLE ( 'NONE', #9384, 0.2999999999999999334 ) ;
#6284 = SURFACE_STYLE_USAGE ( .BOTH. , #3924 ) ;
#6285 =( LENGTH_UNIT ( ) NAMED_UNIT ( * ) SI_UNIT ( .MILLI., .METRE. ) );
#6286 = CARTESIAN_POINT ( 'NONE',  ( 0.4500000000000000666, 5.950000000000040146, 0.6500000000000260014 ) ) ;
#6287 = VERTEX_POINT ( 'NONE', #4225 ) ;
#6288 = CARTESIAN_POINT ( 'NONE',  ( 6.023102752130522042, 6.379062758813174305, 5.679065084668720509 ) ) ;
#6289 = LINE ( 'NONE', #9407, #2791 ) ;
#6290 = EDGE_CURVE ( 'NONE', #5876, #7198, #3277, .T. ) ;
#6291 = EDGE_CURVE ( 'NONE', #9057, #1053, #7245, .T. ) ;
#6292 =( GEOMETRIC_REPRESENTATION_CONTEXT ( 3 ) GLOBAL_UNCERTAINTY_ASSIGNED_CONTEXT ( ( #1013 ) ) GLOBAL_UNIT_ASSIGNED_CONTEXT ( ( #9461, #2606, #8238 ) ) REPRESENTATION_CONTEXT ( 'NONE', 'WORKASPACE' ) );
#6293 = CARTESIAN_POINT ( 'NONE',  ( 8.961949539682231958, 6.695801930591470885, 5.479919483544176018 ) ) ;
#6294 = DIRECTION ( 'NONE',  ( 0.0000000000000000000, -3.675221047034999628E-15, 1.000000000000000000 ) ) ;
#6295 = LINE ( 'NONE', #9411, #9 ) ;
#6296 = CARTESIAN_POINT ( 'NONE',  ( -3.924099116621579952, -1.462314593354880232, 5.313097438219579693 ) ) ;
#6297 =( BOUNDED_CURVE ( )  B_SPLINE_CURVE ( 3, ( #8059, #2389, #4997, #7186 ),
 .UNSPECIFIED., .F., .T. ) 
 B_SPLINE_CURVE_WITH_KNOTS ( ( 4, 4 ),
 ( 1.617317421061990945, 1.640609496874676276 ),
 .UNSPECIFIED. ) 
 CURVE ( )  GEOMETRIC_REPRESENTATION_ITEM ( )  RATIONAL_B_SPLINE_CURVE ( ( 1.000000000000000000, 0.9999547904446798308, 0.9999547904446798308, 1.000000000000000000 ) ) 
 REPRESENTATION_ITEM ( '' )  );
#6298 = B_SPLINE_CURVE_WITH_KNOTS ( 'NONE', 3,
 ( #9284, #6159, #1560, #2236, #6268, #3854 ),
 .UNSPECIFIED., .F., .F.,
 ( 4, 2, 4 ),
 ( 0.0000000000000000000, 0.5443967235616410383, 1.000000000000000000 ),
 .UNSPECIFIED. ) ;
#6299 = ORIENTED_EDGE ( 'NONE', *, *, #9532, .T. ) ;
#6300 = ORIENTED_EDGE ( 'NONE', *, *, #3054, .T. ) ;
#6301 =( GEOMETRIC_REPRESENTATION_CONTEXT ( 3 ) GLOBAL_UNCERTAINTY_ASSIGNED_CONTEXT ( ( #9677 ) ) GLOBAL_UNIT_ASSIGNED_CONTEXT ( ( #9438, #2343, #9483 ) ) REPRESENTATION_CONTEXT ( 'NONE', 'WORKASPACE' ) );
#6302 = CARTESIAN_POINT ( 'NONE',  ( 1.041868568309956222, 4.650000000000009237, 9.481228347016099178 ) ) ;
#6303 = DIRECTION ( 'NONE',  ( 1.000000000000000000, 2.232180943352509796E-16, 0.0000000000000000000 ) ) ;
#6304 = ORIENTED_EDGE ( 'NONE', *, *, #7115, .T. ) ;
#6305 = ORIENTED_EDGE ( 'NONE', *, *, #185, .T. ) ;
#6306 = VECTOR ( 'NONE', #4717, 1000.000000000000000 ) ;
#6307 = VERTEX_POINT ( 'NONE', #6473 ) ;
#6308 = DIRECTION ( 'NONE',  ( 0.0000000000000000000, -1.000000000000000000, 0.0000000000000000000 ) ) ;
#6309 = ORIENTED_EDGE ( 'NONE', *, *, #10002, .T. ) ;
#6310 = CARTESIAN_POINT ( 'NONE',  ( -3.976625519442709589, 6.471514946771708132, 5.653981231910947258 ) ) ;
#6311 = VERTEX_POINT ( 'NONE', #8893 ) ;
#6312 = CARTESIAN_POINT ( 'NONE',  ( -4.549999999999999822, 2.200000000000000178, 0.6500000000000040190 ) ) ;
#6313 = CARTESIAN_POINT ( 'NONE',  ( 0.9976911859572550334, 6.250000000000079936, 5.579085650507749961 ) ) ;
#6314 = MECHANICAL_DESIGN_GEOMETRIC_PRESENTATION_REPRESENTATION (  '', ( #5021 ), #7625 ) ;
#6315 = CARTESIAN_POINT ( 'NONE',  ( -1.449999999999999956, -1.462314593354880232, 3.990870176997180607 ) ) ;
#6316 = ORIENTED_EDGE ( 'NONE', *, *, #4387, .T. ) ;
#6317 = EDGE_CURVE ( 'NONE', #6818, #1404, #1672, .T. ) ;
#6318 = ORIENTED_EDGE ( 'NONE', *, *, #4347, .F. ) ;
#6319 = ORIENTED_EDGE ( 'NONE', *, *, #10159, .T. ) ;
#6320 = UNCERTAINTY_MEASURE_WITH_UNIT (LENGTH_MEASURE( 1.000000000000000082E-05 ), #7182, 'distance_accuracy_value', 'NONE');
#6321 = VECTOR ( 'NONE', #6224, 1000.000000000000227 ) ;
#6322 = CARTESIAN_POINT ( 'NONE',  ( 5.450000000000009948, 2.200000000000000178, 5.700000000000000178 ) ) ;
#6323 = ORIENTED_EDGE ( 'NONE', *, *, #3467, .T. ) ;
#6324 = CARTESIAN_POINT ( 'NONE',  ( -0.5000000000000000000, 6.820490948317419644, 5.141853884246501138 ) ) ;
#6325 = ORIENTED_EDGE ( 'NONE', *, *, #3978, .T. ) ;
#6326 = DIRECTION ( 'NONE',  ( 0.0000000000000000000, 0.9975640502598243087, 0.06975647374412512203 ) ) ;
#6327 = EDGE_LOOP ( 'NONE', ( #3726, #7439 ) ) ;
#6328 = DIRECTION ( 'NONE',  ( -1.000000000000000000, 0.0000000000000000000, 0.0000000000000000000 ) ) ;
#6329 = PLANE ( 'NONE',  #5440 ) ;
#6330 = AXIS2_PLACEMENT_3D ( 'NONE', #7551, #6111, #7688 ) ;
#6331 = ORIENTED_EDGE ( 'NONE', *, *, #7691, .F. ) ;
#6332 = CARTESIAN_POINT ( 'NONE',  ( 8.999986798160710677, 6.250000000000079936, 5.549568022095440867 ) ) ;
#6333 =( NAMED_UNIT ( * ) SI_UNIT ( $, .STERADIAN. ) SOLID_ANGLE_UNIT ( ) );
#6334 = SURFACE_STYLE_FILL_AREA ( #1574 ) ;
#6335 = EDGE_CURVE ( 'NONE', #9598, #7783, #1009, .T. ) ;
#6336 = CARTESIAN_POINT ( 'NONE',  ( 7.500000000000000000, 4.250000000000000000, 10.00000000000000000 ) ) ;
#6337 = CARTESIAN_POINT ( 'NONE',  ( 2.500000000000000000, 4.250000000000009770, 9.500000000000000000 ) ) ;
#6338 = VERTEX_POINT ( 'NONE', #3390 ) ;
#6339 = DIRECTION ( 'NONE',  ( 0.0000000000000000000, 1.000000000000000000, 0.0000000000000000000 ) ) ;
#6340 = EDGE_CURVE ( 'NONE', #4727, #1268, #1831, .T. ) ;
#6341 = DIRECTION ( 'NONE',  ( 1.000000000000000000, 0.0000000000000000000, -4.231032868236119855E-16 ) ) ;
#6342 = ORIENTED_EDGE ( 'NONE', *, *, #8957, .T. ) ;
#6343 = DIRECTION ( 'NONE',  ( 0.0000000000000000000, -3.675221047034999628E-15, 1.000000000000000000 ) ) ;
#6344 = SURFACE_SIDE_STYLE ('',( #998 ) ) ;
#6345 = DIRECTION ( 'NONE',  ( -0.8660254037843231334, 0.5000000000002000622, 0.0000000000000000000 ) ) ;
#6346 = EDGE_CURVE ( 'NONE', #2332, #5403, #10009, .T. ) ;
#6347 = EDGE_CURVE ( 'NONE', #8318, #8688, #8113, .T. ) ;
#6348 = ORIENTED_EDGE ( 'NONE', *, *, #5604, .T. ) ;
#6349 = CARTESIAN_POINT ( 'NONE',  ( 7.500000000000000000, 6.000000000000000000, 8.000000000000000000 ) ) ;
#6350 = CARTESIAN_POINT ( 'NONE',  ( -5.500000000000000000, 6.221952518161529611, 5.100000000000011191 ) ) ;
#6351 = ORIENTED_EDGE ( 'NONE', *, *, #8375, .T. ) ;
#6352 = EDGE_CURVE ( 'NONE', #5041, #2530, #3836, .T. ) ;
#6353 = AXIS2_PLACEMENT_3D ( 'NONE', #36, #2961, #1648 ) ;
#6354 = DIRECTION ( 'NONE',  ( -1.000000000000000000, 0.0000000000000000000, 0.0000000000000000000 ) ) ;
#6355 = ORIENTED_EDGE ( 'NONE', *, *, #9070, .T. ) ;
#6356 = ADVANCED_FACE ( 'NONE', ( #1349 ), #409, .T. ) ;
#6357 = DIRECTION ( 'NONE',  ( 0.0000000000000000000, 0.9848077530122081313, 0.1736481776669300259 ) ) ;
#6358 = CARTESIAN_POINT ( 'NONE',  ( 1.005392207408169147, 6.250000000000031974, 5.499015461808848926 ) ) ;
#6359 = VERTEX_POINT ( 'NONE', #2750 ) ;
#6360 = ORIENTED_EDGE ( 'NONE', *, *, #8482, .F. ) ;
#6361 = DIRECTION ( 'NONE',  ( 0.0000000000000000000, 0.0000000000000000000, 1.000000000000000000 ) ) ;
#6362 = VECTOR ( 'NONE', #1475, 1000.000000000000000 ) ;
#6363 = DIRECTION ( 'NONE',  ( 0.0000000000000000000, 0.0000000000000000000, -1.000000000000000000 ) ) ;
#6364 = SURFACE_SIDE_STYLE ('',( #53 ) ) ;
#6365 = AXIS2_PLACEMENT_3D ( 'NONE', #9813, #3512, #3563 ) ;
#6366 = LINE ( 'NONE', #9486, #4605 ) ;
#6367 = ORIENTED_EDGE ( 'NONE', *, *, #5469, .T. ) ;
#6368 = CARTESIAN_POINT ( 'NONE',  ( 1.107736519411108844, 6.816384655952806071, 5.200576600905349345 ) ) ;
#6369 = EDGE_CURVE ( 'NONE', #5676, #2425, #4832, .T. ) ;
#6370 = ORIENTED_EDGE ( 'NONE', *, *, #1819, .F. ) ;
#6371 = DIRECTION ( 'NONE',  ( 1.000000000000000000, 0.0000000000000000000, 0.0000000000000000000 ) ) ;
#6372 = PRESENTATION_STYLE_ASSIGNMENT (( #1838 ) ) ;
#6373 = VERTEX_POINT ( 'NONE', #7461 ) ;
#6374 = VECTOR ( 'NONE', #5257, 1000.000000000000000 ) ;
#6375 = CARTESIAN_POINT ( 'NONE',  ( 1.449999999999999956, -1.462314593354880232, 3.990870176997169949 ) ) ;
#6376 = PLANE ( 'NONE',  #281 ) ;
#6377 = CARTESIAN_POINT ( 'NONE',  ( -1.075900883378422934, 6.782835288287568432, 5.313097438219579693 ) ) ;
#6378 = SURFACE_STYLE_FILL_AREA ( #1002 ) ;
#6379 = CARTESIAN_POINT ( 'NONE',  ( 1.024296180806233636, 6.556746841721601271, 5.606750848149822275 ) ) ;
#6380 = ORIENTED_EDGE ( 'NONE', *, *, #908, .T. ) ;
#6381 = SURFACE_SIDE_STYLE ('',( #3248 ) ) ;
#6382 = VECTOR ( 'NONE', #9606, 1000.000000000000000 ) ;
#6383 = ORIENTED_EDGE ( 'NONE', *, *, #2755, .F. ) ;
#6384 = SURFACE_STYLE_USAGE ( .BOTH. , #745 ) ;
#6385 = ADVANCED_FACE ( 'NONE', ( #9232 ), #2856, .F. ) ;
#6386 = AXIS2_PLACEMENT_3D ( 'NONE', #1588, #6244, #5573 ) ;
#6387 = CARTESIAN_POINT ( 'NONE',  ( 9.068650814757519996, 3.850000000000010303, 9.236151811976069936 ) ) ;
#6388 = DIRECTION ( 'NONE',  ( 0.0000000000000000000, -0.06975647374412512203, 0.9975640502598243087 ) ) ;
#6389 = VECTOR ( 'NONE', #3215, 1000.000000000000000 ) ;
#6390 = ADVANCED_FACE ( 'NONE', ( #3690 ), #6819, .T. ) ;
#6391 = DIRECTION ( 'NONE',  ( 0.0000000000000000000, 0.0000000000000000000, -1.000000000000000000 ) ) ;
#6392 = UNCERTAINTY_MEASURE_WITH_UNIT (LENGTH_MEASURE( 1.000000000000000082E-05 ), #8253, 'distance_accuracy_value', 'NONE');
#6393 = CARTESIAN_POINT ( 'NONE',  ( 5.899218940641789644, 4.650000000000010125, 8.800000000000000711 ) ) ;
#6394 = ORIENTED_EDGE ( 'NONE', *, *, #3318, .F. ) ;
#6395 = CARTESIAN_POINT ( 'NONE',  ( 10.00000000000000000, 7.150000000000000355, 6.500000000000000888 ) ) ;
#6396 = AXIS2_PLACEMENT_3D ( 'NONE', #4131, #5615, #9558 ) ;
#6397 = ORIENTED_EDGE ( 'NONE', *, *, #9093, .T. ) ;
#6398 = VECTOR ( 'NONE', #7490, 1000.000000000000000 ) ;
#6399 = EDGE_CURVE ( 'NONE', #1251, #6815, #7899, .T. ) ;
#6400 = LINE ( 'NONE', #915, #2651 ) ;
#6401 = VECTOR ( 'NONE', #2857, 1000.000000000000000 ) ;
#6402 = LINE ( 'NONE', #9527, #4507 ) ;
#6403 = VERTEX_POINT ( 'NONE', #3784 ) ;
#6404 = CARTESIAN_POINT ( 'NONE',  ( -5.500000000000000000, 5.950000000000040146, 3.494824785299559977 ) ) ;
#6405 = CARTESIAN_POINT ( 'NONE',  ( 3.957786553235370430, 4.650000000000011013, 9.481490714224467098 ) ) ;
#6406 = ORIENTED_EDGE ( 'NONE', *, *, #2235, .F. ) ;
#6407 = EDGE_LOOP ( 'NONE', ( #33, #3339 ) ) ;
#6408 = VECTOR ( 'NONE', #9195, 1000.000000000000000 ) ;
#6409 = PLANE ( 'NONE',  #9888 ) ;
#6410 = MECHANICAL_DESIGN_GEOMETRIC_PRESENTATION_REPRESENTATION (  '', ( #7385 ), #1285 ) ;
#6411 = VECTOR ( 'NONE', #3091, 1000.000000000000000 ) ;
#6412 = EDGE_CURVE ( 'NONE', #1303, #5006, #3350, .T. ) ;
#6413 = AXIS2_PLACEMENT_3D ( 'NONE', #422, #2047, #8911 ) ;
#6414 = EDGE_CURVE ( 'NONE', #4136, #982, #10226, .T. ) ;
#6415 = AXIS2_PLACEMENT_3D ( 'NONE', #5585, #3270, #6463 ) ;
#6416 = EDGE_CURVE ( 'NONE', #2831, #2209, #3893, .T. ) ;
#6417 = VERTEX_POINT ( 'NONE', #6193 ) ;
#6418 = UNCERTAINTY_MEASURE_WITH_UNIT (LENGTH_MEASURE( 1.000000000000000082E-05 ), #6786, 'distance_accuracy_value', 'NONE');
#6419 = DIRECTION ( 'NONE',  ( 1.000000000000000000, 2.232180943352509796E-16, 0.0000000000000000000 ) ) ;
#6420 = CARTESIAN_POINT ( 'NONE',  ( 3.924099116621577288, 6.782835288287568432, 5.313097438219579693 ) ) ;
#6421 = ORIENTED_EDGE ( 'NONE', *, *, #1106, .T. ) ;
#6422 = VECTOR ( 'NONE', #10165, 1000.000000000000000 ) ;
#6423 = AXIS2_PLACEMENT_3D ( 'NONE', #2464, #3873, #8687 ) ;
#6424 = CARTESIAN_POINT ( 'NONE',  ( -4.549999999999999822, 6.250000000000031086, 0.6500000000000040190 ) ) ;
#6425 = ORIENTED_EDGE ( 'NONE', *, *, #3709, .F. ) ;
#6426 = CARTESIAN_POINT ( 'NONE',  ( 4.006141391221530235, 6.250000000000031086, 5.699344090454331990 ) ) ;
#6427 = ORIENTED_EDGE ( 'NONE', *, *, #1379, .T. ) ;
#6428 = CYLINDRICAL_SURFACE ( 'NONE', #9002, 0.2999999999999999334 ) ;
#6429 = CARTESIAN_POINT ( 'NONE',  ( -0.8172394448510700293, 6.093223787951091097, 5.414712066094880427 ) ) ;
#6430 = ORIENTED_EDGE ( 'NONE', *, *, #4327, .T. ) ;
#6431 = VECTOR ( 'NONE', #5700, 1000.000000000000000 ) ;
#6432 = STYLED_ITEM ( 'NONE', ( #4141 ), #4771 ) ;
#6433 = CARTESIAN_POINT ( 'NONE',  ( 7.999999999668878203, 4.250000000000031086, -3.850000000000000089 ) ) ;
#6434 = CARTESIAN_POINT ( 'NONE',  ( 2.500000000000000000, 6.000000000000000000, 9.999999999999996447 ) ) ;
#6435 = ADVANCED_FACE ( 'NONE', ( #818 ), #6794, .T. ) ;
#6436 = DIRECTION ( 'NONE',  ( 0.0000000000000000000, 0.0000000000000000000, -1.000000000000000000 ) ) ;
#6437 = CARTESIAN_POINT ( 'NONE',  ( 1.449999999999999956, 6.900812423267500328, 3.990870176997180607 ) ) ;
#6438 =( GEOMETRIC_REPRESENTATION_CONTEXT ( 3 ) GLOBAL_UNCERTAINTY_ASSIGNED_CONTEXT ( ( #3364 ) ) GLOBAL_UNIT_ASSIGNED_CONTEXT ( ( #7571, #5072, #5990 ) ) REPRESENTATION_CONTEXT ( 'NONE', 'WORKASPACE' ) );
#6439 = SURFACE_STYLE_USAGE ( .BOTH. , #7875 ) ;
#6440 = FACE_OUTER_BOUND ( 'NONE', #912, .T. ) ;
#6441 = ORIENTED_EDGE ( 'NONE', *, *, #9340, .F. ) ;
#6442 = VECTOR ( 'NONE', #5447, 999.9999999999998863 ) ;
#6443 = CARTESIAN_POINT ( 'NONE',  ( -2.500000000000000000, 6.250000000000031086, 2.750000000000000000 ) ) ;
#6444 = ORIENTED_EDGE ( 'NONE', *, *, #1751, .F. ) ;
#6445 = DIRECTION ( 'NONE',  ( 0.0000000000000000000, 0.0000000000000000000, -1.000000000000000000 ) ) ;
#6446 = DIRECTION ( 'NONE',  ( 0.0000000000000000000, 0.0000000000000000000, -1.000000000000000000 ) ) ;
#6447 =( BOUNDED_CURVE ( )  B_SPLINE_CURVE ( 3, ( #9969, #1219, #4383, #6782 ),
 .UNSPECIFIED., .F., .T. ) 
 B_SPLINE_CURVE_WITH_KNOTS ( ( 4, 4 ),
 ( 4.150549750469672894, 4.642575810304896855 ),
 .UNSPECIFIED. ) 
 CURVE ( )  GEOMETRIC_REPRESENTATION_ITEM ( )  RATIONAL_B_SPLINE_CURVE ( ( 1.000000000000000000, 0.9799274069394412479, 0.9799274069394412479, 1.000000000000000000 ) ) 
 REPRESENTATION_ITEM ( '' )  );
#6448 = AXIS2_PLACEMENT_3D ( 'NONE', #1302, #455, #1348 ) ;
#6449 = PRESENTATION_STYLE_ASSIGNMENT (( #7373 ) ) ;
#6450 = LINE ( 'NONE', #8858, #4778 ) ;
#6451 = CARTESIAN_POINT ( 'NONE',  ( 0.9371073885687776217, 4.650000000000010125, 9.314249409997570339 ) ) ;
#6452 = CARTESIAN_POINT ( 'NONE',  ( -0.9255929274512909588, 3.850000000000010303, 9.158054070484210385 ) ) ;
#6453 = VERTEX_POINT ( 'NONE', #607 ) ;
#6454 = DIRECTION ( 'NONE',  ( 0.0000000000000000000, 0.0000000000000000000, 1.000000000000000000 ) ) ;
#6455 = ORIENTED_EDGE ( 'NONE', *, *, #2928, .F. ) ;
#6456 = ORIENTED_EDGE ( 'NONE', *, *, #8733, .F. ) ;
#6457 = CARTESIAN_POINT ( 'NONE',  ( -1.003376035341470018, 6.250000000000089706, 5.516661212398780378 ) ) ;
#6458 = DIRECTION ( 'NONE',  ( 1.000000000000000000, 0.0000000000000000000, 0.0000000000000000000 ) ) ;
#6459 = CARTESIAN_POINT ( 'NONE',  ( 8.550000000000000711, 6.900812423267500328, 3.990870176997169949 ) ) ;
#6460 = MECHANICAL_DESIGN_GEOMETRIC_PRESENTATION_REPRESENTATION (  '', ( #7937 ), #6301 ) ;
#6461 = DIRECTION ( 'NONE',  ( 0.0000000000000000000, 0.1736481776669300259, -0.9848077530122081313 ) ) ;
#6462 = ORIENTED_EDGE ( 'NONE', *, *, #3318, .T. ) ;
#6463 = DIRECTION ( 'NONE',  ( -0.3713906763541020561, -0.9284766908852600809, -8.859277744181280819E-33 ) ) ;
#6464 = EDGE_CURVE ( 'NONE', #6532, #504, #8506, .T. ) ;
#6465 = PLANE ( 'NONE',  #5929 ) ;
#6466 = ORIENTED_EDGE ( 'NONE', *, *, #7479, .T. ) ;
#6467 = ORIENTED_EDGE ( 'NONE', *, *, #8406, .F. ) ;
#6468 = EDGE_CURVE ( 'NONE', #4190, #4943, #675, .T. ) ;
#6469 = CARTESIAN_POINT ( 'NONE',  ( 6.041844085658512498, 6.384612859941942276, 5.465433459296741958 ) ) ;
#6470 = AXIS2_PLACEMENT_3D ( 'NONE', #3494, #6627, #9696 ) ;
#6471 = ORIENTED_EDGE ( 'NONE', *, *, #8723, .F. ) ;
#6472 = CARTESIAN_POINT ( 'NONE',  ( 7.500000000000000000, 4.250000000000031086, -4.349999999999999645 ) ) ;
#6473 = CARTESIAN_POINT ( 'NONE',  ( -0.9938586087784709866, 6.250000000000030198, 5.699344090454337319 ) ) ;
#6474 = CARTESIAN_POINT ( 'NONE',  ( 9.100781059358210356, 4.650000000000010125, 8.800000000000000711 ) ) ;
#6475 = MECHANICAL_DESIGN_GEOMETRIC_PRESENTATION_REPRESENTATION (  '', ( #8126 ), #3687 ) ;
#6477 = EDGE_CURVE ( 'NONE', #5424, #2265, #8657, .T. ) ;
#6476 = ORIENTED_EDGE ( 'NONE', *, *, #7927, .F. ) ;
#6478 = ADVANCED_FACE ( 'NONE', ( #1391 ), #42, .F. ) ;
#6479 = SURFACE_SIDE_STYLE ('',( #166 ) ) ;
#6480 = ORIENTED_EDGE ( 'NONE', *, *, #2028, .T. ) ;
#6481 = CARTESIAN_POINT ( 'NONE',  ( 7.500000000000000000, 4.250000000000009770, 9.314249409997579221 ) ) ;
#6482 = EDGE_LOOP ( 'NONE', ( #9853, #8210, #3564, #2872, #9987, #3049 ) ) ;
#6483 = LINE ( 'NONE', #883, #9819 ) ;
#6484 = FILL_AREA_STYLE ('',( #9715 ) ) ;
#6485 = ORIENTED_EDGE ( 'NONE', *, *, #7898, .F. ) ;
#6486 = VERTEX_POINT ( 'NONE', #10111 ) ;
#6487 = AXIS2_PLACEMENT_3D ( 'NONE', #4358, #6900, #3872 ) ;
#6488 = FILL_AREA_STYLE ('',( #6647 ) ) ;
#6489 = PLANE ( 'NONE',  #6205 ) ;
#6490 = ORIENTED_EDGE ( 'NONE', *, *, #7278, .F. ) ;
#6491 = PLANE ( 'NONE',  #5149 ) ;
#6492 =( LENGTH_UNIT ( ) NAMED_UNIT ( * ) SI_UNIT ( .MILLI., .METRE. ) );
#6493 = FACE_OUTER_BOUND ( 'NONE', #7965, .T. ) ;
#6494 = VERTEX_POINT ( 'NONE', #9426 ) ;
#6495 = VECTOR ( 'NONE', #4122, 1000.000000000000000 ) ;
#6496 =( LENGTH_UNIT ( ) NAMED_UNIT ( * ) SI_UNIT ( .MILLI., .METRE. ) );
#6497 = ORIENTED_EDGE ( 'NONE', *, *, #1032, .F. ) ;
#6498 = CARTESIAN_POINT ( 'NONE',  ( 3.890407047718352551, 6.616355096402057434, 5.194015168276952643 ) ) ;
#6499 = LINE ( 'NONE', #2619, #2951 ) ;
#6500 = EDGE_CURVE ( 'NONE', #9915, #9192, #2225, .T. ) ;
#6501 = B_SPLINE_CURVE_WITH_KNOTS ( 'NONE', 3,
 ( #4293, #6743, #9882, #5883 ),
 .UNSPECIFIED., .F., .F.,
 ( 4, 4 ),
 ( 9.545512154400046727E-14, 0.0001440939132139736295 ),
 .UNSPECIFIED. ) ;
#6502 = CARTESIAN_POINT ( 'NONE',  ( 8.550000000000000711, 6.301461569844129862, 3.962967587499520050 ) ) ;
#6503 = LINE ( 'NONE', #9203, #2772 ) ;
#6504 = CARTESIAN_POINT ( 'NONE',  ( 4.500000000000000888, 5.950000000000040146, 3.291739462922410375 ) ) ;
#6505 = CARTESIAN_POINT ( 'NONE',  ( -0.9313491852424810036, 3.850000000000010303, 9.236151811976082371 ) ) ;
#6506 = ORIENTED_EDGE ( 'NONE', *, *, #2801, .T. ) ;
#6507 = EDGE_LOOP ( 'NONE', ( #6557, #5648, #3806, #4379 ) ) ;
#6508 = CYLINDRICAL_SURFACE ( 'NONE', #5871, 0.2999999999999999334 ) ;
#6509 = DIRECTION ( 'NONE',  ( 0.0000000000000000000, -1.000000000000000000, 0.0000000000000000000 ) ) ;
#6510 = VERTEX_POINT ( 'NONE', #7130 ) ;
#6511 = FILL_AREA_STYLE_COLOUR ( '', #6741 ) ;
#6512 = FILL_AREA_STYLE_COLOUR ( '', #8025 ) ;
#6513 = CIRCLE ( 'NONE', #7816, 0.1000000000000002554 ) ;
#6514 = DIRECTION ( 'NONE',  ( 0.0000000000000000000, -0.9848077530122081313, -0.1736481776669300259 ) ) ;
#6515 = ORIENTED_EDGE ( 'NONE', *, *, #4461, .F. ) ;
#6516 = CARTESIAN_POINT ( 'NONE',  ( 5.250000000000000000, 7.750000000000000000, 5.900000000000000355 ) ) ;
#6517 = CARTESIAN_POINT ( 'NONE',  ( -4.100781059358210356, 4.650000000000010125, 8.800000000000009592 ) ) ;
#6518 = VERTEX_POINT ( 'NONE', #10161 ) ;
#6519 = ORIENTED_EDGE ( 'NONE', *, *, #2674, .T. ) ;
#6520 = SURFACE_STYLE_USAGE ( .BOTH. , #208 ) ;
#6521 = ADVANCED_FACE ( 'NONE', ( #3113 ), #1437, .T. ) ;
#6522 = DIRECTION ( 'NONE',  ( -1.000000000000000000, 0.0000000000000000000, 0.0000000000000000000 ) ) ;
#6523 = CARTESIAN_POINT ( 'NONE',  ( 5.940892779350019914, 3.850000000000008527, 9.365590064580613827 ) ) ;
#6524 = EDGE_CURVE ( 'NONE', #265, #1127, #4617, .T. ) ;
#6525 = FACE_OUTER_BOUND ( 'NONE', #6278, .T. ) ;
#6526 = CARTESIAN_POINT ( 'NONE',  ( 7.500000000000000000, 4.250000000000009770, 8.099999999999999645 ) ) ;
#6527 = EDGE_LOOP ( 'NONE', ( #5551, #6972, #332, #6040, #6309, #969 ) ) ;
#6528 =( GEOMETRIC_REPRESENTATION_CONTEXT ( 3 ) GLOBAL_UNCERTAINTY_ASSIGNED_CONTEXT ( ( #5302 ) ) GLOBAL_UNIT_ASSIGNED_CONTEXT ( ( #4137, #1056, #4081 ) ) REPRESENTATION_CONTEXT ( 'NONE', 'WORKASPACE' ) );
#6529 = DIRECTION ( 'NONE',  ( -1.000000000000000000, 0.0000000000000000000, 0.0000000000000000000 ) ) ;
#6530 = SURFACE_STYLE_FILL_AREA ( #6484 ) ;
#6531 = ORIENTED_EDGE ( 'NONE', *, *, #7735, .T. ) ;
#6532 = VERTEX_POINT ( 'NONE', #711 ) ;
#6533 = LINE ( 'NONE', #1046, #9540 ) ;
#6534 = LINE ( 'NONE', #4071, #8196 ) ;
#6535 = DIRECTION ( 'NONE',  ( -3.641714079092569968E-16, 0.0000000000000000000, -1.000000000000000000 ) ) ;
#6536 = ADVANCED_FACE ( 'NONE', ( #663 ), #3842, .T. ) ;
#6537 = CARTESIAN_POINT ( 'NONE',  ( 2.500000000000000000, 6.000000000000000000, 10.00000000000000711 ) ) ;
#6538 = DIRECTION ( 'NONE',  ( 0.8660254037843231334, -0.5000000000002000622, 0.0000000000000000000 ) ) ;
#6539 = DIRECTION ( 'NONE',  ( -1.000000000000000000, 0.0000000000000000000, 0.0000000000000000000 ) ) ;
#6540 = EDGE_LOOP ( 'NONE', ( #3461, #5205, #2669, #174 ) ) ;
#6541 = FILL_AREA_STYLE ('',( #849 ) ) ;
#6542 = VERTEX_POINT ( 'NONE', #9317 ) ;
#6543 = CARTESIAN_POINT ( 'NONE',  ( -4.062892611431222711, 4.650000000000010125, 9.314249409997580997 ) ) ;
#6544 = PRESENTATION_LAYER_ASSIGNMENT (  '', '', ( #3603 ) ) ;
#6545 = EDGE_CURVE ( 'NONE', #7917, #6532, #5486, .T. ) ;
#6546 = EDGE_CURVE ( 'NONE', #4508, #2182, #2775, .T. ) ;
#6547 = EDGE_CURVE ( 'NONE', #654, #1248, #7389, .T. ) ;
#6548 = CARTESIAN_POINT ( 'NONE',  ( 0.0000000000000000000, 0.1499999999999999944, -2.576321994024960090E-15 ) ) ;
#6549 = FACE_OUTER_BOUND ( 'NONE', #4399, .T. ) ;
#6550 = AXIS2_PLACEMENT_3D ( 'NONE', #5878, #5928, #7471 ) ;
#6551 = FILL_AREA_STYLE ('',( #9736 ) ) ;
#6552 = CARTESIAN_POINT ( 'NONE',  ( 0.7999999999999990452, 3.850000000000010303, 8.800000000000000711 ) ) ;
#6553 = ORIENTED_EDGE ( 'NONE', *, *, #6245, .F. ) ;
#6554 = CARTESIAN_POINT ( 'NONE',  ( 0.0000000000000000000, 1.560000000000000275, 6.200000000000001066 ) ) ;
#6555 = FACE_BOUND ( 'NONE', #4023, .T. ) ;
#6556 = CARTESIAN_POINT ( 'NONE',  ( -2.500000000000000000, 4.250000000000031086, -4.349999999999999645 ) ) ;
#6557 = ORIENTED_EDGE ( 'NONE', *, *, #6399, .F. ) ;
#6558 = B_SPLINE_CURVE_WITH_KNOTS ( 'NONE', 3,
 ( #5171, #7522, #427, #2401 ),
 .UNSPECIFIED., .F., .F.,
 ( 4, 4 ),
 ( 8.673617379884035472E-19, 0.0001342552525287739416 ),
 .UNSPECIFIED. ) ;
#6559 = AXIS2_PLACEMENT_3D ( 'NONE', #650, #5569, #6391 ) ;
#6560 = DIRECTION ( 'NONE',  ( -0.3713906763541049427, 0.9284766908852587486, 5.238529448733279331E-32 ) ) ;
#6561 = DIRECTION ( 'NONE',  ( 0.0000000000000000000, 1.000000000000000000, 0.0000000000000000000 ) ) ;
#6562 = CARTESIAN_POINT ( 'NONE',  ( -2.500000000000000000, 2.500000000000010214, 9.999999999999982236 ) ) ;
#6563 = EDGE_CURVE ( 'NONE', #368, #2465, #352, .T. ) ;
#6564 = LINE ( 'NONE', #1247, #9574 ) ;
#6565 = ORIENTED_EDGE ( 'NONE', *, *, #2494, .F. ) ;
#6566 = DIRECTION ( 'NONE',  ( 0.0000000000000000000, 0.0000000000000000000, 1.000000000000000000 ) ) ;
#6567 =( NAMED_UNIT ( * ) PLANE_ANGLE_UNIT ( ) SI_UNIT ( $, .RADIAN. ) );
#6568 =( BOUNDED_CURVE ( )  B_SPLINE_CURVE ( 3, ( #2164, #8393, #9949, #6708 ),
 .UNSPECIFIED., .F., .T. ) 
 B_SPLINE_CURVE_WITH_KNOTS ( ( 4, 4 ),
 ( 1.008957096879901538, 1.500983156715127498 ),
 .UNSPECIFIED. ) 
 CURVE ( )  GEOMETRIC_REPRESENTATION_ITEM ( )  RATIONAL_B_SPLINE_CURVE ( ( 1.000000000000000000, 0.9799274069394410258, 0.9799274069394410258, 1.000000000000000000 ) ) 
 REPRESENTATION_ITEM ( '' )  );
#6569 = EDGE_LOOP ( 'NONE', ( #7636, #6720, #1271, #7464, #4311, #8451 ) ) ;
#6570 = ORIENTED_EDGE ( 'NONE', *, *, #8375, .F. ) ;
#6571 = DIRECTION ( 'NONE',  ( -0.9622281902964742173, 0.0000000000000000000, -0.2722442098535290400 ) ) ;
#6572 = AXIS2_PLACEMENT_3D ( 'NONE', #3824, #5518, #8641 ) ;
#6573 = EDGE_CURVE ( 'NONE', #9583, #8677, #7340, .T. ) ;
#6574 = AXIS2_PLACEMENT_3D ( 'NONE', #9744, #8154, #3489 ) ;
#6575 = AXIS2_PLACEMENT_3D ( 'NONE', #8360, #2075, #1256 ) ;
#6576 = CARTESIAN_POINT ( 'NONE',  ( 5.799999999999999822, 4.650000000000010125, 9.500000000000000000 ) ) ;
#6577 = CARTESIAN_POINT ( 'NONE',  ( 2.500000000000000000, 4.250000000000009770, 8.800000000000000711 ) ) ;
#6578 = CARTESIAN_POINT ( 'NONE',  ( 10.00000000000000000, 6.650000000000000355, 10.00000000000000000 ) ) ;
#6579 = VERTEX_POINT ( 'NONE', #1868 ) ;
#6580 = LINE ( 'NONE', #1715, #3284 ) ;
#6581 = DIRECTION ( 'NONE',  ( 1.000000000000000000, 0.0000000000000000000, 0.0000000000000000000 ) ) ;
#6582 = AXIS2_PLACEMENT_3D ( 'NONE', #9886, #1896, #1321 ) ;
#6583 = CIRCLE ( 'NONE', #8228, 1.613267899285889984 ) ;
#6584 = DIRECTION ( 'NONE',  ( -1.000000000000000000, 0.0000000000000000000, 5.152643988049929844E-16 ) ) ;
#6585 = AXIS2_PLACEMENT_3D ( 'NONE', #5547, #4531, #2195 ) ;
#6586 = CARTESIAN_POINT ( 'NONE',  ( 2.500000000000000000, 4.250000000000009770, 9.314249409997579221 ) ) ;
#6587 = EDGE_CURVE ( 'NONE', #7314, #4167, #8941, .T. ) ;
#6588 = ORIENTED_EDGE ( 'NONE', *, *, #5533, .T. ) ;
#6589 = SURFACE_SIDE_STYLE ('',( #8021 ) ) ;
#6590 = CARTESIAN_POINT ( 'NONE',  ( 9.100781059358210356, 4.650000000000010125, 8.800000000000000711 ) ) ;
#6591 = AXIS2_PLACEMENT_3D ( 'NONE', #8771, #4164, #5540 ) ;
#6592 = CARTESIAN_POINT ( 'NONE',  ( 1.022614399924369977, 6.143310571542220266, 5.618793688040031320 ) ) ;
#6593 = CARTESIAN_POINT ( 'NONE',  ( 8.550000000000000711, 6.900812423267500328, 3.990870176997169949 ) ) ;
#6594 = DIRECTION ( 'NONE',  ( -5.152643988049919983E-16, 0.0000000000000000000, -1.000000000000000000 ) ) ;
#6595 = CARTESIAN_POINT ( 'NONE',  ( 6.091470100434436041, 6.803742317568938880, 5.258069125366935381 ) ) ;
#6596 = ORIENTED_EDGE ( 'NONE', *, *, #4873, .T. ) ;
#6597 = EDGE_CURVE ( 'NONE', #7014, #7344, #6402, .T. ) ;
#6598 = CARTESIAN_POINT ( 'NONE',  ( 0.0000000000000000000, 0.0000000000000000000, 0.0000000000000000000 ) ) ;
#6599 = ORIENTED_EDGE ( 'NONE', *, *, #965, .T. ) ;
#6600 = SURFACE_STYLE_USAGE ( .BOTH. , #7207 ) ;
#6601 = CARTESIAN_POINT ( 'NONE',  ( -3.856009966283758583, 4.650000000000010125, 9.500000000000010658 ) ) ;
#6602 =( GEOMETRIC_REPRESENTATION_CONTEXT ( 3 ) GLOBAL_UNCERTAINTY_ASSIGNED_CONTEXT ( ( #3100 ) ) GLOBAL_UNIT_ASSIGNED_CONTEXT ( ( #4394, #3620, #2833 ) ) REPRESENTATION_CONTEXT ( 'NONE', 'WORKASPACE' ) );
#6603 = AXIS2_PLACEMENT_3D ( 'NONE', #6337, #1576, #4747 ) ;
#6604 = ADVANCED_FACE ( 'NONE', ( #5037 ), #4217, .T. ) ;
#6605 = B_SPLINE_CURVE_WITH_KNOTS ( 'NONE', 3,
 ( #244, #970, #7128, #2582, #1754, #5803 ),
 .UNSPECIFIED., .F., .F.,
 ( 4, 2, 4 ),
 ( 1.517883041479706208E-18, 0.0001521198112224719941, 0.0003042396224449427414 ),
 .UNSPECIFIED. ) ;
#6606 = PLANE ( 'NONE',  #10047 ) ;
#6607 = FACE_OUTER_BOUND ( 'NONE', #5315, .T. ) ;
#6608 = AXIS2_PLACEMENT_3D ( 'NONE', #5649, #8724, #6361 ) ;
#6609 = CARTESIAN_POINT ( 'NONE',  ( 0.9938586087084702037, 6.250000000000047073, 5.699344090454424361 ) ) ;
#6610 = SURFACE_SIDE_STYLE ('',( #2678 ) ) ;
#6611 = UNCERTAINTY_MEASURE_WITH_UNIT (LENGTH_MEASURE( 1.000000000000000082E-05 ), #7677, 'distance_accuracy_value', 'NONE');
#6612 = PRESENTATION_STYLE_ASSIGNMENT (( #9946 ) ) ;
#6613 = VERTEX_POINT ( 'NONE', #8156 ) ;
#6614 = ADVANCED_FACE ( 'NONE', ( #9582 ), #7233, .T. ) ;
#6615 = LINE ( 'NONE', #6395, #5912 ) ;
#6616 = B_SPLINE_CURVE_WITH_KNOTS ( 'NONE', 3,
 ( #2096, #5255, #1326, #4496, #7619, #532 ),
 .UNSPECIFIED., .F., .F.,
 ( 4, 2, 4 ),
 ( 1.489244081246011556E-11, 0.0002833862612363274923, 0.0005667725075802141884 ),
 .UNSPECIFIED. ) ;
#6617 = ADVANCED_FACE ( 'NONE', ( #4927 ), #2683, .T. ) ;
#6618 = CARTESIAN_POINT ( 'NONE',  ( 8.856009966283759027, 4.650000000000010125, 9.500000000000000000 ) ) ;
#6619 = DIRECTION ( 'NONE',  ( 0.0000000000000000000, 0.0000000000000000000, -1.000000000000000000 ) ) ;
#6620 = ORIENTED_EDGE ( 'NONE', *, *, #4103, .F. ) ;
#6621 = CIRCLE ( 'NONE', #3988, 0.4000000000000001887 ) ;
#6622 = TOROIDAL_SURFACE ( 'NONE', #8741, 1.413776159319739989, 0.2000000000000000111 ) ;
#6623 = CARTESIAN_POINT ( 'NONE',  ( -1.000013201839289989, 6.250000000000089706, 5.549568022095440867 ) ) ;
#6624 = DIRECTION ( 'NONE',  ( 0.0000000000000000000, 0.0000000000000000000, 1.000000000000000000 ) ) ;
#6625 = CARTESIAN_POINT ( 'NONE',  ( 8.000000000000000000, 4.250000000000031086, 0.0000000000000000000 ) ) ;
#6626 = AXIS2_PLACEMENT_3D ( 'NONE', #6336, #3244, #1784 ) ;
#6627 = DIRECTION ( 'NONE',  ( 0.0000000000000000000, -3.675221047034999628E-15, 1.000000000000000000 ) ) ;
#6628 = ORIENTED_EDGE ( 'NONE', *, *, #8418, .T. ) ;
#6629 = FACE_OUTER_BOUND ( 'NONE', #8162, .T. ) ;
#6630 = VECTOR ( 'NONE', #8980, 1000.000000000000000 ) ;
#6631 = DIRECTION ( 'NONE',  ( -0.8660254037845415143, -0.4999999999998216982, 0.0000000000000000000 ) ) ;
#6632 = ORIENTED_EDGE ( 'NONE', *, *, #5494, .T. ) ;
#6633 = DIRECTION ( 'NONE',  ( 0.0000000000000000000, -1.000000000000000000, 0.0000000000000000000 ) ) ;
#6634 = EDGE_CURVE ( 'NONE', #7019, #182, #5483, .T. ) ;
#6635 = VECTOR ( 'NONE', #3338, 1000.000000000000000 ) ;
#6636 = B_SPLINE_CURVE_WITH_KNOTS ( 'NONE', 3,
 ( #974, #4827, #2384, #4054 ),
 .UNSPECIFIED., .F., .F.,
 ( 4, 4 ),
 ( 4.846770490012344213E-11, 0.0001342749659830651937 ),
 .UNSPECIFIED. ) ;
#6637 = ORIENTED_EDGE ( 'NONE', *, *, #4986, .F. ) ;
#6638 = FACE_OUTER_BOUND ( 'NONE', #1882, .T. ) ;
#6639 = LINE ( 'NONE', #4471, #9183 ) ;
#6640 = VERTEX_POINT ( 'NONE', #916 ) ;
#6641 = DIRECTION ( 'NONE',  ( 0.0000000000000000000, -3.675221047034999628E-15, 1.000000000000000000 ) ) ;
#6642 = CARTESIAN_POINT ( 'NONE',  ( 4.087037305134390230, 4.650000000000010125, 8.986637655680240755 ) ) ;
#6643 = PRESENTATION_LAYER_ASSIGNMENT (  '', '', ( #25 ) ) ;
#6644 = ORIENTED_EDGE ( 'NONE', *, *, #9980, .F. ) ;
#6645 = FACE_OUTER_BOUND ( 'NONE', #3358, .T. ) ;
#6646 = AXIS2_PLACEMENT_3D ( 'NONE', #2903, #7596, #510 ) ;
#6647 = FILL_AREA_STYLE_COLOUR ( '', #8396 ) ;
#6648 = CARTESIAN_POINT ( 'NONE',  ( 0.2500000000000000000, 7.750000000000000000, 0.6500000000000010214 ) ) ;
#6649 = FACE_OUTER_BOUND ( 'NONE', #1143, .T. ) ;
#6650 = DIRECTION ( 'NONE',  ( 0.0000000000000000000, -0.9918357753074260597, -0.1275217425395260562 ) ) ;
#6651 = FACE_OUTER_BOUND ( 'NONE', #4389, .T. ) ;
#6652 = FILL_AREA_STYLE_COLOUR ( '', #2804 ) ;
#6653 = VERTEX_POINT ( 'NONE', #3326 ) ;
#6654 = LINE ( 'NONE', #4433, #4725 ) ;
#6655 = LINE ( 'NONE', #9781, #9865 ) ;
#6656 =( GEOMETRIC_REPRESENTATION_CONTEXT ( 3 ) GLOBAL_UNCERTAINTY_ASSIGNED_CONTEXT ( ( #6611 ) ) GLOBAL_UNIT_ASSIGNED_CONTEXT ( ( #7677, #1586, #2373 ) ) REPRESENTATION_CONTEXT ( 'NONE', 'WORKASPACE' ) );
#6657 = EDGE_CURVE ( 'NONE', #1045, #446, #8881, .T. ) ;
#6658 = CARTESIAN_POINT ( 'NONE',  ( 0.4200000000000000400, 1.652376043070270084, 6.200000000000001066 ) ) ;
#6659 = CARTESIAN_POINT ( 'NONE',  ( -4.750000000000000000, 7.750000000000000000, 0.4500000000000040079 ) ) ;
#6660 = CARTESIAN_POINT ( 'NONE',  ( 5.994234246268270283, 6.250000000000079936, 5.651381332702859694 ) ) ;
#6661 = CARTESIAN_POINT ( 'NONE',  ( 5.799999999999999822, 3.850000000000010303, 8.800000000000000711 ) ) ;
#6662 = EDGE_CURVE ( 'NONE', #2251, #10107, #4104, .T. ) ;
#6663 = ORIENTED_EDGE ( 'NONE', *, *, #3619, .F. ) ;
#6664 = DIRECTION ( 'NONE',  ( 0.3481553119113969808, -0.8703882797784889824, -0.3481553119113949823 ) ) ;
#6665 = LINE ( 'NONE', #540, #7517 ) ;
#6666 = DIRECTION ( 'NONE',  ( 0.0000000000000000000, -1.000000000000000000, 0.0000000000000000000 ) ) ;
#6667 = AXIS2_PLACEMENT_3D ( 'NONE', #3118, #9322, #6823 ) ;
#6668 = ADVANCED_FACE ( 'NONE', ( #4162 ), #9749, .T. ) ;
#6669 = ADVANCED_FACE ( 'NONE', ( #8714 ), #7286, .T. ) ;
#6670 = CARTESIAN_POINT ( 'NONE',  ( -5.500000000000000000, 6.250000000000031086, 5.499015461808849814 ) ) ;
#6671 = DIRECTION ( 'NONE',  ( 1.000000000000000000, 0.0000000000000000000, 0.0000000000000000000 ) ) ;
#6672 =( LENGTH_UNIT ( ) NAMED_UNIT ( * ) SI_UNIT ( .MILLI., .METRE. ) );
#6673 = EDGE_CURVE ( 'NONE', #8818, #4892, #10013, .T. ) ;
#6674 = ORIENTED_EDGE ( 'NONE', *, *, #9228, .F. ) ;
#6675 = CARTESIAN_POINT ( 'NONE',  ( 3.549999999999999822, 6.405650476444289865, 3.372082935692199968 ) ) ;
#6676 = VERTEX_POINT ( 'NONE', #1703 ) ;
#6677 = CARTESIAN_POINT ( 'NONE',  ( 5.992424242424229774, 10.85606060606060019, -0.7924242424242340377 ) ) ;
#6678 = CARTESIAN_POINT ( 'NONE',  ( -2.500000000000000000, 2.650000000000010125, 9.500000000000010658 ) ) ;
#6679 = EDGE_CURVE ( 'NONE', #6974, #8005, #3380, .T. ) ;
#6680 = VERTEX_POINT ( 'NONE', #3430 ) ;
#6681 = EDGE_CURVE ( 'NONE', #9602, #9477, #6564, .T. ) ;
#6682 = CARTESIAN_POINT ( 'NONE',  ( 3.976961065803179984, 6.143414106835629163, 5.701458542790289741 ) ) ;
#6683 = EDGE_LOOP ( 'NONE', ( #5103, #4163, #8658, #9686 ) ) ;
#6684 = DIRECTION ( 'NONE',  ( -1.000000000000000000, 0.0000000000000000000, 0.0000000000000000000 ) ) ;
#6685 = DIRECTION ( 'NONE',  ( 0.0000000000000000000, 0.0000000000000000000, -1.000000000000000000 ) ) ;
#6686 = VERTEX_POINT ( 'NONE', #1339 ) ;
#6687 = DIRECTION ( 'NONE',  ( -0.8660254037844391517, -0.4999999999999990563, 0.0000000000000000000 ) ) ;
#6688 = ORIENTED_EDGE ( 'NONE', *, *, #5000, .F. ) ;
#6689 = FACE_BOUND ( 'NONE', #3715, .T. ) ;
#6690 = FACE_OUTER_BOUND ( 'NONE', #4249, .T. ) ;
#6691 = ADVANCED_FACE ( 'NONE', ( #2112 ), #6863, .F. ) ;
#6692 = PRESENTATION_STYLE_ASSIGNMENT (( #472 ) ) ;
#6693 = CARTESIAN_POINT ( 'NONE',  ( 0.8172394239610690780, 6.093223782856449944, 5.414712191412349718 ) ) ;
#6694 = ADVANCED_FACE ( 'NONE', ( #5855 ), #2133, .T. ) ;
#6695 = DIRECTION ( 'NONE',  ( 0.0000000000000000000, 0.0000000000000000000, -1.000000000000000000 ) ) ;
#6696 =( NAMED_UNIT ( * ) PLANE_ANGLE_UNIT ( ) SI_UNIT ( $, .RADIAN. ) );
#6697 = VERTEX_POINT ( 'NONE', #2740 ) ;
#6698 = PLANE ( 'NONE',  #82 ) ;
#6699 = CARTESIAN_POINT ( 'NONE',  ( 15.00000000000000000, 7.750000000000000000, 6.200000000000001066 ) ) ;
#6700 = MECHANICAL_DESIGN_GEOMETRIC_PRESENTATION_REPRESENTATION (  '', ( #5067 ), #4896 ) ;
#6701 = CARTESIAN_POINT ( 'NONE',  ( 6.038569758004224575, 6.340207273982838565, 5.485199103679603283 ) ) ;
#6702 = CARTESIAN_POINT ( 'NONE',  ( 10.00000000000000000, 0.6500000000000001332, 6.388051065821461094 ) ) ;
#6703 = LINE ( 'NONE', #5941, #5411 ) ;
#6704 = CARTESIAN_POINT ( 'NONE',  ( -1.041844086465805175, 6.384612859888997960, 5.465433459372714964 ) ) ;
#6705 = ORIENTED_EDGE ( 'NONE', *, *, #7354, .F. ) ;
#6706 = ORIENTED_EDGE ( 'NONE', *, *, #7226, .F. ) ;
#6707 = COLOUR_RGB ( '',0.2862745098039215508, 0.6431372549019607199, 0.8666666666666666963 ) ;
#6708 = CARTESIAN_POINT ( 'NONE',  ( 8.871701747922880799, 6.620978138265459556, 5.127902589497660202 ) ) ;
#6709 = CARTESIAN_POINT ( 'NONE',  ( 7.500000000000000000, 5.850000000000009415, 9.500000000000000000 ) ) ;
#6710 = EDGE_CURVE ( 'NONE', #4055, #2337, #9380, .T. ) ;
#6711 = EDGE_CURVE ( 'NONE', #3667, #4739, #7496, .T. ) ;
#6712 = CARTESIAN_POINT ( 'NONE',  ( 8.977026237062382563, 6.335242411118723105, 5.690954292864157438 ) ) ;
#6713 = VECTOR ( 'NONE', #10041, 1000.000000000000000 ) ;
#6714 = CARTESIAN_POINT ( 'NONE',  ( 0.5500000000000100364, 0.6224573519455459669, 6.200000000000001066 ) ) ;
#6715 = CARTESIAN_POINT ( 'NONE',  ( 3.976121095031217134, 6.379292657753691920, 5.607444991927584610 ) ) ;
#6716 = CARTESIAN_POINT ( 'NONE',  ( 0.0000000000000000000, 1.990236984239069917, 9.999999999999989342 ) ) ;
#6717 = VERTEX_POINT ( 'NONE', #6764 ) ;
#6718 =( NAMED_UNIT ( * ) PLANE_ANGLE_UNIT ( ) SI_UNIT ( $, .RADIAN. ) );
#6719 = LINE ( 'NONE', #1293, #8515 ) ;
#6720 = ORIENTED_EDGE ( 'NONE', *, *, #9271, .F. ) ;
#6721 =( NAMED_UNIT ( * ) PLANE_ANGLE_UNIT ( ) SI_UNIT ( $, .RADIAN. ) );
#6722 = EDGE_CURVE ( 'NONE', #4239, #2592, #9169, .T. ) ;
#6723 = VERTEX_POINT ( 'NONE', #6000 ) ;
#6724 = VECTOR ( 'NONE', #1972, 1000.000000000000000 ) ;
#6725 = CARTESIAN_POINT ( 'NONE',  ( 3.948605800780429664, 6.749926635177060597, 5.399714605802416578 ) ) ;
#6726 = VERTEX_POINT ( 'NONE', #6716 ) ;
#6727 = CARTESIAN_POINT ( 'NONE',  ( -5.000000000000000000, 1.560000000000000275, -5.152643988049929647E-15 ) ) ;
#6728 = CARTESIAN_POINT ( 'NONE',  ( 2.037878787878800502, 3.280303030303020062, 4.112121212121209624 ) ) ;
#6729 = EDGE_LOOP ( 'NONE', ( #4999, #5553 ) ) ;
#6730 = ADVANCED_FACE ( 'NONE', ( #9125 ), #9845, .T. ) ;
#6731 = CARTESIAN_POINT ( 'NONE',  ( 15.00000000000000000, 0.1499999999999999944, 6.388051065821461094 ) ) ;
#6732 = EDGE_CURVE ( 'NONE', #1858, #7732, #3769, .T. ) ;
#6733 = CARTESIAN_POINT ( 'NONE',  ( -2.500000000000000000, 6.250000000000031086, 0.7500000000000009992 ) ) ;
#6734 = VECTOR ( 'NONE', #9933, 1000.000000000000000 ) ;
#6735 = LINE ( 'NONE', #1313, #5291 ) ;
#6736 = DIRECTION ( 'NONE',  ( 0.0000000000000000000, 0.0000000000000000000, -1.000000000000000000 ) ) ;
#6737 = AXIS2_PLACEMENT_3D ( 'NONE', #1476, #10095, #3251 ) ;
#6738 = PRESENTATION_LAYER_ASSIGNMENT (  '', '', ( #9506 ) ) ;
#6739 = CYLINDRICAL_SURFACE ( 'NONE', #9346, 1.749999999999990230 ) ;
#6740 = ORIENTED_EDGE ( 'NONE', *, *, #2314, .F. ) ;
#6741 = COLOUR_RGB ( '',0.2862745098039215508, 0.6431372549019607199, 0.8666666666666666963 ) ;
#6742 = VECTOR ( 'NONE', #9962, 1000.000000000000000 ) ;
#6743 = CARTESIAN_POINT ( 'NONE',  ( 8.961427646675767633, 6.340242470872313518, 5.485183436973980697 ) ) ;
#6744 = DIRECTION ( 'NONE',  ( 8.725247161685363089E-18, -0.07124704990663610626, -0.9974586998365402302 ) ) ;
#6745 = ORIENTED_EDGE ( 'NONE', *, *, #8777, .T. ) ;
#6746 = CARTESIAN_POINT ( 'NONE',  ( -5.000000000000000000, 6.650000000000000355, 9.999999999999989342 ) ) ;
#6747 = VECTOR ( 'NONE', #9247, 1000.000000000000000 ) ;
#6748 =( GEOMETRIC_REPRESENTATION_CONTEXT ( 3 ) GLOBAL_UNCERTAINTY_ASSIGNED_CONTEXT ( ( #6052 ) ) GLOBAL_UNIT_ASSIGNED_CONTEXT ( ( #3571, #2049, #3524 ) ) REPRESENTATION_CONTEXT ( 'NONE', 'WORKASPACE' ) );
#6749 = EDGE_CURVE ( 'NONE', #7973, #4943, #3165, .T. ) ;
#6750 = VECTOR ( 'NONE', #3180, 1000.000000000000000 ) ;
#6751 = LINE ( 'NONE', #1121, #6051 ) ;
#6752 = SURFACE_STYLE_USAGE ( .BOTH. , #537 ) ;
#6753 = AXIS2_PLACEMENT_3D ( 'NONE', #7097, #3865, #13 ) ;
#6754 = ORIENTED_EDGE ( 'NONE', *, *, #4860, .F. ) ;
#6755 = VECTOR ( 'NONE', #5470, 1000.000000000000000 ) ;
#6756 = VECTOR ( 'NONE', #742, 1000.000000000000227 ) ;
#6757 = PRESENTATION_STYLE_ASSIGNMENT (( #9160 ) ) ;
#6758 = CARTESIAN_POINT ( 'NONE',  ( 2.500000000000000000, 2.500000000000010214, 9.999999999999992895 ) ) ;
#6759 = PRESENTATION_LAYER_ASSIGNMENT (  '', '', ( #813 ) ) ;
#6760 = CONICAL_SURFACE ( 'NONE', #7078, 1.599999999999999867, 0.07130746470380971980 ) ;
#6761 = PRESENTATION_STYLE_ASSIGNMENT (( #8264 ) ) ;
#6762 = LINE ( 'NONE', #3492, #6630 ) ;
#6763 = FACE_OUTER_BOUND ( 'NONE', #5984, .T. ) ;
#6764 = CARTESIAN_POINT ( 'NONE',  ( 9.750000000000010658, 7.750000000000000000, 5.900000000000000355 ) ) ;
#6765 = ORIENTED_EDGE ( 'NONE', *, *, #2634, .F. ) ;
#6766 = FACE_OUTER_BOUND ( 'NONE', #2573, .T. ) ;
#6767 = MECHANICAL_DESIGN_GEOMETRIC_PRESENTATION_REPRESENTATION (  '', ( #5617 ), #6275 ) ;
#6768 = VECTOR ( 'NONE', #6419, 1000.000000000000000 ) ;
#6769 = ORIENTED_EDGE ( 'NONE', *, *, #1194, .F. ) ;
#6770 = CARTESIAN_POINT ( 'NONE',  ( 7.500000000000000000, 2.550000000114664545, 8.099999999999999645 ) ) ;
#6771 = CARTESIAN_POINT ( 'NONE',  ( 7.500000000000000000, 9.550000000000029132, 2.750000000000000000 ) ) ;
#6772 = ADVANCED_FACE ( 'NONE', ( #2321 ), #5373, .F. ) ;
#6773 = VECTOR ( 'NONE', #507, 1000.000000000000114 ) ;
#6774 = ORIENTED_EDGE ( 'NONE', *, *, #4103, .T. ) ;
#6775 = SURFACE_STYLE_FILL_AREA ( #7640 ) ;
#6776 = CARTESIAN_POINT ( 'NONE',  ( 7.500000000000000000, 9.550000000000029132, 4.150000000000000355 ) ) ;
#6777 = CARTESIAN_POINT ( 'NONE',  ( 0.9313491852499899970, 3.850000000000010303, 9.236151811974510295 ) ) ;
#6778 = EDGE_CURVE ( 'NONE', #2465, #368, #4360, .T. ) ;
#6779 = EDGE_LOOP ( 'NONE', ( #1557, #8702, #1543, #2955, #2074, #5689 ) ) ;
#6780 = FACE_OUTER_BOUND ( 'NONE', #2437, .T. ) ;
#6781 = SURFACE_STYLE_USAGE ( .BOTH. , #4381 ) ;
#6782 = CARTESIAN_POINT ( 'NONE',  ( 1.128298252077120090, 6.620978138265459556, 5.127902589497670860 ) ) ;
#6783 = EDGE_CURVE ( 'NONE', #9275, #3111, #8654, .T. ) ;
#6784 = DIRECTION ( 'NONE',  ( 0.0000000000000000000, -1.000000000000000000, 0.0000000000000000000 ) ) ;
#6785 = EDGE_CURVE ( 'NONE', #9934, #315, #4024, .T. ) ;
#6786 =( LENGTH_UNIT ( ) NAMED_UNIT ( * ) SI_UNIT ( .MILLI., .METRE. ) );
#6787 = AXIS2_PLACEMENT_3D ( 'NONE', #5705, #4939, #7297 ) ;
#6788 = FILL_AREA_STYLE_COLOUR ( '', #7723 ) ;
#6789 = FACE_OUTER_BOUND ( 'NONE', #1744, .T. ) ;
#6790 = ORIENTED_EDGE ( 'NONE', *, *, #513, .T. ) ;
#6791 = SURFACE_SIDE_STYLE ('',( #4296 ) ) ;
#6792 = PLANE ( 'NONE',  #1798 ) ;
#6793 = ORIENTED_EDGE ( 'NONE', *, *, #10217, .F. ) ;
#6794 = CONICAL_SURFACE ( 'NONE', #6136, 0.2500000000000002220, 0.4636476084710116075 ) ;
#6795 = CARTESIAN_POINT ( 'NONE',  ( 9.550000000000000711, 7.750000000000000000, 0.4500000000000020095 ) ) ;
#6796 = SURFACE_STYLE_FILL_AREA ( #9109 ) ;
#6797 = ADVANCED_FACE ( 'NONE', ( #1484 ), #9366, .T. ) ;
#6798 = DIRECTION ( 'NONE',  ( 1.000000000000000000, 4.311199699514559827E-15, 0.0000000000000000000 ) ) ;
#6799 = SURFACE_STYLE_FILL_AREA ( #6031 ) ;
#6800 = EDGE_LOOP ( 'NONE', ( #6005, #9579, #5330, #877 ) ) ;
#6801 = COLOUR_RGB ( '',0.2862745098039215508, 0.6431372549019607199, 0.8666666666666666963 ) ;
#6802 = LINE ( 'NONE', #493, #2696 ) ;
#6803 = PLANE ( 'NONE',  #4285 ) ;
#6804 = B_SPLINE_CURVE_WITH_KNOTS ( 'NONE', 3,
 ( #8949, #1884, #8172, #6642, #2707, #5869 ),
 .UNSPECIFIED., .F., .F.,
 ( 4, 2, 4 ),
 ( 0.0000000000000000000, 0.4556032744928619760, 1.000000000000000000 ),
 .UNSPECIFIED. ) ;
#6805 = CIRCLE ( 'NONE', #5666, 0.2000000000000005107 ) ;
#6806 = FILL_AREA_STYLE_COLOUR ( '', #7231 ) ;
#6807 = ORIENTED_EDGE ( 'NONE', *, *, #8182, .T. ) ;
#6808 = CARTESIAN_POINT ( 'NONE',  ( -3.924099116621577288, 6.560463200155847829, 5.313097438219579693 ) ) ;
#6809 = CARTESIAN_POINT ( 'NONE',  ( 3.549999999999999822, 5.950000000000040146, 3.494824785299559977 ) ) ;
#6810 = PRESENTATION_STYLE_ASSIGNMENT (( #9955 ) ) ;
#6811 = VERTEX_POINT ( 'NONE', #10150 ) ;
#6812 = LINE ( 'NONE', #2025, #9041 ) ;
#6813 = ADVANCED_FACE ( 'NONE', ( #3101 ), #2852, .T. ) ;
#6814 =( GEOMETRIC_REPRESENTATION_CONTEXT ( 3 ) GLOBAL_UNCERTAINTY_ASSIGNED_CONTEXT ( ( #5073 ) ) GLOBAL_UNIT_ASSIGNED_CONTEXT ( ( #4336, #5870, #2037 ) ) REPRESENTATION_CONTEXT ( 'NONE', 'WORKASPACE' ) );
#6815 = VERTEX_POINT ( 'NONE', #4091 ) ;
#6816 = ORIENTED_EDGE ( 'NONE', *, *, #7984, .T. ) ;
#6817 = CARTESIAN_POINT ( 'NONE',  ( 3.976897247608213615, 6.379062758812451328, 5.679065084668919461 ) ) ;
#6818 = VERTEX_POINT ( 'NONE', #2423 ) ;
#6819 = PLANE ( 'NONE',  #7944 ) ;
#6820 = CARTESIAN_POINT ( 'NONE',  ( 2.500000000000000000, 4.250000000000009770, 8.000000000000000000 ) ) ;
#6821 = DIRECTION ( 'NONE',  ( 0.0000000000000000000, 0.9848077530122081313, 0.1736481776669300259 ) ) ;
#6822 = CARTESIAN_POINT ( 'NONE',  ( 15.00000000000000000, 6.436102000195529804, 10.00000000000000000 ) ) ;
#6823 = DIRECTION ( 'NONE',  ( 0.0000000000000000000, -1.000000000000000000, -3.965082230804130614E-15 ) ) ;
#6824 = ORIENTED_EDGE ( 'NONE', *, *, #7349, .T. ) ;
#6825 =( BOUNDED_CURVE ( )  B_SPLINE_CURVE ( 3, ( #697, #2367, #7775, #2473 ),
 .UNSPECIFIED., .F., .T. ) 
 B_SPLINE_CURVE_WITH_KNOTS ( ( 4, 4 ),
 ( 1.640609496874690931, 1.933884111301997999 ),
 .UNSPECIFIED. ) 
 CURVE ( )  GEOMETRIC_REPRESENTATION_ITEM ( )  RATIONAL_B_SPLINE_CURVE ( ( 1.000000000000000000, 0.9928453341064040760, 0.9928453341064040760, 1.000000000000000000 ) ) 
 REPRESENTATION_ITEM ( '' )  );
#6826 = CARTESIAN_POINT ( 'NONE',  ( 5.937107388568627186, 3.850000000000009415, 9.314249409997643170 ) ) ;
#6827 = PRESENTATION_STYLE_ASSIGNMENT (( #3696 ) ) ;
#6828 = EDGE_CURVE ( 'NONE', #3841, #1213, #4207, .T. ) ;
#6829 =( GEOMETRIC_REPRESENTATION_CONTEXT ( 3 ) GLOBAL_UNCERTAINTY_ASSIGNED_CONTEXT ( ( #8425 ) ) GLOBAL_UNIT_ASSIGNED_CONTEXT ( ( #7823, #2411, #5562 ) ) REPRESENTATION_CONTEXT ( 'NONE', 'WORKASPACE' ) );
#6830 =( BOUNDED_CURVE ( )  B_SPLINE_CURVE ( 3, ( #1841, #4797, #5013, #8133 ),
 .UNSPECIFIED., .F., .T. ) 
 B_SPLINE_CURVE_WITH_KNOTS ( ( 4, 4 ),
 ( 1.617317421061990945, 1.640609496874660067 ),
 .UNSPECIFIED. ) 
 CURVE ( )  GEOMETRIC_REPRESENTATION_ITEM ( )  RATIONAL_B_SPLINE_CURVE ( ( 1.000000000000000000, 0.9999547904446798308, 0.9999547904446798308, 1.000000000000000000 ) ) 
 REPRESENTATION_ITEM ( '' )  );
#6831 = UNCERTAINTY_MEASURE_WITH_UNIT (LENGTH_MEASURE( 1.000000000000000082E-05 ), #8280, 'distance_accuracy_value', 'NONE');
#6832 = EDGE_CURVE ( 'NONE', #3841, #9275, #8306, .T. ) ;
#6833 = CARTESIAN_POINT ( 'NONE',  ( -0.2500000000000000000, 7.750000000000000000, 5.700000000000000178 ) ) ;
#6834 = DIRECTION ( 'NONE',  ( -1.000000000000000000, 0.0000000000000000000, 0.0000000000000000000 ) ) ;
#6835 =( LENGTH_UNIT ( ) NAMED_UNIT ( * ) SI_UNIT ( .MILLI., .METRE. ) );
#6836 = CARTESIAN_POINT ( 'NONE',  ( -3.924099116621577288, 6.560463200155847829, 5.313097438219579693 ) ) ;
#6837 = VERTEX_POINT ( 'NONE', #5570 ) ;
#6838 = CARTESIAN_POINT ( 'NONE',  ( 1.302467390493500021, 6.864512672020650186, 4.512313905521390112 ) ) ;
#6839 = ORIENTED_EDGE ( 'NONE', *, *, #830, .F. ) ;
#6840 = VECTOR ( 'NONE', #8651, 1000.000000000000000 ) ;
#6841 = DIRECTION ( 'NONE',  ( -1.000000000000000000, 0.0000000000000000000, 0.0000000000000000000 ) ) ;
#6842 = FACE_OUTER_BOUND ( 'NONE', #2016, .T. ) ;
#6843 = ORIENTED_EDGE ( 'NONE', *, *, #1162, .F. ) ;
#6844 = EDGE_CURVE ( 'NONE', #3111, #3171, #7941, .T. ) ;
#6845 = LINE ( 'NONE', #9982, #8904 ) ;
#6846 = DIRECTION ( 'NONE',  ( 0.0000000000000000000, 0.0000000000000000000, 1.000000000000000000 ) ) ;
#6847 = COLOUR_RGB ( '',0.2862745098039215508, 0.6431372549019607199, 0.8666666666666666963 ) ;
#6848 = DIRECTION ( 'NONE',  ( -1.000000000000000000, 0.0000000000000000000, 0.0000000000000000000 ) ) ;
#6849 = FACE_BOUND ( 'NONE', #7126, .T. ) ;
#6850 = FACE_OUTER_BOUND ( 'NONE', #4879, .T. ) ;
#6851 = ORIENTED_EDGE ( 'NONE', *, *, #3485, .F. ) ;
#6852 = DIRECTION ( 'NONE',  ( -1.000000000000000000, 0.0000000000000000000, 0.0000000000000000000 ) ) ;
#6853 = DIRECTION ( 'NONE',  ( 0.0000000000000000000, 0.0000000000000000000, -1.000000000000000000 ) ) ;
#6854 = CARTESIAN_POINT ( 'NONE',  ( 7.500000000000000000, 4.250000000000009770, 8.000000000000000000 ) ) ;
#6855 = ADVANCED_FACE ( 'NONE', ( #1857 ), #1644, .F. ) ;
#6856 = ADVANCED_FACE ( 'NONE', ( #2571 ), #4867, .F. ) ;
#6857 = STYLED_ITEM ( 'NONE', ( #4035 ), #535 ) ;
#6858 = ADVANCED_FACE ( 'NONE', ( #7331 ), #1014, .F. ) ;
#6859 = SURFACE_SIDE_STYLE ('',( #8164 ) ) ;
#6860 = EDGE_LOOP ( 'NONE', ( #3507, #7992, #6299, #1294, #4262, #10035, #1399, #2547 ) ) ;
#6861 = DIRECTION ( 'NONE',  ( 5.152643988049929844E-16, 0.0000000000000000000, 1.000000000000000000 ) ) ;
#6862 = FACE_OUTER_BOUND ( 'NONE', #9909, .T. ) ;
#6863 = PLANE ( 'NONE',  #3361 ) ;
#6864 = VERTEX_POINT ( 'NONE', #857 ) ;
#6865 = ORIENTED_EDGE ( 'NONE', *, *, #1907, .F. ) ;
#6866 = SURFACE_STYLE_FILL_AREA ( #2800 ) ;
#6867 = ORIENTED_EDGE ( 'NONE', *, *, #1166, .F. ) ;
#6868 = EDGE_LOOP ( 'NONE', ( #2950, #767, #704, #7136, #8969, #5466 ) ) ;
#6869 = CIRCLE ( 'NONE', #3427, 0.5000000000000000000 ) ;
#6870 = EDGE_CURVE ( 'NONE', #6837, #5811, #3417, .T. ) ;
#6871 = ORIENTED_EDGE ( 'NONE', *, *, #2062, .F. ) ;
#6872 = CARTESIAN_POINT ( 'NONE',  ( 2.500000000000000000, 6.250000000000031086, 1.349999999999999867 ) ) ;
#6873 = VECTOR ( 'NONE', #2605, 1000.000000000000000 ) ;
#6874 =( NAMED_UNIT ( * ) SI_UNIT ( $, .STERADIAN. ) SOLID_ANGLE_UNIT ( ) );
#6875 = SURFACE_SIDE_STYLE ('',( #7646 ) ) ;
#6876 = CARTESIAN_POINT ( 'NONE',  ( 7.500000000000000000, 2.650000000000010125, 9.500000000000000000 ) ) ;
#6877 = EDGE_CURVE ( 'NONE', #6510, #1053, #3216, .T. ) ;
#6878 = VECTOR ( 'NONE', #8055, 1000.000000000000000 ) ;
#6879 = AXIS2_PLACEMENT_3D ( 'NONE', #9110, #6798, #2055 ) ;
#6880 = CARTESIAN_POINT ( 'NONE',  ( 2.500000000000000000, 4.250000000000009770, 9.300000000000009592 ) ) ;
#6881 = UNCERTAINTY_MEASURE_WITH_UNIT (LENGTH_MEASURE( 1.000000000000000082E-05 ), #6034, 'distance_accuracy_value', 'NONE');
#6882 = FILL_AREA_STYLE ('',( #568 ) ) ;
#6883 = DIRECTION ( 'NONE',  ( 0.0000000000000000000, -3.675221047034999628E-15, 1.000000000000000000 ) ) ;
#6884 = CARTESIAN_POINT ( 'NONE',  ( -4.087037305134390230, 3.850000000000010303, 8.986637655680240755 ) ) ;
#6885 = ORIENTED_EDGE ( 'NONE', *, *, #4861, .F. ) ;
#6886 = CARTESIAN_POINT ( 'NONE',  ( 6.092610859955164493, 4.650000000000010125, 9.500000000000033751 ) ) ;
#6887 = ORIENTED_EDGE ( 'NONE', *, *, #7494, .T. ) ;
#6888 = DIRECTION ( 'NONE',  ( -5.580452358381269806E-16, 1.000000000000000000, 0.0000000000000000000 ) ) ;
#6889 = CIRCLE ( 'NONE', #6396, 0.5999999999999998668 ) ;
#6890 = ORIENTED_EDGE ( 'NONE', *, *, #1298, .F. ) ;
#6891 = DIRECTION ( 'NONE',  ( 0.0000000000000000000, 0.0000000000000000000, -1.000000000000000000 ) ) ;
#6892 =( BOUNDED_CURVE ( )  B_SPLINE_CURVE ( 3, ( #2204, #2356, #5362, #1417 ),
 .UNSPECIFIED., .F., .T. ) 
 B_SPLINE_CURVE_WITH_KNOTS ( ( 4, 4 ),
 ( 2.977423445241600852, 3.130753691978162223 ),
 .UNSPECIFIED. ) 
 CURVE ( )  GEOMETRIC_REPRESENTATION_ITEM ( )  RATIONAL_B_SPLINE_CURVE ( ( 1.000000000000000000, 0.9980417790286001400, 0.9980417790286001400, 1.000000000000000000 ) ) 
 REPRESENTATION_ITEM ( '' )  );
#6893 = DIRECTION ( 'NONE',  ( 1.000000000000000000, 0.0000000000000000000, 0.0000000000000000000 ) ) ;
#6894 = ORIENTED_EDGE ( 'NONE', *, *, #5936, .F. ) ;
#6895 = LINE ( 'NONE', #9108, #5137 ) ;
#6896 = DIRECTION ( 'NONE',  ( 1.000000000000000000, 0.0000000000000000000, 0.0000000000000000000 ) ) ;
#6897 = MECHANICAL_DESIGN_GEOMETRIC_PRESENTATION_REPRESENTATION (  '', ( #4124 ), #4607 ) ;
#6898 = CARTESIAN_POINT ( 'NONE',  ( -0.5000000000000000000, 6.370920840910899940, 3.569044486294639995 ) ) ;
#6899 = UNCERTAINTY_MEASURE_WITH_UNIT (LENGTH_MEASURE( 1.000000000000000082E-05 ), #8086, 'distance_accuracy_value', 'NONE');
#6900 = DIRECTION ( 'NONE',  ( -1.000000000000000000, 0.0000000000000000000, 3.641714079092569968E-16 ) ) ;
#6901 = CYLINDRICAL_SURFACE ( 'NONE', #1453, 0.2999999999999999334 ) ;
#6902 = ORIENTED_EDGE ( 'NONE', *, *, #9672, .T. ) ;
#6903 = CARTESIAN_POINT ( 'NONE',  ( 5.450000000000000178, 6.250000000000031086, 0.6500000000000040190 ) ) ;
#6904 = CARTESIAN_POINT ( 'NONE',  ( 2.500000000000000000, 6.250000000000031086, 2.750000000000000000 ) ) ;
#6905 = VECTOR ( 'NONE', #3573, 1000.000000000000114 ) ;
#6906 = ADVANCED_FACE ( 'NONE', ( #7273 ), #6963, .T. ) ;
#6907 = VECTOR ( 'NONE', #8557, 1000.000000000000000 ) ;
#6908 = CARTESIAN_POINT ( 'NONE',  ( 9.068650814757519996, 3.850000000000010303, 9.236151811976069936 ) ) ;
#6909 = AXIS2_PLACEMENT_3D ( 'NONE', #9261, #4811, #7939 ) ;
#6910 = AXIS2_PLACEMENT_3D ( 'NONE', #3640, #1080, #9698 ) ;
#6911 =( NAMED_UNIT ( * ) SI_UNIT ( $, .STERADIAN. ) SOLID_ANGLE_UNIT ( ) );
#6912 = CARTESIAN_POINT ( 'NONE',  ( -5.000000000000000000, 0.1977371785018489925, 6.601260681670580333 ) ) ;
#6913 = STYLED_ITEM ( 'NONE', ( #8233 ), #8627 ) ;
#6914 = PRESENTATION_STYLE_ASSIGNMENT (( #5331 ) ) ;
#6915 = CARTESIAN_POINT ( 'NONE',  ( 5.450000000000009948, 7.750000000000000000, 5.900000000000000355 ) ) ;
#6916 = EDGE_CURVE ( 'NONE', #6640, #5722, #8810, .T. ) ;
#6917 = STYLED_ITEM ( 'NONE', ( #4753 ), #4625 ) ;
#6918 = EDGE_CURVE ( 'NONE', #7867, #4735, #9463, .T. ) ;
#6919 = CIRCLE ( 'NONE', #5135, 1.613267899285889984 ) ;
#6920 =( NAMED_UNIT ( * ) PLANE_ANGLE_UNIT ( ) SI_UNIT ( $, .RADIAN. ) );
#6921 = ORIENTED_EDGE ( 'NONE', *, *, #6468, .T. ) ;
#6922 = FACE_OUTER_BOUND ( 'NONE', #5004, .T. ) ;
#6923 = ORIENTED_EDGE ( 'NONE', *, *, #7325, .F. ) ;
#6924 = ORIENTED_EDGE ( 'NONE', *, *, #8294, .T. ) ;
#6925 = AXIS2_PLACEMENT_3D ( 'NONE', #2231, #3903, #6201 ) ;
#6926 = VERTEX_POINT ( 'NONE', #190 ) ;
#6927 = CARTESIAN_POINT ( 'NONE',  ( 7.500000000000000000, 4.250000000000031086, -3.850000000000000089 ) ) ;
#6928 = ORIENTED_EDGE ( 'NONE', *, *, #2603, .F. ) ;
#6929 = VECTOR ( 'NONE', #10122, 1000.000000000000000 ) ;
#6930 = SURFACE_STYLE_USAGE ( .BOTH. , #1440 ) ;
#6931 = DIRECTION ( 'NONE',  ( 0.0000000000000000000, 0.0000000000000000000, 1.000000000000000000 ) ) ;
#6932 = VERTEX_POINT ( 'NONE', #3258 ) ;
#6933 = DIRECTION ( 'NONE',  ( 1.000000000000000000, 0.0000000000000000000, -5.152643988049919983E-16 ) ) ;
#6934 = DIRECTION ( 'NONE',  ( 0.0000000000000000000, -1.000000000000000000, 0.0000000000000000000 ) ) ;
#6935 = ORIENTED_EDGE ( 'NONE', *, *, #840, .F. ) ;
#6936 = CARTESIAN_POINT ( 'NONE',  ( 10.38636363636359938, 9.340909090909089940, -0.1863636363636350102 ) ) ;
#6937 = CARTESIAN_POINT ( 'NONE',  ( -4.549999999999999822, 7.250000000000000000, 5.700000000000000178 ) ) ;
#6938 = CARTESIAN_POINT ( 'NONE',  ( 2.500000000000000000, 4.250000000000009770, 8.100000000000010303 ) ) ;
#6939 = ORIENTED_EDGE ( 'NONE', *, *, #214, .T. ) ;
#6940 = CARTESIAN_POINT ( 'NONE',  ( 5.996182525918290374, 6.250000000000079936, 5.603246506036859920 ) ) ;
#6941 = EDGE_LOOP ( 'NONE', ( #862, #7956, #8775, #61 ) ) ;
#6942 = AXIS2_PLACEMENT_3D ( 'NONE', #3402, #3517, #5568 ) ;
#6943 = LINE ( 'NONE', #10080, #6004 ) ;
#6944 = ORIENTED_EDGE ( 'NONE', *, *, #6778, .F. ) ;
#6945 =( NAMED_UNIT ( * ) PLANE_ANGLE_UNIT ( ) SI_UNIT ( $, .RADIAN. ) );
#6946 = VERTEX_POINT ( 'NONE', #6393 ) ;
#6947 = CIRCLE ( 'NONE', #7455, 1.400000000000000133 ) ;
#6948 = CARTESIAN_POINT ( 'NONE',  ( -4.644999999999999574, 0.7350406544375860385, 6.200000000000001066 ) ) ;
#6949 = DIRECTION ( 'NONE',  ( 1.000000000000000000, 0.0000000000000000000, 0.0000000000000000000 ) ) ;
#6950 = DIRECTION ( 'NONE',  ( 0.0000000000000000000, 0.0000000000000000000, -1.000000000000000000 ) ) ;
#6951 = FILL_AREA_STYLE_COLOUR ( '', #1369 ) ;
#6952 = LINE ( 'NONE', #9350, #6756 ) ;
#6953 = ORIENTED_EDGE ( 'NONE', *, *, #6317, .F. ) ;
#6954 = DIRECTION ( 'NONE',  ( 1.000000000000000000, 0.0000000000000000000, 0.0000000000000000000 ) ) ;
#6955 = PRESENTATION_STYLE_ASSIGNMENT (( #6384 ) ) ;
#6956 = AXIS2_PLACEMENT_3D ( 'NONE', #6008, #2809, #9086 ) ;
#6957 = EDGE_CURVE ( 'NONE', #8175, #6247, #134, .T. ) ;
#6958 = DIRECTION ( 'NONE',  ( 0.0000000000000000000, -1.000000000000000000, -3.965082230804152702E-15 ) ) ;
#6959 = UNCERTAINTY_MEASURE_WITH_UNIT (LENGTH_MEASURE( 1.000000000000000082E-05 ), #2759, 'distance_accuracy_value', 'NONE');
#6960 = EDGE_CURVE ( 'NONE', #3562, #712, #3010, .T. ) ;
#6961 = CARTESIAN_POINT ( 'NONE',  ( 8.856009966283759027, 4.650000000000010125, 9.500000000000000000 ) ) ;
#6962 = DIRECTION ( 'NONE',  ( 5.152643988049929844E-16, 0.0000000000000000000, 1.000000000000000000 ) ) ;
#6963 = TOROIDAL_SURFACE ( 'NONE', #9249, 1.600000000000000089, 0.1000000000000000056 ) ;
#6964 = PRODUCT_DEFINITION_SHAPE ( 'NONE', 'NONE',  #3230 ) ;
#6965 = DIRECTION ( 'NONE',  ( 0.0000000000000000000, 1.000000000000000000, 0.0000000000000000000 ) ) ;
#6966 = VERTEX_POINT ( 'NONE', #4976 ) ;
#6967 = ORIENTED_EDGE ( 'NONE', *, *, #6412, .F. ) ;
#6968 = VERTEX_POINT ( 'NONE', #8100 ) ;
#6969 = ADVANCED_FACE ( 'NONE', ( #5131 ), #3672, .T. ) ;
#6970 = ADVANCED_FACE ( 'NONE', ( #4442 ), #2727, .T. ) ;
#6971 = FACE_OUTER_BOUND ( 'NONE', #4737, .T. ) ;
#6972 = ORIENTED_EDGE ( 'NONE', *, *, #5159, .F. ) ;
#6973 = CARTESIAN_POINT ( 'NONE',  ( 7.750000000000000000, 4.250000000000031086, -4.349999999999999645 ) ) ;
#6974 = VERTEX_POINT ( 'NONE', #8342 ) ;
#6975 = FACE_OUTER_BOUND ( 'NONE', #356, .T. ) ;
#6976 = VECTOR ( 'NONE', #9334, 1000.000000000000000 ) ;
#6977 = LINE ( 'NONE', #8566, #6422 ) ;
#6978 = FACE_OUTER_BOUND ( 'NONE', #3954, .T. ) ;
#6979 = DIRECTION ( 'NONE',  ( -1.000000000000000000, 0.0000000000000000000, 0.0000000000000000000 ) ) ;
#6980 = CARTESIAN_POINT ( 'NONE',  ( 3.875649002070729932, 6.820490948317419644, 5.141853884246479822 ) ) ;
#6981 = ADVANCED_FACE ( 'NONE', ( #8299 ), #2101, .F. ) ;
#6982 = ADVANCED_FACE ( 'NONE', ( #2883 ), #9907, .T. ) ;
#6983 = CARTESIAN_POINT ( 'NONE',  ( 1.030138328475300735, 6.381146321193634563, 5.536094731139330705 ) ) ;
#6984 = CARTESIAN_POINT ( 'NONE',  ( 6.450000000000000178, 6.370920840910899940, 3.569044486294639995 ) ) ;
#6985 = CARTESIAN_POINT ( 'NONE',  ( 8.958155913534195491, 6.384612859888997960, 5.465433459372715852 ) ) ;
#6986 = VERTEX_POINT ( 'NONE', #284 ) ;
#6987 = DIRECTION ( 'NONE',  ( 0.0000000000000000000, 1.000000000000000000, 0.0000000000000000000 ) ) ;
#6988 = ORIENTED_EDGE ( 'NONE', *, *, #9358, .T. ) ;
#6989 = PLANE ( 'NONE',  #692 ) ;
#6990 = ORIENTED_EDGE ( 'NONE', *, *, #5267, .F. ) ;
#6991 = CYLINDRICAL_SURFACE ( 'NONE', #3787, 1.399999999999999911 ) ;
#6992 = ORIENTED_EDGE ( 'NONE', *, *, #2680, .F. ) ;
#6993 = CARTESIAN_POINT ( 'NONE',  ( 8.996623964658530426, 6.250000000000079936, 5.516661212398769720 ) ) ;
#6994 = DIRECTION ( 'NONE',  ( 0.0000000000000000000, 0.0000000000000000000, -1.000000000000000000 ) ) ;
#6995 = ADVANCED_FACE ( 'NONE', ( #491 ), #1901, .T. ) ;
#6996 = DIRECTION ( 'NONE',  ( 1.000000000000000000, 0.0000000000000000000, 0.0000000000000000000 ) ) ;
#6997 = DIRECTION ( 'NONE',  ( 0.0000000000000000000, 0.0000000000000000000, -1.000000000000000000 ) ) ;
#6998 = VERTEX_POINT ( 'NONE', #1126 ) ;
#6999 = DIRECTION ( 'NONE',  ( 0.0000000000000000000, 0.0000000000000000000, -1.000000000000000000 ) ) ;
#7000 = CARTESIAN_POINT ( 'NONE',  ( 4.549999999999999822, 2.200000000000000178, 0.7499999999999990008 ) ) ;
#7001 = FILL_AREA_STYLE_COLOUR ( '', #5254 ) ;
#7002 = AXIS2_PLACEMENT_3D ( 'NONE', #3262, #5637, #6509 ) ;
#7003 = DIRECTION ( 'NONE',  ( 0.0000000000000000000, 0.0000000000000000000, -1.000000000000000000 ) ) ;
#7004 = CARTESIAN_POINT ( 'NONE',  ( 6.450000000000000178, -1.462314593354880232, 3.990870176997169949 ) ) ;
#7005 = LINE ( 'NONE', #10211, #4108 ) ;
#7006 =( BOUNDED_CURVE ( )  B_SPLINE_CURVE ( 3, ( #9758, #8064, #2499, #5098 ),
 .UNSPECIFIED., .F., .T. ) 
 B_SPLINE_CURVE_WITH_KNOTS ( ( 4, 4 ),
 ( 1.617317421061990945, 1.640609496874660067 ),
 .UNSPECIFIED. ) 
 CURVE ( )  GEOMETRIC_REPRESENTATION_ITEM ( )  RATIONAL_B_SPLINE_CURVE ( ( 1.000000000000000000, 0.9999547904446798308, 0.9999547904446798308, 1.000000000000000000 ) ) 
 REPRESENTATION_ITEM ( '' )  );
#7007 = UNCERTAINTY_MEASURE_WITH_UNIT (LENGTH_MEASURE( 1.000000000000000082E-05 ), #6835, 'distance_accuracy_value', 'NONE');
#7008 = ORIENTED_EDGE ( 'NONE', *, *, #4240, .F. ) ;
#7009 = ORIENTED_EDGE ( 'NONE', *, *, #4235, .F. ) ;
#7010 = PRODUCT_CONTEXT ( 'NONE', #1210, 'mechanical' ) ;
#7011 = DIRECTION ( 'NONE',  ( -5.152643988049919983E-16, 0.0000000000000000000, -1.000000000000000000 ) ) ;
#7012 = AXIS2_PLACEMENT_3D ( 'NONE', #6228, #588, #7824 ) ;
#7013 = ORIENTED_EDGE ( 'NONE', *, *, #5932, .F. ) ;
#7014 = VERTEX_POINT ( 'NONE', #4310 ) ;
#7015 = EDGE_CURVE ( 'NONE', #7075, #9583, #9898, .T. ) ;
#7016 = MECHANICAL_DESIGN_GEOMETRIC_PRESENTATION_REPRESENTATION (  '', ( #4904 ), #4084 ) ;
#7017 = CYLINDRICAL_SURFACE ( 'NONE', #7098, 1.399999999999999911 ) ;
#7018 = DIRECTION ( 'NONE',  ( -0.8660254037843231334, 0.5000000000002000622, 0.0000000000000000000 ) ) ;
#7019 = VERTEX_POINT ( 'NONE', #3534 ) ;
#7020 = SURFACE_STYLE_FILL_AREA ( #10070 ) ;
#7021 = DIRECTION ( 'NONE',  ( 0.0000000000000000000, 0.0000000000000000000, 1.000000000000000000 ) ) ;
#7022 = CARTESIAN_POINT ( 'NONE',  ( 2.500000000000000000, 4.250000000000009770, 9.314249409997589879 ) ) ;
#7023 = DIRECTION ( 'NONE',  ( 0.0000000000000000000, 0.0000000000000000000, -1.000000000000000000 ) ) ;
#7024 = VERTEX_POINT ( 'NONE', #5217 ) ;
#7025 =( GEOMETRIC_REPRESENTATION_CONTEXT ( 3 ) GLOBAL_UNCERTAINTY_ASSIGNED_CONTEXT ( ( #2909 ) ) GLOBAL_UNIT_ASSIGNED_CONTEXT ( ( #4569, #1949, #9941 ) ) REPRESENTATION_CONTEXT ( 'NONE', 'WORKASPACE' ) );
#7026 = PLANE ( 'NONE',  #1585 ) ;
#7027 = ADVANCED_FACE ( 'NONE', ( #8258 ), #1185, .T. ) ;
#7028 = CARTESIAN_POINT ( 'NONE',  ( 3.924099116621577288, 6.782835288287570208, 5.313097438219570812 ) ) ;
#7029 = UNCERTAINTY_MEASURE_WITH_UNIT (LENGTH_MEASURE( 1.000000000000000082E-05 ), #810, 'distance_accuracy_value', 'NONE');
#7030 = CARTESIAN_POINT ( 'NONE',  ( -2.500000000000000000, 5.850000000000009415, 8.100000000000010303 ) ) ;
#7031 = CARTESIAN_POINT ( 'NONE',  ( -2.500000000000000000, 4.250000000000000000, 9.999999999999989342 ) ) ;
#7032 = DIRECTION ( 'NONE',  ( 4.231032868236119855E-16, 0.0000000000000000000, 1.000000000000000000 ) ) ;
#7033 = FACE_OUTER_BOUND ( 'NONE', #4788, .T. ) ;
#7035 = ADVANCED_FACE ( 'NONE', ( #10138, #6850, #1420 ), #2359, .F. ) ;
#7034 = ORIENTED_EDGE ( 'NONE', *, *, #2853, .T. ) ;
#7036 = EDGE_CURVE ( 'NONE', #703, #3006, #3550, .T. ) ;
#7037 = CARTESIAN_POINT ( 'NONE',  ( 7.500000000000000000, 9.550000000000029132, 2.750000000000000000 ) ) ;
#7038 = ORIENTED_EDGE ( 'NONE', *, *, #3796, .F. ) ;
#7039 = FACE_OUTER_BOUND ( 'NONE', #7185, .T. ) ;
#7040 = ORIENTED_EDGE ( 'NONE', *, *, #3466, .F. ) ;
#7041 = LINE ( 'NONE', #5402, #7566 ) ;
#7042 = ORIENTED_EDGE ( 'NONE', *, *, #107, .T. ) ;
#7043 = CIRCLE ( 'NONE', #2258, 0.2500000000000002220 ) ;
#7044 = LINE ( 'NONE', #5408, #6713 ) ;
#7045 = VECTOR ( 'NONE', #9268, 1000.000000000000000 ) ;
#7046 = PLANE ( 'NONE',  #5107 ) ;
#7047 = STYLED_ITEM ( 'NONE', ( #8439 ), #2178 ) ;
#7048 = CARTESIAN_POINT ( 'NONE',  ( 4.068650814749700473, 4.650000000000010125, 9.236151811974451675 ) ) ;
#7049 = CARTESIAN_POINT ( 'NONE',  ( 3.549999999999999822, 5.950000000000040146, 3.494824785299559977 ) ) ;
#7050 = ORIENTED_EDGE ( 'NONE', *, *, #4476, .F. ) ;
#7051 = DIRECTION ( 'NONE',  ( 1.000000000000000000, 0.0000000000000000000, 0.0000000000000000000 ) ) ;
#7052 = PLANE ( 'NONE',  #3589 ) ;
#7053 =( NAMED_UNIT ( * ) PLANE_ANGLE_UNIT ( ) SI_UNIT ( $, .RADIAN. ) );
#7054 = CIRCLE ( 'NONE', #8368, 1.400000000000000133 ) ;
#7055 = CARTESIAN_POINT ( 'NONE',  ( 3.890407047718349887, 6.616355096402059210, 5.194015168276943761 ) ) ;
#7056 = CARTESIAN_POINT ( 'NONE',  ( 7.500000000000000000, 4.250000000000031086, -3.850000000000000089 ) ) ;
#7057 = DIRECTION ( 'NONE',  ( -1.000000000000000000, 0.0000000000000000000, 0.0000000000000000000 ) ) ;
#7058 = AXIS2_PLACEMENT_3D ( 'NONE', #3424, #2685, #3957 ) ;
#7059 = CARTESIAN_POINT ( 'NONE',  ( 15.00000000000000000, 0.1499999999999999944, 6.700000000000000178 ) ) ;
#7060 = ORIENTED_EDGE ( 'NONE', *, *, #4916, .T. ) ;
#7061 = ORIENTED_EDGE ( 'NONE', *, *, #2687, .F. ) ;
#7062 = EDGE_CURVE ( 'NONE', #5708, #8791, #3088, .T. ) ;
#7063 = VECTOR ( 'NONE', #7117, 1000.000000000000000 ) ;
#7064 = CARTESIAN_POINT ( 'NONE',  ( 0.9408890998796641814, 4.650000000000010125, 9.365540160508126988 ) ) ;
#7065 = CARTESIAN_POINT ( 'NONE',  ( 9.550000000000000711, 7.250000000000000000, 5.700000000000000178 ) ) ;
#7066 = EDGE_LOOP ( 'NONE', ( #3309, #2267, #10230, #6226, #6887, #3995 ) ) ;
#7067 = ORIENTED_EDGE ( 'NONE', *, *, #5356, .F. ) ;
#7068 = AXIS2_PLACEMENT_3D ( 'NONE', #7865, #6893, #8676 ) ;
#7069 = VECTOR ( 'NONE', #1147, 1000.000000000000000 ) ;
#7070 = AXIS2_PLACEMENT_3D ( 'NONE', #7844, #8613, #4564 ) ;
#7071 = VERTEX_POINT ( 'NONE', #5364 ) ;
#7072 = CARTESIAN_POINT ( 'NONE',  ( -1.447367575152528341, 6.900324961960824233, 4.000174299198468120 ) ) ;
#7073 = ORIENTED_EDGE ( 'NONE', *, *, #8111, .T. ) ;
#7074 = CARTESIAN_POINT ( 'NONE',  ( -3.975703819193766364, 6.556746841721597718, 5.606750848149822275 ) ) ;
#7075 = VERTEX_POINT ( 'NONE', #6081 ) ;
#7076 = CARTESIAN_POINT ( 'NONE',  ( 3.856009966283758583, 4.650000000000010125, 9.500000000000010658 ) ) ;
#7077 = STYLED_ITEM ( 'NONE', ( #6372 ), #8544 ) ;
#7078 = AXIS2_PLACEMENT_3D ( 'NONE', #5407, #7815, #842 ) ;
#7079 = LINE ( 'NONE', #6315, #9505 ) ;
#7080 = ORIENTED_EDGE ( 'NONE', *, *, #7479, .F. ) ;
#7081 = AXIS2_PLACEMENT_3D ( 'NONE', #3355, #328, #891 ) ;
#7082 = ORIENTED_EDGE ( 'NONE', *, *, #886, .T. ) ;
#7083 = CARTESIAN_POINT ( 'NONE',  ( 1.449999999999999956, 6.405650476444289865, 3.372082935692199968 ) ) ;
#7084 = EDGE_CURVE ( 'NONE', #2353, #1839, #6805, .T. ) ;
#7085 = DIRECTION ( 'NONE',  ( 0.0000000000000000000, 0.0000000000000000000, 1.000000000000000000 ) ) ;
#7086 = AXIS2_PLACEMENT_3D ( 'NONE', #4012, #1559, #2390 ) ;
#7087 = FILL_AREA_STYLE_COLOUR ( '', #2998 ) ;
#7088 = EDGE_CURVE ( 'NONE', #8314, #5530, #585, .T. ) ;
#7089 = CARTESIAN_POINT ( 'NONE',  ( 4.062892611431221823, 4.650000000000010125, 9.314249409997579221 ) ) ;
#7090 = VERTEX_POINT ( 'NONE', #5413 ) ;
#7091 = PRODUCT ( 'TB002-500-02P_Blue - S', 'TB002-500-02P_Blue - S', '', ( #7010 ) ) ;
#7092 = DIRECTION ( 'NONE',  ( 1.000000000000000000, -1.224646799147353207E-16, 0.0000000000000000000 ) ) ;
#7093 = EDGE_LOOP ( 'NONE', ( #7800, #3137, #2630, #6134 ) ) ;
#7094 = CARTESIAN_POINT ( 'NONE',  ( 1.449999999999999956, -1.462314593354880232, 3.990870176997180607 ) ) ;
#7095 = ORIENTED_EDGE ( 'NONE', *, *, #4650, .F. ) ;
#7096 = CARTESIAN_POINT ( 'NONE',  ( 7.500000000000000000, 9.550000000000029132, 2.750000000000000000 ) ) ;
#7097 = CARTESIAN_POINT ( 'NONE',  ( 7.500000000000000000, 4.250000000000031086, 0.7499999999999960032 ) ) ;
#7098 = AXIS2_PLACEMENT_3D ( 'NONE', #6147, #10158, #8713 ) ;
#7099 = EDGE_LOOP ( 'NONE', ( #187, #6456, #7369, #8153 ) ) ;
#7100 = EDGE_CURVE ( 'NONE', #3078, #2243, #2695, .T. ) ;
#7101 = EDGE_CURVE ( 'NONE', #5198, #5522, #8487, .T. ) ;
#7102 = LINE ( 'NONE', #9771, #6102 ) ;
#7103 = CARTESIAN_POINT ( 'NONE',  ( 0.8992189406417899766, 3.850000000000010303, 8.800000000000000711 ) ) ;
#7104 = TOROIDAL_SURFACE ( 'NONE', #9731, 1.600000000000000089, 0.1000000000000000056 ) ;
#7105 = DIRECTION ( 'NONE',  ( -5.152643988049929844E-16, 0.0000000000000000000, -1.000000000000000000 ) ) ;
#7106 = AXIS2_PLACEMENT_3D ( 'NONE', #3943, #7897, #5380 ) ;
#7107 = DIRECTION ( 'NONE',  ( 0.0000000000000000000, -1.000000000000000000, 0.0000000000000000000 ) ) ;
#7108 = DIRECTION ( 'NONE',  ( -1.000000000000000000, 0.0000000000000000000, 0.0000000000000000000 ) ) ;
#7109 = ORIENTED_EDGE ( 'NONE', *, *, #7343, .T. ) ;
#7110 = FACE_OUTER_BOUND ( 'NONE', #5622, .T. ) ;
#7111 =( NAMED_UNIT ( * ) SI_UNIT ( $, .STERADIAN. ) SOLID_ANGLE_UNIT ( ) );
#7112 = CARTESIAN_POINT ( 'NONE',  ( 0.9371073885687776217, 4.650000000000010125, 9.314249409997570339 ) ) ;
#7113 = STYLED_ITEM ( 'NONE', ( #6914 ), #5949 ) ;
#7114 = EDGE_CURVE ( 'NONE', #7184, #7172, #10092, .T. ) ;
#7115 = EDGE_CURVE ( 'NONE', #8501, #2614, #9349, .T. ) ;
#7116 = ADVANCED_FACE ( 'NONE', ( #6174 ), #7667, .T. ) ;
#7117 = DIRECTION ( 'NONE',  ( 0.0000000000000000000, 0.0000000000000000000, -1.000000000000000000 ) ) ;
#7118 = LINE ( 'NONE', #30, #2602 ) ;
#7119 = UNCERTAINTY_MEASURE_WITH_UNIT (LENGTH_MEASURE( 1.000000000000000082E-05 ), #354, 'distance_accuracy_value', 'NONE');
#7120 = DIRECTION ( 'NONE',  ( -1.000000000000000000, -5.580452358381269806E-16, 0.0000000000000000000 ) ) ;
#7121 = EDGE_LOOP ( 'NONE', ( #8924, #8282, #754, #6271 ) ) ;
#7122 = ORIENTED_EDGE ( 'NONE', *, *, #6346, .T. ) ;
#7123 = CIRCLE ( 'NONE', #3342, 1.649999999999999467 ) ;
#7124 = CARTESIAN_POINT ( 'NONE',  ( 0.4500000000000040079, 6.250000000000031086, 5.799999999999999822 ) ) ;
#7125 = DIRECTION ( 'NONE',  ( 1.000000000000000000, 0.0000000000000000000, 0.0000000000000000000 ) ) ;
#7126 = EDGE_LOOP ( 'NONE', ( #7967, #3688 ) ) ;
#7127 = AXIS2_PLACEMENT_3D ( 'NONE', #9474, #2272, #7683 ) ;
#7128 = CARTESIAN_POINT ( 'NONE',  ( -1.042213446764631124, 4.650000000000011902, 9.481490714224468874 ) ) ;
#7129 = EDGE_CURVE ( 'NONE', #6815, #216, #2362, .T. ) ;
#7130 = CARTESIAN_POINT ( 'NONE',  ( 9.750000000000000000, 7.750000000000000000, 0.4500000000000020095 ) ) ;
#7131 = ORIENTED_EDGE ( 'NONE', *, *, #7431, .T. ) ;
#7132 = LINE ( 'NONE', #8054, #1140 ) ;
#7133 = CARTESIAN_POINT ( 'NONE',  ( 3.907431421379208736, 4.650000000000011902, 9.500000000000010658 ) ) ;
#7134 = VECTOR ( 'NONE', #8148, 1000.000000000000000 ) ;
#7135 = EDGE_LOOP ( 'NONE', ( #3407, #4685, #7680, #9269, #3945, #7401, #392, #353 ) ) ;
#7136 = ORIENTED_EDGE ( 'NONE', *, *, #6277, .T. ) ;
#7137 = CARTESIAN_POINT ( 'NONE',  ( 1.057217321801783516, 6.518892729351663640, 5.379133184779092858 ) ) ;
#7138 = ADVANCED_FACE ( 'NONE', ( #793 ), #8686, .T. ) ;
#7139 = CARTESIAN_POINT ( 'NONE',  ( 8.875649002070730376, 6.820490948317419644, 5.141853884246479822 ) ) ;
#7140 = DIRECTION ( 'NONE',  ( -1.000000000000000000, 0.0000000000000000000, 0.0000000000000000000 ) ) ;
#7141 =( LENGTH_UNIT ( ) NAMED_UNIT ( * ) SI_UNIT ( .MILLI., .METRE. ) );
#7142 = EDGE_LOOP ( 'NONE', ( #7888, #6106, #7253, #9544 ) ) ;
#7143 = DIRECTION ( 'NONE',  ( 0.0000000000000000000, 0.0000000000000000000, -1.000000000000000000 ) ) ;
#7144 = ORIENTED_EDGE ( 'NONE', *, *, #4596, .T. ) ;
#7145 = EDGE_CURVE ( 'NONE', #3139, #2240, #7481, .T. ) ;
#7146 = DIRECTION ( 'NONE',  ( 0.0000000000000000000, 0.06975647374412512203, -0.9975640502598243087 ) ) ;
#7147 = VERTEX_POINT ( 'NONE', #7316 ) ;
#7148 =( LENGTH_UNIT ( ) NAMED_UNIT ( * ) SI_UNIT ( .MILLI., .METRE. ) );
#7149 = AXIS2_PLACEMENT_3D ( 'NONE', #6259, #7023, #4622 ) ;
#7150 = ORIENTED_EDGE ( 'NONE', *, *, #6416, .F. ) ;
#7151 = ADVANCED_FACE ( 'NONE', ( #1575 ), #4898, .T. ) ;
#7152 = CARTESIAN_POINT ( 'NONE',  ( 9.001925068377740757, 6.250000000000079936, 5.573699898803351260 ) ) ;
#7153 = DIRECTION ( 'NONE',  ( 0.0000000000000000000, 0.0000000000000000000, -1.000000000000000000 ) ) ;
#7154 = CARTESIAN_POINT ( 'NONE',  ( -0.5000000000000000000, 6.620978138265459556, 5.127902589497660202 ) ) ;
#7155 = LINE ( 'NONE', #9560, #6119 ) ;
#7156 = DIRECTION ( 'NONE',  ( 0.0000000000000000000, 0.0000000000000000000, 1.000000000000000000 ) ) ;
#7157 = CARTESIAN_POINT ( 'NONE',  ( 1.038082531322295221, 6.695996851929206350, 5.479691494257330930 ) ) ;
#7158 = ORIENTED_EDGE ( 'NONE', *, *, #603, .F. ) ;
#7159 = CARTESIAN_POINT ( 'NONE',  ( 8.924099116621576400, 6.782835288287570208, 5.313097438219570812 ) ) ;
#7160 = ORIENTED_EDGE ( 'NONE', *, *, #5035, .F. ) ;
#7161 =( BOUNDED_CURVE ( )  B_SPLINE_CURVE ( 3, ( #8669, #8622, #1403, #6985 ),
 .UNSPECIFIED., .F., .T. ) 
 B_SPLINE_CURVE_WITH_KNOTS ( ( 4, 4 ),
 ( 3.152431615203299398, 3.305761861937969392 ),
 .UNSPECIFIED. ) 
 CURVE ( )  GEOMETRIC_REPRESENTATION_ITEM ( )  RATIONAL_B_SPLINE_CURVE ( ( 1.000000000000000000, 0.9980417790286484347, 0.9980417790286484347, 1.000000000000000000 ) ) 
 REPRESENTATION_ITEM ( '' )  );
#7162 = EDGE_CURVE ( 'NONE', #10225, #8076, #729, .T. ) ;
#7163 = AXIS2_PLACEMENT_3D ( 'NONE', #8689, #7051, #3985 ) ;
#7164 =( BOUNDED_CURVE ( )  B_SPLINE_CURVE ( 3, ( #2738, #4260, #1137, #7339 ),
 .UNSPECIFIED., .F., .T. ) 
 B_SPLINE_CURVE_WITH_KNOTS ( ( 4, 4 ),
 ( 4.758910074651783617, 4.782202150464469170 ),
 .UNSPECIFIED. ) 
 CURVE ( )  GEOMETRIC_REPRESENTATION_ITEM ( )  RATIONAL_B_SPLINE_CURVE ( ( 1.000000000000000000, 0.9999547904446798308, 0.9999547904446798308, 1.000000000000000000 ) ) 
 REPRESENTATION_ITEM ( '' )  );
#7165 = CARTESIAN_POINT ( 'NONE',  ( 9.093910474793799992, 3.850000000000010303, 8.893318922984189356 ) ) ;
#7166 = CARTESIAN_POINT ( 'NONE',  ( 1.449999999999999956, 5.950000000000040146, 3.291739462922410375 ) ) ;
#7167 = UNCERTAINTY_MEASURE_WITH_UNIT (LENGTH_MEASURE( 1.000000000000000082E-05 ), #1142, 'distance_accuracy_value', 'NONE');
#7168 = CARTESIAN_POINT ( 'NONE',  ( 0.7999999999999990452, 4.650000000000010125, 8.800000000000009592 ) ) ;
#7169 = DIRECTION ( 'NONE',  ( 0.0000000000000000000, 0.0000000000000000000, 1.000000000000000000 ) ) ;
#7170 = DIRECTION ( 'NONE',  ( 0.0000000000000000000, 0.0000000000000000000, -1.000000000000000000 ) ) ;
#7171 = ORIENTED_EDGE ( 'NONE', *, *, #4228, .F. ) ;
#7172 = VERTEX_POINT ( 'NONE', #4534 ) ;
#7173 = EDGE_CURVE ( 'NONE', #8677, #7949, #7309, .T. ) ;
#7174 = LINE ( 'NONE', #752, #5566 ) ;
#7175 = DIRECTION ( 'NONE',  ( -1.000000000000000000, 0.0000000000000000000, 5.152643988049929844E-16 ) ) ;
#7176 = ORIENTED_EDGE ( 'NONE', *, *, #9167, .T. ) ;
#7177 = B_SPLINE_CURVE_WITH_KNOTS ( 'NONE', 3,
 ( #6426, #4889, #4789, #4018 ),
 .UNSPECIFIED., .F., .F.,
 ( 4, 4 ),
 ( 0.0000000000000000000, 0.0001342552525292877721 ),
 .UNSPECIFIED. ) ;
#7178 = CARTESIAN_POINT ( 'NONE',  ( -4.549999999999999822, 7.250000000000000000, 5.700000000000000178 ) ) ;
#7179 = AXIS2_PLACEMENT_3D ( 'NONE', #2311, #3157, #8640 ) ;
#7180 = DIRECTION ( 'NONE',  ( 0.0000000000000000000, 0.06975647374412512203, -0.9975640502598243087 ) ) ;
#7181 = VERTEX_POINT ( 'NONE', #9193 ) ;
#7182 =( LENGTH_UNIT ( ) NAMED_UNIT ( * ) SI_UNIT ( .MILLI., .METRE. ) );
#7183 = DIRECTION ( 'NONE',  ( 0.0000000000000000000, -1.000000000000000000, 0.0000000000000000000 ) ) ;
#7184 = VERTEX_POINT ( 'NONE', #2241 ) ;
#7185 = EDGE_LOOP ( 'NONE', ( #2850, #1533 ) ) ;
#7186 = CARTESIAN_POINT ( 'NONE',  ( 1.446052745852149934, 6.900000000000019895, 4.004821471746000228 ) ) ;
#7187 = CIRCLE ( 'NONE', #5717, 0.2500000000000002220 ) ;
#7188 = CARTESIAN_POINT ( 'NONE',  ( 0.2500000000000000000, 7.750000000000000000, 0.4500000000000040079 ) ) ;
#7189 = DIRECTION ( 'NONE',  ( 0.0000000000000000000, 0.0000000000000000000, 1.000000000000000000 ) ) ;
#7190 = PRESENTATION_STYLE_ASSIGNMENT (( #7912 ) ) ;
#7191 = VERTEX_POINT ( 'NONE', #10 ) ;
#7192 = AXIS2_PLACEMENT_3D ( 'NONE', #1569, #2151, #7704 ) ;
#7193 = CARTESIAN_POINT ( 'NONE',  ( -3.958155913534425530, 6.384612859889100100, 5.465433459372670555 ) ) ;
#7194 = EDGE_LOOP ( 'NONE', ( #8734, #6184, #9102, #4178, #5608, #1749, #4857, #8260 ) ) ;
#7195 = FACE_OUTER_BOUND ( 'NONE', #9816, .T. ) ;
#7196 = ORIENTED_EDGE ( 'NONE', *, *, #7217, .T. ) ;
#7197 = CARTESIAN_POINT ( 'NONE',  ( 0.0000000000000000000, 0.1499999999999999944, 6.388051065821461094 ) ) ;
#7198 = VERTEX_POINT ( 'NONE', #5399 ) ;
#7199 = CIRCLE ( 'NONE', #9314, 1.749999999999999778 ) ;
#7200 = DIRECTION ( 'NONE',  ( 0.0000000000000000000, 0.0000000000000000000, -1.000000000000000000 ) ) ;
#7201 = CARTESIAN_POINT ( 'NONE',  ( 6.302467390493500687, 6.864512672020650186, 4.512313905521380342 ) ) ;
#7202 = DIRECTION ( 'NONE',  ( 0.0000000000000000000, 0.0000000000000000000, 1.000000000000000000 ) ) ;
#7203 = CARTESIAN_POINT ( 'NONE',  ( 1.005392207408169147, 6.250000000000031086, 5.499015461808847149 ) ) ;
#7204 = VERTEX_POINT ( 'NONE', #3914 ) ;
#7205 = PRESENTATION_LAYER_ASSIGNMENT (  '', '', ( #4584 ) ) ;
#7206 = ORIENTED_EDGE ( 'NONE', *, *, #9075, .T. ) ;
#7207 = SURFACE_SIDE_STYLE ('',( #275 ) ) ;
#7208 = CARTESIAN_POINT ( 'NONE',  ( 7.500000000000000000, 4.250000000000009770, 9.500000000000000000 ) ) ;
#7209 = COLOUR_RGB ( '',0.2862745098039215508, 0.6431372549019607199, 0.8666666666666666963 ) ;
#7210 = ADVANCED_FACE ( 'NONE', ( #1367, #7039 ), #6989, .T. ) ;
#7211 = DIRECTION ( 'NONE',  ( 1.000000000000000000, 0.0000000000000000000, 0.0000000000000000000 ) ) ;
#7212 = PLANE ( 'NONE',  #3636 ) ;
#7213 = AXIS2_PLACEMENT_3D ( 'NONE', #2260, #8550, #1483 ) ;
#7214 = CARTESIAN_POINT ( 'NONE',  ( 1.042075563605189936, 6.384681409738329982, 5.464040510342130119 ) ) ;
#7215 =( NAMED_UNIT ( * ) PLANE_ANGLE_UNIT ( ) SI_UNIT ( $, .RADIAN. ) );
#7216 = DIRECTION ( 'NONE',  ( 1.717547996016639994E-16, 0.0000000000000000000, 1.000000000000000000 ) ) ;
#7217 = EDGE_CURVE ( 'NONE', #7497, #3111, #3366, .T. ) ;
#7218 = ORIENTED_EDGE ( 'NONE', *, *, #3265, .F. ) ;
#7219 = EDGE_LOOP ( 'NONE', ( #8829, #4346, #7333, #3356 ) ) ;
#7220 = SHAPE_DEFINITION_REPRESENTATION ( #1446, #3415 ) ;
#7221 =( LENGTH_UNIT ( ) NAMED_UNIT ( * ) SI_UNIT ( .MILLI., .METRE. ) );
#7222 = FILL_AREA_STYLE ('',( #3371 ) ) ;
#7223 = AXIS2_PLACEMENT_3D ( 'NONE', #9721, #1781, #4958 ) ;
#7224 = ORIENTED_EDGE ( 'NONE', *, *, #6218, .T. ) ;
#7225 = ORIENTED_EDGE ( 'NONE', *, *, #3885, .T. ) ;
#7226 = EDGE_CURVE ( 'NONE', #3560, #8175, #3969, .T. ) ;
#7227 = EDGE_CURVE ( 'NONE', #10129, #9310, #5313, .T. ) ;
#7228 = CARTESIAN_POINT ( 'NONE',  ( -1.030138328475444620, 6.381146321193679860, 5.536094731138470060 ) ) ;
#7229 = STYLED_ITEM ( 'NONE', ( #6229 ), #8028 ) ;
#7230 = CARTESIAN_POINT ( 'NONE',  ( 2.500000000000000000, 4.250000000000000000, 9.999999999999989342 ) ) ;
#7231 = COLOUR_RGB ( '',0.2862745098039215508, 0.6431372549019607199, 0.8666666666666666963 ) ;
#7232 = COLOUR_RGB ( '',0.2862745098039215508, 0.6431372549019607199, 0.8666666666666666963 ) ;
#7233 = PLANE ( 'NONE',  #9756 ) ;
#7234 = ORIENTED_EDGE ( 'NONE', *, *, #5319, .F. ) ;
#7235 = FILL_AREA_STYLE_COLOUR ( '', #467 ) ;
#7236 = CARTESIAN_POINT ( 'NONE',  ( 4.500000000000000888, 6.301461569844129862, 3.962967587499520050 ) ) ;
#7237 = ORIENTED_EDGE ( 'NONE', *, *, #185, .F. ) ;
#7238 = ORIENTED_EDGE ( 'NONE', *, *, #965, .F. ) ;
#7239 = FACE_OUTER_BOUND ( 'NONE', #641, .T. ) ;
#7240 = CIRCLE ( 'NONE', #3778, 1.400000000000000133 ) ;
#7241 = AXIS2_PLACEMENT_3D ( 'NONE', #7056, #3095, #854 ) ;
#7242 = STYLED_ITEM ( 'NONE', ( #5437 ), #2941 ) ;
#7243 = UNCERTAINTY_MEASURE_WITH_UNIT (LENGTH_MEASURE( 1.000000000000000082E-05 ), #2215, 'distance_accuracy_value', 'NONE');
#7244 = DIRECTION ( 'NONE',  ( 1.000000000000000000, 0.0000000000000000000, 0.0000000000000000000 ) ) ;
#7245 = LINE ( 'NONE', #163, #6635 ) ;
#7246 = DIRECTION ( 'NONE',  ( 0.0000000000000000000, -1.000000000000000000, 0.0000000000000000000 ) ) ;
#7247 = VERTEX_POINT ( 'NONE', #3743 ) ;
#7248 = VECTOR ( 'NONE', #5863, 1000.000000000000000 ) ;
#7249 = ADVANCED_FACE ( 'NONE', ( #1515 ), #4686, .T. ) ;
#7250 = CIRCLE ( 'NONE', #8069, 1.613267899285889984 ) ;
#7251 = EDGE_LOOP ( 'NONE', ( #1409, #6188, #7771, #7009 ) ) ;
#7252 = CARTESIAN_POINT ( 'NONE',  ( 7.500000000000000000, 2.500000000000019540, 8.000000000000000000 ) ) ;
#7253 = ORIENTED_EDGE ( 'NONE', *, *, #9671, .F. ) ;
#7254 = SURFACE_STYLE_USAGE ( .BOTH. , #7356 ) ;
#7255 = CARTESIAN_POINT ( 'NONE',  ( 1.075900883378422934, 6.782835288287566655, 5.313097438219579693 ) ) ;
#7256 = VERTEX_POINT ( 'NONE', #10031 ) ;
#7257 = TOROIDAL_SURFACE ( 'NONE', #1822, 1.600000000000000089, 0.1000000000000000056 ) ;
#7258 = STYLED_ITEM ( 'NONE', ( #735 ), #4905 ) ;
#7259 = CARTESIAN_POINT ( 'NONE',  ( 1.449999999999999956, 6.370920840910899940, 3.569044486294639995 ) ) ;
#7260 = CARTESIAN_POINT ( 'NONE',  ( 2.500000000000000000, 4.250000000000009770, 9.314249409997589879 ) ) ;
#7261 = CIRCLE ( 'NONE', #3158, 1.413776159319739989 ) ;
#7262 = FILL_AREA_STYLE ('',( #6652 ) ) ;
#7263 = ORIENTED_EDGE ( 'NONE', *, *, #2381, .T. ) ;
#7264 = AXIS2_PLACEMENT_3D ( 'NONE', #3127, #8466, #6158 ) ;
#7265 = CARTESIAN_POINT ( 'NONE',  ( -1.449999999999999956, 6.370920840910899940, 3.569044486294639995 ) ) ;
#7266 = VERTEX_POINT ( 'NONE', #8626 ) ;
#7267 = DIRECTION ( 'NONE',  ( 0.0000000000000000000, 0.0000000000000000000, -1.000000000000000000 ) ) ;
#7268 = CARTESIAN_POINT ( 'NONE',  ( 6.023374480770537609, 6.471514968109900678, 5.653981222282845387 ) ) ;
#7269 = EDGE_CURVE ( 'NONE', #6453, #1497, #1457, .T. ) ;
#7270 =( NAMED_UNIT ( * ) SI_UNIT ( $, .STERADIAN. ) SOLID_ANGLE_UNIT ( ) );
#7271 = CARTESIAN_POINT ( 'NONE',  ( 4.500000000000000888, 6.301461569844129862, 3.962967587499520050 ) ) ;
#7272 = CARTESIAN_POINT ( 'NONE',  ( -4.449999999999990408, 0.6224573519455459669, 6.200000000000001066 ) ) ;
#7273 = FACE_OUTER_BOUND ( 'NONE', #3724, .T. ) ;
#7274 = VERTEX_POINT ( 'NONE', #4579 ) ;
#7275 = ORIENTED_EDGE ( 'NONE', *, *, #2928, .T. ) ;
#7276 = DIRECTION ( 'NONE',  ( 0.0000000000000000000, 0.0000000000000000000, 1.000000000000000000 ) ) ;
#7277 =( NAMED_UNIT ( * ) PLANE_ANGLE_UNIT ( ) SI_UNIT ( $, .RADIAN. ) );
#7278 = EDGE_CURVE ( 'NONE', #9339, #5808, #1566, .T. ) ;
#7279 = AXIS2_PLACEMENT_3D ( 'NONE', #4320, #6624, #7493 ) ;
#7280 = EDGE_LOOP ( 'NONE', ( #6252, #9603 ) ) ;
#7281 = ORIENTED_EDGE ( 'NONE', *, *, #3757, .T. ) ;
#7282 = EDGE_CURVE ( 'NONE', #7732, #504, #7971, .T. ) ;
#7283 = CARTESIAN_POINT ( 'NONE',  ( -1.005392207637532120, 6.250000000000363265, 5.499015461809753091 ) ) ;
#7284 = EDGE_LOOP ( 'NONE', ( #2578, #550, #2601, #3172 ) ) ;
#7285 = DIRECTION ( 'NONE',  ( 0.0000000000000000000, -3.675221047034999628E-15, 1.000000000000000000 ) ) ;
#7286 = PLANE ( 'NONE',  #8761 ) ;
#7287 = ORIENTED_EDGE ( 'NONE', *, *, #4596, .F. ) ;
#7288 = FACE_OUTER_BOUND ( 'NONE', #6683, .T. ) ;
#7289 = CARTESIAN_POINT ( 'NONE',  ( -0.5000000000000000000, 3.592004494644689849, 2.875961234938969824 ) ) ;
#7290 = EDGE_LOOP ( 'NONE', ( #9207, #5541, #6939, #6210 ) ) ;
#7291 = ORIENTED_EDGE ( 'NONE', *, *, #8122, .F. ) ;
#7292 = CARTESIAN_POINT ( 'NONE',  ( 2.500000000000000000, 4.250000000000009770, 8.099999999999999645 ) ) ;
#7293 = VECTOR ( 'NONE', #7793, 1000.000000000000114 ) ;
#7294 = EDGE_CURVE ( 'NONE', #5808, #1707, #3025, .T. ) ;
#7295 = EDGE_LOOP ( 'NONE', ( #8982, #6944 ) ) ;
#7296 = LINE ( 'NONE', #8124, #2316 ) ;
#7297 = DIRECTION ( 'NONE',  ( 7.228014483236697541E-16, 0.0000000000000000000, -1.000000000000000000 ) ) ;
#7298 = CARTESIAN_POINT ( 'NONE',  ( 3.956366702911530808, 6.148436653995700496, 5.454695792913989649 ) ) ;
#7299 = AXIS2_PLACEMENT_3D ( 'NONE', #7780, #3881, #702 ) ;
#7300 = VERTEX_POINT ( 'NONE', #5357 ) ;
#7301 = CYLINDRICAL_SURFACE ( 'NONE', #7433, 1.399999999999999911 ) ;
#7302 = ORIENTED_EDGE ( 'NONE', *, *, #1366, .F. ) ;
#7303 =( NAMED_UNIT ( * ) PLANE_ANGLE_UNIT ( ) SI_UNIT ( $, .RADIAN. ) );
#7304 = EDGE_CURVE ( 'NONE', #1591, #7867, #4525, .T. ) ;
#7305 = ORIENTED_EDGE ( 'NONE', *, *, #3742, .T. ) ;
#7306 = CARTESIAN_POINT ( 'NONE',  ( -2.500000000000000000, 4.250000000000009770, 8.000000000000000000 ) ) ;
#7307 = FACE_OUTER_BOUND ( 'NONE', #7492, .T. ) ;
#7308 = ORIENTED_EDGE ( 'NONE', *, *, #4893, .T. ) ;
#7309 = CIRCLE ( 'NONE', #7629, 0.5999999999999998668 ) ;
#7310 = ORIENTED_EDGE ( 'NONE', *, *, #9287, .T. ) ;
#7311 = CARTESIAN_POINT ( 'NONE',  ( 3.999986798160709789, 6.250000000000089706, 5.549568022095440867 ) ) ;
#7312 = DIRECTION ( 'NONE',  ( 0.0000000000000000000, 0.0000000000000000000, 1.000000000000000000 ) ) ;
#7313 = CARTESIAN_POINT ( 'NONE',  ( 1.042075563605189936, 6.384681409738329982, 5.464040510342130119 ) ) ;
#7314 = VERTEX_POINT ( 'NONE', #627 ) ;
#7315 = DIRECTION ( 'NONE',  ( 0.0000000000000000000, -1.000000000000000000, 0.0000000000000000000 ) ) ;
#7316 = CARTESIAN_POINT ( 'NONE',  ( 2.500000000000000000, 2.636732100714121341, 9.314249409997579221 ) ) ;
#7317 = LINE ( 'NONE', #5672, #5600 ) ;
#7318 = ORIENTED_EDGE ( 'NONE', *, *, #5043, .F. ) ;
#7319 = CIRCLE ( 'NONE', #7634, 0.5000000000000000000 ) ;
#7320 = LINE ( 'NONE', #8852, #5265 ) ;
#7321 =( GEOMETRIC_REPRESENTATION_CONTEXT ( 3 ) GLOBAL_UNCERTAINTY_ASSIGNED_CONTEXT ( ( #6881 ) ) GLOBAL_UNIT_ASSIGNED_CONTEXT ( ( #6034, #2784, #1237 ) ) REPRESENTATION_CONTEXT ( 'NONE', 'WORKASPACE' ) );
#7322 = VERTEX_POINT ( 'NONE', #3805 ) ;
#7323 = DIRECTION ( 'NONE',  ( 0.2716300227878299944, -0.06713375248915300075, 0.9600573889080840084 ) ) ;
#7324 = CARTESIAN_POINT ( 'NONE',  ( 7.500000000000000000, 4.250000000000009770, 9.314249409997579221 ) ) ;
#7325 = EDGE_CURVE ( 'NONE', #10183, #3887, #6943, .T. ) ;
#7326 = AXIS2_PLACEMENT_3D ( 'NONE', #9277, #7644, #1502 ) ;
#7327 = DIRECTION ( 'NONE',  ( 0.0000000000000000000, 0.0000000000000000000, 1.000000000000000000 ) ) ;
#7328 = DIRECTION ( 'NONE',  ( 0.0000000000000000000, 1.000000000000000000, 0.0000000000000000000 ) ) ;
#7329 = ORIENTED_EDGE ( 'NONE', *, *, #8805, .F. ) ;
#7330 = UNCERTAINTY_MEASURE_WITH_UNIT (LENGTH_MEASURE( 1.000000000000000082E-05 ), #8617, 'distance_accuracy_value', 'NONE');
#7331 = FACE_OUTER_BOUND ( 'NONE', #8003, .T. ) ;
#7332 = ORIENTED_EDGE ( 'NONE', *, *, #2935, .T. ) ;
#7333 = ORIENTED_EDGE ( 'NONE', *, *, #10059, .F. ) ;
#7334 = DIRECTION ( 'NONE',  ( 0.2722442098535290400, 0.0000000000000000000, -0.9622281902964742173 ) ) ;
#7335 = CARTESIAN_POINT ( 'NONE',  ( 2.500000000000000000, 5.950000000000040146, 2.750000000000000000 ) ) ;
#7336 = VERTEX_POINT ( 'NONE', #9291 ) ;
#7337 = CARTESIAN_POINT ( 'NONE',  ( -0.9937542074888159327, 6.250000000000031086, 5.665502260967819836 ) ) ;
#7338 = EDGE_LOOP ( 'NONE', ( #1769, #5051, #8505, #7681 ) ) ;
#7339 = CARTESIAN_POINT ( 'NONE',  ( 3.553947254147849844, 6.900000000000019895, 4.004821471746000228 ) ) ;
#7340 = LINE ( 'NONE', #1817, #3529 ) ;
#7341 = EDGE_LOOP ( 'NONE', ( #6871, #4241, #7786, #3000 ) ) ;
#7342 = LINE ( 'NONE', #2645, #6239 ) ;
#7343 = EDGE_CURVE ( 'NONE', #6373, #3053, #3862, .T. ) ;
#7344 = VERTEX_POINT ( 'NONE', #2294 ) ;
#7345 = EDGE_LOOP ( 'NONE', ( #8128, #8649, #6596, #5598, #7040, #1395 ) ) ;
#7346 = CARTESIAN_POINT ( 'NONE',  ( -0.5000000000000000000, 6.250000000000031086, 5.499015461808849814 ) ) ;
#7347 = ORIENTED_EDGE ( 'NONE', *, *, #7354, .T. ) ;
#7348 = CONICAL_SURFACE ( 'NONE', #5376, 1.599999999999999867, 0.07130746470380971980 ) ;
#7349 = EDGE_CURVE ( 'NONE', #5876, #5812, #9943, .T. ) ;
#7350 = CARTESIAN_POINT ( 'NONE',  ( 2.500000000000000000, 9.550000000000029132, 4.150000000000000355 ) ) ;
#7351 = DIRECTION ( 'NONE',  ( 0.0000000000000000000, 0.0000000000000000000, -1.000000000000000000 ) ) ;
#7352 = ORIENTED_EDGE ( 'NONE', *, *, #5405, .T. ) ;
#7353 = CARTESIAN_POINT ( 'NONE',  ( 3.907389140044506881, 3.850000000000010303, 9.500000000000042633 ) ) ;
#7354 = EDGE_CURVE ( 'NONE', #4008, #6403, #8787, .T. ) ;
#7355 = VERTEX_POINT ( 'NONE', #881 ) ;
#7356 = SURFACE_SIDE_STYLE ('',( #4230 ) ) ;
#7357 = VECTOR ( 'NONE', #6954, 1000.000000000000000 ) ;
#7358 = CARTESIAN_POINT ( 'NONE',  ( -1.022644251516789948, 6.378927027922910220, 5.621778233683969894 ) ) ;
#7359 = EDGE_CURVE ( 'NONE', #10003, #165, #7177, .T. ) ;
#7360 = CARTESIAN_POINT ( 'NONE',  ( 6.023878904968638537, 6.379292657753646623, 5.607444991929240174 ) ) ;
#7361 = EDGE_CURVE ( 'NONE', #1788, #6815, #3236, .T. ) ;
#7362 = PRESENTATION_STYLE_ASSIGNMENT (( #9660 ) ) ;
#7363 = CARTESIAN_POINT ( 'NONE',  ( 8.552632424847471881, 6.900324961960823344, 4.000174299198465455 ) ) ;
#7364 = PRESENTATION_STYLE_ASSIGNMENT (( #6930 ) ) ;
#7365 = FACE_OUTER_BOUND ( 'NONE', #1704, .T. ) ;
#7366 = CARTESIAN_POINT ( 'NONE',  ( 0.9938586087084702037, 6.250000000000047073, 5.699344090454424361 ) ) ;
#7367 = ORIENTED_EDGE ( 'NONE', *, *, #3838, .F. ) ;
#7368 = CARTESIAN_POINT ( 'NONE',  ( 0.8992189406417899766, 3.850000000000010303, 8.800000000000009592 ) ) ;
#7369 = ORIENTED_EDGE ( 'NONE', *, *, #2865, .T. ) ;
#7370 = DIRECTION ( 'NONE',  ( 1.000000000000000000, 2.232180943352509796E-16, 0.0000000000000000000 ) ) ;
#7371 = CARTESIAN_POINT ( 'NONE',  ( -3.958131431690045776, 4.650000000000009237, 9.481228347016099178 ) ) ;
#7372 = STYLED_ITEM ( 'NONE', ( #2338 ), #1059 ) ;
#7373 = SURFACE_STYLE_USAGE ( .BOTH. , #2675 ) ;
#7374 = B_SPLINE_CURVE_WITH_KNOTS ( 'NONE', 3,
 ( #2250, #7821, #7157, #6379, #3205, #2409 ),
 .UNSPECIFIED., .F., .F.,
 ( 4, 2, 4 ),
 ( 0.0000000000000000000, 0.0002833620155390375065, 0.0005667240310780750131 ),
 .UNSPECIFIED. ) ;
#7375 = FACE_OUTER_BOUND ( 'NONE', #5542, .T. ) ;
#7376 = CARTESIAN_POINT ( 'NONE',  ( 6.003189994461259893, 6.250000000000031086, 5.517634239043990085 ) ) ;
#7377 = VECTOR ( 'NONE', #7804, 1000.000000000000000 ) ;
#7378 = CARTESIAN_POINT ( 'NONE',  ( 7.500000000000000000, 4.250000000000031086, -4.349999999999999645 ) ) ;
#7379 = VERTEX_POINT ( 'NONE', #5552 ) ;
#7380 = DIRECTION ( 'NONE',  ( 0.0000000000000000000, -1.000000000000000000, 0.0000000000000000000 ) ) ;
#7381 = ADVANCED_FACE ( 'NONE', ( #7195 ), #5767, .T. ) ;
#7382 =( NAMED_UNIT ( * ) SI_UNIT ( $, .STERADIAN. ) SOLID_ANGLE_UNIT ( ) );
#7383 = CARTESIAN_POINT ( 'NONE',  ( 4.549999999999999822, 2.200000000000000178, 5.700000000000000178 ) ) ;
#7384 = ORIENTED_EDGE ( 'NONE', *, *, #9239, .F. ) ;
#7385 = STYLED_ITEM ( 'NONE', ( #9081 ), #9765 ) ;
#7386 = CARTESIAN_POINT ( 'NONE',  ( -0.9980749316222581324, 6.250000000000079936, 5.573699898803360142 ) ) ;
#7387 = FACE_OUTER_BOUND ( 'NONE', #55, .T. ) ;
#7388 = LINE ( 'NONE', #6562, #4425 ) ;
#7389 = LINE ( 'NONE', #8824, #5650 ) ;
#7390 = EDGE_LOOP ( 'NONE', ( #9815, #5192, #9100, #7060 ) ) ;
#7391 = SURFACE_STYLE_USAGE ( .BOTH. , #9079 ) ;
#7392 = DIRECTION ( 'NONE',  ( 0.0000000000000000000, 0.0000000000000000000, 1.000000000000000000 ) ) ;
#7393 = VECTOR ( 'NONE', #8908, 1000.000000000000000 ) ;
#7394 = ORIENTED_EDGE ( 'NONE', *, *, #3176, .F. ) ;
#7395 = ORIENTED_EDGE ( 'NONE', *, *, #5918, .T. ) ;
#7396 = PRESENTATION_LAYER_ASSIGNMENT (  '', '', ( #3768 ) ) ;
#7397 = TOROIDAL_SURFACE ( 'NONE', #4290, 1.600000000000000089, 0.1000000000000000056 ) ;
#7398 = AXIS2_PLACEMENT_3D ( 'NONE', #1922, #7462, #364 ) ;
#7399 = ORIENTED_EDGE ( 'NONE', *, *, #1041, .F. ) ;
#7400 = CARTESIAN_POINT ( 'NONE',  ( 1.449999999999999956, 5.950000000000040146, 3.494824785299559977 ) ) ;
#7401 = ORIENTED_EDGE ( 'NONE', *, *, #9341, .T. ) ;
#7402 = CARTESIAN_POINT ( 'NONE',  ( -5.500000000000000000, 6.900000000000019895, 4.004821471746000228 ) ) ;
#7403 = FACE_OUTER_BOUND ( 'NONE', #6860, .T. ) ;
#7404 = ORIENTED_EDGE ( 'NONE', *, *, #652, .T. ) ;
#7405 = CIRCLE ( 'NONE', #6085, 1.700000000000000178 ) ;
#7406 = CARTESIAN_POINT ( 'NONE',  ( 4.500000000000000888, 6.250000000000031086, 5.699344090454330214 ) ) ;
#7407 = ORIENTED_EDGE ( 'NONE', *, *, #8856, .T. ) ;
#7408 = PRESENTATION_LAYER_ASSIGNMENT (  '', '', ( #4946 ) ) ;
#7409 = MECHANICAL_DESIGN_GEOMETRIC_PRESENTATION_REPRESENTATION (  '', ( #8532 ), #8374 ) ;
#7410 = CARTESIAN_POINT ( 'NONE',  ( 8.976897247608212282, 6.379062758812451328, 5.679065084668919461 ) ) ;
#7411 = CIRCLE ( 'NONE', #7070, 1.749999999999999778 ) ;
#7412 = ORIENTED_EDGE ( 'NONE', *, *, #6340, .T. ) ;
#7413 = DIRECTION ( 'NONE',  ( 0.0000000000000000000, 0.0000000000000000000, -1.000000000000000000 ) ) ;
#7414 = SURFACE_STYLE_FILL_AREA ( #4279 ) ;
#7415 = EDGE_CURVE ( 'NONE', #6723, #1707, #374, .T. ) ;
#7416 = EDGE_CURVE ( 'NONE', #7610, #8088, #5603, .T. ) ;
#7417 = ORIENTED_EDGE ( 'NONE', *, *, #4145, .F. ) ;
#7418 = DIRECTION ( 'NONE',  ( 0.0000000000000000000, -1.000000000000000000, -3.965082230804130614E-15 ) ) ;
#7419 = VECTOR ( 'NONE', #8695, 1000.000000000000000 ) ;
#7420 = LINE ( 'NONE', #6648, #7686 ) ;
#7421 = MECHANICAL_DESIGN_GEOMETRIC_PRESENTATION_REPRESENTATION (  '', ( #146 ), #6095 ) ;
#7422 = CARTESIAN_POINT ( 'NONE',  ( 1.029021513128699938, 6.380815587897259888, 5.542350741529159741 ) ) ;
#7423 = PRESENTATION_STYLE_ASSIGNMENT (( #2086 ) ) ;
#7424 = DIRECTION ( 'NONE',  ( -3.614007241618348771E-16, 0.0000000000000000000, -1.000000000000000000 ) ) ;
#7425 = FILL_AREA_STYLE ('',( #6788 ) ) ;
#7426 = FACE_BOUND ( 'NONE', #8555, .T. ) ;
#7427 = ORIENTED_EDGE ( 'NONE', *, *, #8665, .F. ) ;
#7428 =( LENGTH_UNIT ( ) NAMED_UNIT ( * ) SI_UNIT ( .MILLI., .METRE. ) );
#7429 = MECHANICAL_DESIGN_GEOMETRIC_PRESENTATION_REPRESENTATION (  '', ( #4794 ), #1150 ) ;
#7430 = FACE_OUTER_BOUND ( 'NONE', #9244, .T. ) ;
#7431 = EDGE_CURVE ( 'NONE', #1055, #9196, #7922, .T. ) ;
#7432 = EDGE_CURVE ( 'NONE', #2114, #1713, #7968, .T. ) ;
#7433 = AXIS2_PLACEMENT_3D ( 'NONE', #8837, #1832, #5763 ) ;
#7434 =( LENGTH_UNIT ( ) NAMED_UNIT ( * ) SI_UNIT ( .MILLI., .METRE. ) );
#7435 = AXIS2_PLACEMENT_3D ( 'NONE', #387, #5178, #432 ) ;
#7436 = CARTESIAN_POINT ( 'NONE',  ( 0.9129626948656089924, 4.650000000000010125, 8.986637655680240755 ) ) ;
#7437 = CARTESIAN_POINT ( 'NONE',  ( -2.500000000000000000, 4.250000000000009770, 9.300000000000009592 ) ) ;
#7438 = CARTESIAN_POINT ( 'NONE',  ( -3.957924436394809842, 6.384681409738329982, 5.464040510342130119 ) ) ;
#7439 = ORIENTED_EDGE ( 'NONE', *, *, #1541, .T. ) ;
#7440 = ORIENTED_EDGE ( 'NONE', *, *, #9049, .F. ) ;
#7441 = PLANE ( 'NONE',  #9795 ) ;
#7442 = SURFACE_STYLE_FILL_AREA ( #393 ) ;
#7443 = EDGE_CURVE ( 'NONE', #6811, #6966, #5347, .T. ) ;
#7444 = AXIS2_PLACEMENT_3D ( 'NONE', #4518, #4565, #1351 ) ;
#7445 = STYLED_ITEM ( 'NONE', ( #3324 ), #5659 ) ;
#7446 = FILL_AREA_STYLE_COLOUR ( '', #6076 ) ;
#7447 = CARTESIAN_POINT ( 'NONE',  ( 15.00000000000000000, 0.1499999999999999944, 0.0000000000000000000 ) ) ;
#7448 = CARTESIAN_POINT ( 'NONE',  ( -2.500000000000000000, 6.250000000000031086, 1.349999999999999867 ) ) ;
#7449 = FILL_AREA_STYLE ('',( #8981 ) ) ;
#7450 = ORIENTED_EDGE ( 'NONE', *, *, #440, .T. ) ;
#7451 = AXIS2_PLACEMENT_3D ( 'NONE', #2369, #1937, #2663 ) ;
#7452 = DIRECTION ( 'NONE',  ( 0.3481553119113969808, -0.8703882797784889824, -0.3481553119113949823 ) ) ;
#7453 = VERTEX_POINT ( 'NONE', #9650 ) ;
#7454 = CARTESIAN_POINT ( 'NONE',  ( 0.9371073885686259652, 3.850000000000009415, 9.314249409997639617 ) ) ;
#7455 = AXIS2_PLACEMENT_3D ( 'NONE', #7557, #6016, #9141 ) ;
#7456 = SURFACE_SIDE_STYLE ('',( #2211 ) ) ;
#7457 = EDGE_CURVE ( 'NONE', #9543, #787, #5243, .T. ) ;
#7458 = ORIENTED_EDGE ( 'NONE', *, *, #6778, .T. ) ;
#7459 = SURFACE_STYLE_USAGE ( .BOTH. , #1149 ) ;
#7460 = ORIENTED_EDGE ( 'NONE', *, *, #8017, .T. ) ;
#7461 = CARTESIAN_POINT ( 'NONE',  ( -3.549999999999999822, 6.700487189948050037, 3.990870176997180607 ) ) ;
#7462 = DIRECTION ( 'NONE',  ( -1.000000000000000000, 0.0000000000000000000, 0.0000000000000000000 ) ) ;
#7463 = CARTESIAN_POINT ( 'NONE',  ( 1.041844086465574026, 6.384612859889100989, 5.465433459372669667 ) ) ;
#7464 = ORIENTED_EDGE ( 'NONE', *, *, #8655, .F. ) ;
#7465 = VECTOR ( 'NONE', #2586, 1000.000000000000000 ) ;
#7466 = LINE ( 'NONE', #1096, #8779 ) ;
#7467 = ORIENTED_EDGE ( 'NONE', *, *, #8856, .F. ) ;
#7468 = LINE ( 'NONE', #5200, #3498 ) ;
#7469 = PRESENTATION_LAYER_ASSIGNMENT (  '', '', ( #8765 ) ) ;
#7470 = DIRECTION ( 'NONE',  ( 0.0000000000000000000, 0.0000000000000000000, -1.000000000000000000 ) ) ;
#7471 = DIRECTION ( 'NONE',  ( 0.0000000000000000000, -1.000000000000000000, 0.0000000000000000000 ) ) ;
#7472 = DIRECTION ( 'NONE',  ( 1.000000000000000000, 0.0000000000000000000, 0.0000000000000000000 ) ) ;
#7473 = ADVANCED_FACE ( 'NONE', ( #4181 ), #5008, .F. ) ;
#7474 = ORIENTED_EDGE ( 'NONE', *, *, #16, .T. ) ;
#7475 =( LENGTH_UNIT ( ) NAMED_UNIT ( * ) SI_UNIT ( .MILLI., .METRE. ) );
#7476 = CARTESIAN_POINT ( 'NONE',  ( 4.034447604600113202, 4.650000000000011902, 9.413837825582238139 ) ) ;
#7477 = ORIENTED_EDGE ( 'NONE', *, *, #3951, .T. ) ;
#7478 = SHAPE_REPRESENTATION_RELATIONSHIP ( 'NONE' , 'NONE' ,  #4147, #4945 ) ;
#7479 = EDGE_CURVE ( 'NONE', #5782, #6169, #266, .T. ) ;
#7480 = CARTESIAN_POINT ( 'NONE',  ( 5.450000000000009948, 6.250000000000031086, 5.700000000000000178 ) ) ;
#7481 = CIRCLE ( 'NONE', #3018, 1.413776159319739989 ) ;
#7482 = DIRECTION ( 'NONE',  ( 1.000000000000000000, 0.0000000000000000000, 3.641714079092569968E-16 ) ) ;
#7483 = DIRECTION ( 'NONE',  ( 0.0000000000000000000, -1.000000000000000000, 0.0000000000000000000 ) ) ;
#7484 = VECTOR ( 'NONE', #8673, 1000.000000000000000 ) ;
#7485 = DIRECTION ( 'NONE',  ( 0.0000000000000000000, -1.000000000000000000, 0.0000000000000000000 ) ) ;
#7486 = CARTESIAN_POINT ( 'NONE',  ( -4.182760576038930367, 6.093223782856449944, 5.414712191412349718 ) ) ;
#7487 = ORIENTED_EDGE ( 'NONE', *, *, #5353, .F. ) ;
#7488 = CARTESIAN_POINT ( 'NONE',  ( 8.924099116621576400, 6.560463200155850494, 5.313097438219570812 ) ) ;
#7489 = EDGE_CURVE ( 'NONE', #4732, #6653, #8614, .T. ) ;
#7490 = DIRECTION ( 'NONE',  ( 0.0000000000000000000, -3.675221047034999628E-15, 1.000000000000000000 ) ) ;
#7491 = CARTESIAN_POINT ( 'NONE',  ( 10.00000000000000000, 0.9499999999999999556, 6.200000000000001066 ) ) ;
#7492 = EDGE_LOOP ( 'NONE', ( #5532, #1633, #2697, #1317 ) ) ;
#7493 = DIRECTION ( 'NONE',  ( 1.000000000000000000, 0.0000000000000000000, 0.0000000000000000000 ) ) ;
#7494 = EDGE_CURVE ( 'NONE', #3425, #2284, #7466, .T. ) ;
#7495 = EDGE_CURVE ( 'NONE', #2614, #5451, #1307, .T. ) ;
#7496 = LINE ( 'NONE', #5902, #4511 ) ;
#7497 = VERTEX_POINT ( 'NONE', #1214 ) ;
#7498 = DIRECTION ( 'NONE',  ( 0.0000000000000000000, 0.0000000000000000000, 1.000000000000000000 ) ) ;
#7499 = PLANE ( 'NONE',  #135 ) ;
#7500 = VERTEX_POINT ( 'NONE', #5970 ) ;
#7501 = FILL_AREA_STYLE_COLOUR ( '', #3310 ) ;
#7502 = ORIENTED_EDGE ( 'NONE', *, *, #1723, .T. ) ;
#7503 = CARTESIAN_POINT ( 'NONE',  ( 2.250000000000000444, 4.250000000000031086, -4.349999999999999645 ) ) ;
#7504 = ORIENTED_EDGE ( 'NONE', *, *, #7415, .T. ) ;
#7505 = DIRECTION ( 'NONE',  ( -1.000000000000000000, 0.0000000000000000000, 1.717547996016639994E-16 ) ) ;
#7506 = CARTESIAN_POINT ( 'NONE',  ( 4.100781059358210356, 3.850000000000010303, 8.800000000000000711 ) ) ;
#7507 = EDGE_LOOP ( 'NONE', ( #8632, #4604, #3327, #8475 ) ) ;
#7508 = DIRECTION ( 'NONE',  ( 0.0000000000000000000, 0.0000000000000000000, 1.000000000000000000 ) ) ;
#7509 = EDGE_CURVE ( 'NONE', #4773, #7314, #3561, .T. ) ;
#7510 = FILL_AREA_STYLE ('',( #5106 ) ) ;
#7511 = STYLED_ITEM ( 'NONE', ( #4981 ), #241 ) ;
#7512 = CYLINDRICAL_SURFACE ( 'NONE', #814, 0.5000000000000000000 ) ;
#7513 = CARTESIAN_POINT ( 'NONE',  ( 5.931349185249819911, 4.650000000000010125, 9.236151811974419701 ) ) ;
#7514 =( NAMED_UNIT ( * ) PLANE_ANGLE_UNIT ( ) SI_UNIT ( $, .RADIAN. ) );
#7515 = FACE_OUTER_BOUND ( 'NONE', #1833, .T. ) ;
#7516 = ORIENTED_EDGE ( 'NONE', *, *, #4586, .T. ) ;
#7517 = VECTOR ( 'NONE', #9992, 1000.000000000000000 ) ;
#7518 =( NAMED_UNIT ( * ) SI_UNIT ( $, .STERADIAN. ) SOLID_ANGLE_UNIT ( ) );
#7519 = CARTESIAN_POINT ( 'NONE',  ( 4.500000000000000888, 6.620978138265459556, 5.127902589497660202 ) ) ;
#7520 = ORIENTED_EDGE ( 'NONE', *, *, #1363, .F. ) ;
#7521 = CARTESIAN_POINT ( 'NONE',  ( 5.906089525206200008, 3.850000000000010303, 8.893318922984189356 ) ) ;
#7522 = CARTESIAN_POINT ( 'NONE',  ( 3.986631417075507944, 6.290959454332121226, 5.697427312480225048 ) ) ;
#7523 = DIRECTION ( 'NONE',  ( 1.000000000000000000, 0.0000000000000000000, 0.0000000000000000000 ) ) ;
#7524 = CARTESIAN_POINT ( 'NONE',  ( 10.00000000000000000, 7.750000000000000000, 2.576321994024960090E-15 ) ) ;
#7525 = LINE ( 'NONE', #1279, #8034 ) ;
#7526 = DIRECTION ( 'NONE',  ( 0.0000000000000000000, 0.0000000000000000000, 1.000000000000000000 ) ) ;
#7527 = DIRECTION ( 'NONE',  ( 0.0000000000000000000, 1.000000000000000000, 0.0000000000000000000 ) ) ;
#7528 = ORIENTED_EDGE ( 'NONE', *, *, #5162, .F. ) ;
#7529 = PRESENTATION_STYLE_ASSIGNMENT (( #9989 ) ) ;
#7530 = CIRCLE ( 'NONE', #10144, 1.613267899285889984 ) ;
#7531 = LINE ( 'NONE', #2887, #9630 ) ;
#7532 = PLANE ( 'NONE',  #10187 ) ;
#7533 = CARTESIAN_POINT ( 'NONE',  ( 3.996623964658529538, 6.250000000000079936, 5.516661212398769720 ) ) ;
#7534 = EDGE_CURVE ( 'NONE', #4221, #2527, #4477, .T. ) ;
#7535 = CARTESIAN_POINT ( 'NONE',  ( 4.549999999999999822, 7.250000000000000000, 5.700000000000000178 ) ) ;
#7536 = LINE ( 'NONE', #444, #6222 ) ;
#7537 = B_SPLINE_CURVE_WITH_KNOTS ( 'NONE', 3,
 ( #109, #4950, #1773, #8074, #991, #3395, #2710, #5873 ),
 .UNSPECIFIED., .F., .F.,
 ( 4, 2, 2, 4 ),
 ( 0.0000000000000000000, 0.3582783410808529911, 0.7198210597566360169, 1.000000000000000000 ),
 .UNSPECIFIED. ) ;
#7538 = CARTESIAN_POINT ( 'NONE',  ( 6.029021513128699716, 6.380815587897259888, 5.542350741529149971 ) ) ;
#7539 = ORIENTED_EDGE ( 'NONE', *, *, #2175, .T. ) ;
#7540 = PRESENTATION_STYLE_ASSIGNMENT (( #7391 ) ) ;
#7541 =( GEOMETRIC_REPRESENTATION_CONTEXT ( 3 ) GLOBAL_UNCERTAINTY_ASSIGNED_CONTEXT ( ( #3960 ) ) GLOBAL_UNIT_ASSIGNED_CONTEXT ( ( #4161, #9634, #5083 ) ) REPRESENTATION_CONTEXT ( 'NONE', 'WORKASPACE' ) );
#7542 = ORIENTED_EDGE ( 'NONE', *, *, #1890, .F. ) ;
#7543 =( NAMED_UNIT ( * ) SI_UNIT ( $, .STERADIAN. ) SOLID_ANGLE_UNIT ( ) );
#7544 = ADVANCED_FACE ( 'NONE', ( #6780 ), #3447, .T. ) ;
#7545 = EDGE_CURVE ( 'NONE', #4008, #4212, #5156, .T. ) ;
#7546 = PRESENTATION_LAYER_ASSIGNMENT (  '', '', ( #3292 ) ) ;
#7547 = VERTEX_POINT ( 'NONE', #465 ) ;
#7548 = DIRECTION ( 'NONE',  ( 0.0000000000000000000, 0.0000000000000000000, -1.000000000000000000 ) ) ;
#7549 = FACE_OUTER_BOUND ( 'NONE', #731, .T. ) ;
#7550 = ORIENTED_EDGE ( 'NONE', *, *, #9852, .T. ) ;
#7551 = CARTESIAN_POINT ( 'NONE',  ( 4.549999999999999822, 2.200000000000000178, 5.700000000000000178 ) ) ;
#7552 = DIRECTION ( 'NONE',  ( 0.0000000000000000000, -3.675221047034999628E-15, 1.000000000000000000 ) ) ;
#7553 = DIRECTION ( 'NONE',  ( -0.2716300227878299944, 0.06713375248915300075, -0.9600573889080840084 ) ) ;
#7554 = AXIS2_PLACEMENT_3D ( 'NONE', #4234, #5058, #6436 ) ;
#7555 = CARTESIAN_POINT ( 'NONE',  ( 0.0000000000000000000, 0.1977371785018489925, 6.601260681670580333 ) ) ;
#7556 = AXIS2_PLACEMENT_3D ( 'NONE', #9259, #2989, #589 ) ;
#7557 = CARTESIAN_POINT ( 'NONE',  ( -2.500000000000000000, 6.250000000000031086, 2.750000000000000000 ) ) ;
#7558 = PRESENTATION_STYLE_ASSIGNMENT (( #1267 ) ) ;
#7559 = AXIS2_PLACEMENT_3D ( 'NONE', #6598, #9563, #944 ) ;
#7560 = CIRCLE ( 'NONE', #3122, 0.4000000000000001887 ) ;
#7561 = TOROIDAL_SURFACE ( 'NONE', #2789, 1.600000000000000089, 0.1000000000000000056 ) ;
#7562 = ORIENTED_EDGE ( 'NONE', *, *, #4571, .F. ) ;
#7563 = DIRECTION ( 'NONE',  ( -1.000000000000000000, 0.0000000000000000000, 0.0000000000000000000 ) ) ;
#7564 = DIRECTION ( 'NONE',  ( 1.000000000000000000, 0.0000000000000000000, 0.0000000000000000000 ) ) ;
#7565 = ORIENTED_EDGE ( 'NONE', *, *, #4096, .T. ) ;
#7566 = VECTOR ( 'NONE', #6125, 1000.000000000000000 ) ;
#7567 = VECTOR ( 'NONE', #129, 1000.000000000000000 ) ;
#7568 = CARTESIAN_POINT ( 'NONE',  ( 15.00000000000000000, 7.750000000000000000, 5.900000000000000355 ) ) ;
#7569 = DIRECTION ( 'NONE',  ( 0.0000000000000000000, 0.4264192316982558517, 0.9045256429962995615 ) ) ;
#7570 = FACE_OUTER_BOUND ( 'NONE', #505, .T. ) ;
#7571 =( LENGTH_UNIT ( ) NAMED_UNIT ( * ) SI_UNIT ( .MILLI., .METRE. ) );
#7572 = VECTOR ( 'NONE', #7553, 1000.000000000000000 ) ;
#7573 = CARTESIAN_POINT ( 'NONE',  ( -3.970470824127299458, 6.144996945065150484, 5.536040986461078894 ) ) ;
#7574 = ORIENTED_EDGE ( 'NONE', *, *, #7100, .F. ) ;
#7575 = AXIS2_PLACEMENT_3D ( 'NONE', #666, #6257, #6197 ) ;
#7576 = CARTESIAN_POINT ( 'NONE',  ( 7.500000000000000000, 5.950000000000040146, 4.150000000000000355 ) ) ;
#7577 = LINE ( 'NONE', #3676, #9856 ) ;
#7578 = VECTOR ( 'NONE', #5444, 1000.000000000000000 ) ;
#7579 = PRESENTATION_LAYER_ASSIGNMENT (  '', '', ( #10037 ) ) ;
#7580 = LINE ( 'NONE', #5226, #3753 ) ;
#7581 = CARTESIAN_POINT ( 'NONE',  ( 6.029529175872699653, 6.144996945065150484, 5.536040986461070013 ) ) ;
#7582 = EDGE_LOOP ( 'NONE', ( #8083, #5561, #4488, #6867 ) ) ;
#7583 = EDGE_CURVE ( 'NONE', #7917, #370, #1033, .T. ) ;
#7584 = SURFACE_SIDE_STYLE ('',( #4411 ) ) ;
#7585 = ORIENTED_EDGE ( 'NONE', *, *, #5211, .T. ) ;
#7586 =( GEOMETRIC_REPRESENTATION_CONTEXT ( 3 ) GLOBAL_UNCERTAINTY_ASSIGNED_CONTEXT ( ( #2419 ) ) GLOBAL_UNIT_ASSIGNED_CONTEXT ( ( #3257, #283, #1741 ) ) REPRESENTATION_CONTEXT ( 'NONE', 'WORKASPACE' ) );
#7587 = AXIS2_PLACEMENT_3D ( 'NONE', #8424, #2042, #7470 ) ;
#7588 = EDGE_LOOP ( 'NONE', ( #9654, #8663, #599, #9638 ) ) ;
#7589 = EDGE_CURVE ( 'NONE', #1432, #6680, #7319, .T. ) ;
#7590 = EDGE_LOOP ( 'NONE', ( #3653, #6073, #3302, #5761 ) ) ;
#7591 = VECTOR ( 'NONE', #3730, 1000.000000000000000 ) ;
#7592 = B_SPLINE_CURVE_WITH_KNOTS ( 'NONE', 3,
 ( #8644, #9459, #4702, #6293, #1480, #5520 ),
 .UNSPECIFIED., .F., .F.,
 ( 4, 2, 4 ),
 ( 3.520921088894627248E-13, 0.0002833862364401000295, 0.0005667724725281080055 ),
 .UNSPECIFIED. ) ;
#7593 = CARTESIAN_POINT ( 'NONE',  ( 3.856060606060600193, -1.265151515151490047, 2.293939393939409932 ) ) ;
#7594 = VECTOR ( 'NONE', #8316, 1000.000000000000000 ) ;
#7595 = ORIENTED_EDGE ( 'NONE', *, *, #2264, .T. ) ;
#7596 = DIRECTION ( 'NONE',  ( 0.0000000000000000000, 1.000000000000000000, 0.0000000000000000000 ) ) ;
#7597 = DIRECTION ( 'NONE',  ( 0.0000000000000000000, 0.0000000000000000000, -1.000000000000000000 ) ) ;
#7598 = CARTESIAN_POINT ( 'NONE',  ( -0.9657076557549464368, 3.850000000000010303, 9.413932751395252652 ) ) ;
#7599 = FILL_AREA_STYLE ('',( #514 ) ) ;
#7600 = DIRECTION ( 'NONE',  ( -1.000000000000000000, 0.0000000000000000000, 0.0000000000000000000 ) ) ;
#7601 = SURFACE_STYLE_USAGE ( .BOTH. , #6875 ) ;
#7602 = EDGE_CURVE ( 'NONE', #959, #4323, #3697, .T. ) ;
#7603 = DIRECTION ( 'NONE',  ( 0.9284766908852588596, 0.3713906763541049982, -4.784109839334419496E-16 ) ) ;
#7604 = VECTOR ( 'NONE', #4988, 1000.000000000000000 ) ;
#7605 = ORIENTED_EDGE ( 'NONE', *, *, #9227, .F. ) ;
#7606 = CARTESIAN_POINT ( 'NONE',  ( 7.500000000000000000, 4.250000000000009770, 9.300000000000000711 ) ) ;
#7607 = CARTESIAN_POINT ( 'NONE',  ( 5.906089525206200008, 4.650000000000010125, 8.893318922984189356 ) ) ;
#7608 = CARTESIAN_POINT ( 'NONE',  ( 10.00000000000000000, 7.750000000000000000, 0.0000000000000000000 ) ) ;
#7609 = SURFACE_STYLE_FILL_AREA ( #9142 ) ;
#7611 = ADVANCED_FACE ( 'NONE', ( #8173 ), #9869, .T. ) ;
#7610 = VERTEX_POINT ( 'NONE', #8950 ) ;
#7612 = EDGE_CURVE ( 'NONE', #7949, #8890, #3868, .T. ) ;
#7613 = LINE ( 'NONE', #8243, #8237 ) ;
#7614 = ORIENTED_EDGE ( 'NONE', *, *, #5228, .T. ) ;
#7615 = EDGE_CURVE ( 'NONE', #2830, #5482, #2206, .T. ) ;
#7616 = LINE ( 'NONE', #9978, #133 ) ;
#7617 = ORIENTED_EDGE ( 'NONE', *, *, #3663, .T. ) ;
#7618 = COLOUR_RGB ( '',0.2862745098039215508, 0.6431372549019607199, 0.8666666666666666963 ) ;
#7619 = CARTESIAN_POINT ( 'NONE',  ( 8.948605800780430997, 6.749926635177060597, 5.399714605802416578 ) ) ;
#7620 = LINE ( 'NONE', #4355, #4756 ) ;
#7621 = B_SPLINE_CURVE_WITH_KNOTS ( 'NONE', 3,
 ( #876, #4837, #7963, #4115, #212, #6420 ),
 .UNSPECIFIED., .F., .F.,
 ( 4, 2, 4 ),
 ( 2.346233479063580675E-12, 0.0002833862374371664454, 0.0005667724725280993319 ),
 .UNSPECIFIED. ) ;
#7622 = CARTESIAN_POINT ( 'NONE',  ( 5.937107388568776400, 4.650000000000010125, 9.314249409997570339 ) ) ;
#7623 =( NAMED_UNIT ( * ) PLANE_ANGLE_UNIT ( ) SI_UNIT ( $, .RADIAN. ) );
#7624 = ORIENTED_EDGE ( 'NONE', *, *, #8976, .T. ) ;
#7625 =( GEOMETRIC_REPRESENTATION_CONTEXT ( 3 ) GLOBAL_UNCERTAINTY_ASSIGNED_CONTEXT ( ( #5890 ) ) GLOBAL_UNIT_ASSIGNED_CONTEXT ( ( #2782, #2058, #433 ) ) REPRESENTATION_CONTEXT ( 'NONE', 'WORKASPACE' ) );
#7626 = DIRECTION ( 'NONE',  ( 0.0000000000000000000, 0.0000000000000000000, 1.000000000000000000 ) ) ;
#7627 = CARTESIAN_POINT ( 'NONE',  ( 9.062892611435060530, 3.850000000000010303, 9.314249409999350249 ) ) ;
#7628 = EDGE_CURVE ( 'NONE', #8383, #4185, #5122, .T. ) ;
#7629 = AXIS2_PLACEMENT_3D ( 'NONE', #8433, #10182, #7809 ) ;
#7630 = PLANE ( 'NONE',  #3668 ) ;
#7631 = PLANE ( 'NONE',  #439 ) ;
#7632 = ORIENTED_EDGE ( 'NONE', *, *, #7707, .F. ) ;
#7633 = SURFACE_STYLE_USAGE ( .BOTH. , #2848 ) ;
#7634 = AXIS2_PLACEMENT_3D ( 'NONE', #1885, #8364, #413 ) ;
#7635 = ORIENTED_EDGE ( 'NONE', *, *, #2543, .F. ) ;
#7636 = ORIENTED_EDGE ( 'NONE', *, *, #1995, .T. ) ;
#7637 = B_SPLINE_CURVE_WITH_KNOTS ( 'NONE', 3,
 ( #6704, #9833, #9068, #2009 ),
 .UNSPECIFIED., .F., .F.,
 ( 4, 4 ),
 ( 9.545615063968434510E-14, 0.0001440939132139746866 ),
 .UNSPECIFIED. ) ;
#7638 = LINE ( 'NONE', #554, #8094 ) ;
#7639 = ORIENTED_EDGE ( 'NONE', *, *, #9849, .F. ) ;
#7640 = FILL_AREA_STYLE ('',( #2032 ) ) ;
#7641 =( NAMED_UNIT ( * ) PLANE_ANGLE_UNIT ( ) SI_UNIT ( $, .RADIAN. ) );
#7642 = LINE ( 'NONE', #9233, #7591 ) ;
#7643 = DIRECTION ( 'NONE',  ( 0.0000000000000000000, 0.0000000000000000000, -1.000000000000000000 ) ) ;
#7644 = DIRECTION ( 'NONE',  ( 1.000000000000000000, 0.0000000000000000000, -5.152643988049919983E-16 ) ) ;
#7645 = ORIENTED_EDGE ( 'NONE', *, *, #9864, .F. ) ;
#7646 = SURFACE_STYLE_FILL_AREA ( #6059 ) ;
#7647 = DIRECTION ( 'NONE',  ( 0.0000000000000000000, 0.0000000000000000000, 1.000000000000000000 ) ) ;
#7648 = EDGE_CURVE ( 'NONE', #315, #9934, #869, .T. ) ;
#7649 = FILL_AREA_STYLE_COLOUR ( '', #3984 ) ;
#7650 =( LENGTH_UNIT ( ) NAMED_UNIT ( * ) SI_UNIT ( .MILLI., .METRE. ) );
#7651 = EDGE_CURVE ( 'NONE', #1381, #6686, #5849, .T. ) ;
#7652 = CARTESIAN_POINT ( 'NONE',  ( 2.500000000000000000, 4.250000000000031086, 0.0000000000000000000 ) ) ;
#7653 = EDGE_LOOP ( 'NONE', ( #6050, #9389, #7329, #8913 ) ) ;
#7654 = FACE_OUTER_BOUND ( 'NONE', #2029, .T. ) ;
#7655 = ORIENTED_EDGE ( 'NONE', *, *, #9279, .T. ) ;
#7656 = CARTESIAN_POINT ( 'NONE',  ( 139.0450000000000159, 0.8789603367746769980, 8.000000000000000000 ) ) ;
#7657 = CARTESIAN_POINT ( 'NONE',  ( 1.143990033716242083, 3.850000000000008527, 9.500000000000010658 ) ) ;
#7658 = FACE_OUTER_BOUND ( 'NONE', #6779, .T. ) ;
#7659 = VERTEX_POINT ( 'NONE', #10071 ) ;
#7660 = ADVANCED_FACE ( 'NONE', ( #6978 ), #3064, .F. ) ;
#7661 = ADVANCED_FACE ( 'NONE', ( #4567 ), #4521, .T. ) ;
#7662 = CARTESIAN_POINT ( 'NONE',  ( 6.027326048810182968, 6.293418682400931274, 5.495963488081887505 ) ) ;
#7663 = CARTESIAN_POINT ( 'NONE',  ( 7.000000000331121797, 4.250000000000031086, -3.850000000000000089 ) ) ;
#7664 = AXIS2_PLACEMENT_3D ( 'NONE', #7335, #5687, #7276 ) ;
#7665 = FILL_AREA_STYLE_COLOUR ( '', #5914 ) ;
#7666 = CARTESIAN_POINT ( 'NONE',  ( 3.549999999999999822, 5.950000000000040146, 2.800000000000010036 ) ) ;
#7667 = PLANE ( 'NONE',  #3540 ) ;
#7668 = ORIENTED_EDGE ( 'NONE', *, *, #2621, .T. ) ;
#7669 =( BOUNDED_SURFACE ( )  B_SPLINE_SURFACE ( 3, 2, ( 
 ( #884, #9653, #5606 ),
 ( #3396, #1887, #7358 ),
 ( #7970, #1775, #3346 ),
 ( #6429, #8018, #3240 ) ),
 .UNSPECIFIED., .F., .F., .F. ) 
 B_SPLINE_SURFACE_WITH_KNOTS ( ( 4, 4 ),
 ( 3, 3 ),
 ( 0.0000000000000000000, 1.000000000000000000 ),
 ( 0.0000000000000000000, 1.000000000000000000 ),
 .UNSPECIFIED. ) 
 GEOMETRIC_REPRESENTATION_ITEM ( )  RATIONAL_B_SPLINE_SURFACE ( (
 ( 1.000000000000000000, 0.7864262290810449807, 1.000000000000000000),
 ( 1.000000000000000000, 0.7864475206358839676, 1.000000000000000000),
 ( 1.000000000000000000, 0.7861047044588309607, 1.000000000000000000),
 ( 1.000000000000000000, 0.7854013101412880005, 1.000000000000000000) ) ) 
 REPRESENTATION_ITEM ( '' )  SURFACE ( )  );
#7670 = SURFACE_SIDE_STYLE ('',( #9455 ) ) ;
#7671 = FACE_OUTER_BOUND ( 'NONE', #3983, .T. ) ;
#7672 = VECTOR ( 'NONE', #7323, 1000.000000000000000 ) ;
#7673 = DIRECTION ( 'NONE',  ( 1.000000000000000000, 4.311199699514559827E-15, 0.0000000000000000000 ) ) ;
#7674 = LINE ( 'NONE', #5472, #9080 ) ;
#7675 = CARTESIAN_POINT ( 'NONE',  ( 2.423020349793489903, -1.462314593354880232, 5.694239332014520372 ) ) ;
#7676 = AXIS2_PLACEMENT_3D ( 'NONE', #1517, #3140, #6274 ) ;
#7677 =( LENGTH_UNIT ( ) NAMED_UNIT ( * ) SI_UNIT ( .MILLI., .METRE. ) );
#7678 = VERTEX_POINT ( 'NONE', #8567 ) ;
#7679 = FILL_AREA_STYLE_COLOUR ( '', #9491 ) ;
#7680 = ORIENTED_EDGE ( 'NONE', *, *, #8987, .T. ) ;
#7681 = ORIENTED_EDGE ( 'NONE', *, *, #5817, .T. ) ;
#7682 = ORIENTED_EDGE ( 'NONE', *, *, #4519, .T. ) ;
#7683 = DIRECTION ( 'NONE',  ( 0.0000000000000000000, 0.0000000000000000000, -1.000000000000000000 ) ) ;
#7684 =( NAMED_UNIT ( * ) SI_UNIT ( $, .STERADIAN. ) SOLID_ANGLE_UNIT ( ) );
#7685 = DIRECTION ( 'NONE',  ( 1.000000000000000000, 0.0000000000000000000, -3.641714079092569968E-16 ) ) ;
#7686 = VECTOR ( 'NONE', #9098, 1000.000000000000000 ) ;
#7687 = CYLINDRICAL_SURFACE ( 'NONE', #555, 0.5000000000000004441 ) ;
#7688 = DIRECTION ( 'NONE',  ( -1.000000000000000000, 0.0000000000000000000, 0.0000000000000000000 ) ) ;
#7689 = SURFACE_SIDE_STYLE ('',( #3902 ) ) ;
#7690 = CARTESIAN_POINT ( 'NONE',  ( 6.124350997929269624, 6.820490948317419644, 5.141853884246489592 ) ) ;
#7691 = EDGE_CURVE ( 'NONE', #3673, #7019, #3790, .T. ) ;
#7692 = PRESENTATION_LAYER_ASSIGNMENT (  '', '', ( #7385 ) ) ;
#7693 = VECTOR ( 'NONE', #9263, 1000.000000000000000 ) ;
#7694 = EDGE_LOOP ( 'NONE', ( #7617, #980, #5690, #3883 ) ) ;
#7695 = CARTESIAN_POINT ( 'NONE',  ( 1.023102752130522486, 6.379062758813164535, 5.679065084668725838 ) ) ;
#7696 = LINE ( 'NONE', #6937, #3748 ) ;
#7697 = DIRECTION ( 'NONE',  ( -1.000000000000000000, 0.0000000000000000000, 0.0000000000000000000 ) ) ;
#7698 = CARTESIAN_POINT ( 'NONE',  ( 2.500000000000000000, 4.250000000000009770, 9.314249409997589879 ) ) ;
#7699 = ORIENTED_EDGE ( 'NONE', *, *, #7443, .F. ) ;
#7700 = EDGE_CURVE ( 'NONE', #7344, #751, #8511, .T. ) ;
#7701 = DIRECTION ( 'NONE',  ( -1.000000000000000000, 0.0000000000000000000, 0.0000000000000000000 ) ) ;
#7702 = CONICAL_SURFACE ( 'NONE', #1783, 1.599999999999999867, 0.07130746470380971980 ) ;
#7703 = ORIENTED_EDGE ( 'NONE', *, *, #9212, .T. ) ;
#7704 = DIRECTION ( 'NONE',  ( 0.0000000000000000000, 0.0000000000000000000, 1.000000000000000000 ) ) ;
#7705 =( LENGTH_UNIT ( ) NAMED_UNIT ( * ) SI_UNIT ( .MILLI., .METRE. ) );
#7706 = VERTEX_POINT ( 'NONE', #5343 ) ;
#7707 = EDGE_CURVE ( 'NONE', #6176, #6932, #8464, .T. ) ;
#7708 = VECTOR ( 'NONE', #5183, 1000.000000000000227 ) ;
#7709 = DIRECTION ( 'NONE',  ( 0.2716300227878299944, -0.06713375248915300075, 0.9600573889080840084 ) ) ;
#7710 = VECTOR ( 'NONE', #6039, 1000.000000000000000 ) ;
#7711 = DIRECTION ( 'NONE',  ( 0.0000000000000000000, 0.0000000000000000000, 1.000000000000000000 ) ) ;
#7712 =( GEOMETRIC_REPRESENTATION_CONTEXT ( 3 ) GLOBAL_UNCERTAINTY_ASSIGNED_CONTEXT ( ( #9590 ) ) GLOBAL_UNIT_ASSIGNED_CONTEXT ( ( #5760, #1712, #5003 ) ) REPRESENTATION_CONTEXT ( 'NONE', 'WORKASPACE' ) );
#7713 =( NAMED_UNIT ( * ) PLANE_ANGLE_UNIT ( ) SI_UNIT ( $, .RADIAN. ) );
#7714 = LINE ( 'NONE', #6898, #1828 ) ;
#7715 = CARTESIAN_POINT ( 'NONE',  ( 1.143990033716242083, 3.850000000000008527, 9.500000000000000000 ) ) ;
#7716 = ORIENTED_EDGE ( 'NONE', *, *, #9532, .F. ) ;
#7717 = EDGE_CURVE ( 'NONE', #2831, #9196, #8529, .T. ) ;
#7718 = DIRECTION ( 'NONE',  ( -1.000000000000000000, 0.0000000000000000000, 0.0000000000000000000 ) ) ;
#7719 = EDGE_CURVE ( 'NONE', #4055, #8314, #6237, .T. ) ;
#7720 = DIRECTION ( 'NONE',  ( 1.717547996016639994E-16, 0.0000000000000000000, 1.000000000000000000 ) ) ;
#7721 = AXIS2_PLACEMENT_3D ( 'NONE', #7324, #8803, #4967 ) ;
#7722 = AXIS2_PLACEMENT_3D ( 'NONE', #7289, #204, #8452 ) ;
#7723 = COLOUR_RGB ( '',0.2862745098039215508, 0.6431372549019607199, 0.8666666666666666963 ) ;
#7724 = EDGE_CURVE ( 'NONE', #5782, #7204, #8815, .T. ) ;
#7725 = DIRECTION ( 'NONE',  ( 0.0000000000000000000, 1.000000000000000000, 0.0000000000000000000 ) ) ;
#7726 = CARTESIAN_POINT ( 'NONE',  ( 0.9371073885686259652, 3.850000000000009415, 9.314249409997639617 ) ) ;
#7727 = DIRECTION ( 'NONE',  ( 1.000000000000000000, 0.0000000000000000000, 0.0000000000000000000 ) ) ;
#7728 = LINE ( 'NONE', #6181, #9494 ) ;
#7729 = AXIS2_PLACEMENT_3D ( 'NONE', #3117, #764, #3950 ) ;
#7730 = VECTOR ( 'NONE', #1564, 1000.000000000000114 ) ;
#7731 = UNCERTAINTY_MEASURE_WITH_UNIT (LENGTH_MEASURE( 1.000000000000000082E-05 ), #4339, 'distance_accuracy_value', 'NONE');
#7732 = VERTEX_POINT ( 'NONE', #240 ) ;
#7733 = ADVANCED_FACE ( 'NONE', ( #3481 ), #195, .F. ) ;
#7734 = CARTESIAN_POINT ( 'NONE',  ( 8.972678822245127250, 6.293409039679361605, 5.495964165887131436 ) ) ;
#7735 = EDGE_CURVE ( 'NONE', #5754, #5893, #1792, .T. ) ;
#7736 = ORIENTED_EDGE ( 'NONE', *, *, #7946, .T. ) ;
#7737 = ORIENTED_EDGE ( 'NONE', *, *, #7227, .T. ) ;
#7738 = VECTOR ( 'NONE', #9800, 1000.000000000000227 ) ;
#7739 = AXIS2_PLACEMENT_3D ( 'NONE', #2777, #4538, #2157 ) ;
#7740 = CIRCLE ( 'NONE', #7435, 1.599999999999999867 ) ;
#7741 = ORIENTED_EDGE ( 'NONE', *, *, #4301, .F. ) ;
#7742 = CARTESIAN_POINT ( 'NONE',  ( -1.143939393939400029, -1.265151515151490047, 4.056060606060600371 ) ) ;
#7743 = EDGE_LOOP ( 'NONE', ( #9947, #22, #2518, #219 ) ) ;
#7744 =( LENGTH_UNIT ( ) NAMED_UNIT ( * ) SI_UNIT ( .MILLI., .METRE. ) );
#7745 = CARTESIAN_POINT ( 'NONE',  ( 0.9937846371275299573, 6.250000000000009770, 5.675366343103210198 ) ) ;
#7746 = DIRECTION ( 'NONE',  ( -0.2722442098535290400, 0.0000000000000000000, -0.9622281902964742173 ) ) ;
#7747 = ORIENTED_EDGE ( 'NONE', *, *, #7145, .T. ) ;
#7748 =( NAMED_UNIT ( * ) PLANE_ANGLE_UNIT ( ) SI_UNIT ( $, .RADIAN. ) );
#7749 = CARTESIAN_POINT ( 'NONE',  ( 3.994607792362468768, 6.250000000000364153, 5.499015461809754868 ) ) ;
#7750 = EDGE_CURVE ( 'NONE', #252, #6932, #2577, .T. ) ;
#7751 = VECTOR ( 'NONE', #3458, 1000.000000000000000 ) ;
#7752 = COLOUR_RGB ( '',0.2862745098039215508, 0.6431372549019607199, 0.8666666666666666963 ) ;
#7753 = CARTESIAN_POINT ( 'NONE',  ( 4.500000000000000888, 6.221952518161529611, 5.100000000000011191 ) ) ;
#7754 = DIRECTION ( 'NONE',  ( 0.0000000000000000000, 0.0000000000000000000, 1.000000000000000000 ) ) ;
#7755 = CARTESIAN_POINT ( 'NONE',  ( -2.500000000000000000, 4.250000000000031086, 0.7500000000000009992 ) ) ;
#7756 = DIRECTION ( 'NONE',  ( 0.0000000000000000000, 1.000000000000000000, 0.0000000000000000000 ) ) ;
#7757 = EDGE_LOOP ( 'NONE', ( #9465, #4687, #8588, #7889 ) ) ;
#7758 = CARTESIAN_POINT ( 'NONE',  ( 6.003189994461259893, 6.250000000000031086, 5.517634239043990085 ) ) ;
#7759 = ORIENTED_EDGE ( 'NONE', *, *, #2813, .T. ) ;
#7760 = AXIS2_PLACEMENT_3D ( 'NONE', #9905, #2017, #2892 ) ;
#7761 = DIRECTION ( 'NONE',  ( 0.0000000000000000000, 1.000000000000000000, 0.0000000000000000000 ) ) ;
#7762 = EDGE_LOOP ( 'NONE', ( #4274, #9587, #4748, #9382, #108, #8057, #6215 ) ) ;
#7763 = ORIENTED_EDGE ( 'NONE', *, *, #9155, .T. ) ;
#7764 = VECTOR ( 'NONE', #9541, 1000.000000000000114 ) ;
#7765 = SURFACE_STYLE_FILL_AREA ( #6170 ) ;
#7766 = CARTESIAN_POINT ( 'NONE',  ( 2.500000000000000000, 4.250000000000009770, 9.500000000000010658 ) ) ;
#7767 = CARTESIAN_POINT ( 'NONE',  ( 4.087037305134390230, 4.650000000000010125, 8.986637655680240755 ) ) ;
#7768 = SURFACE_STYLE_FILL_AREA ( #1469 ) ;
#7769 = PLANE ( 'NONE',  #5442 ) ;
#7770 = ADVANCED_FACE ( 'NONE', ( #3182 ), #9682, .T. ) ;
#7771 = ORIENTED_EDGE ( 'NONE', *, *, #2877, .T. ) ;
#7772 = LINE ( 'NONE', #10141, #6411 ) ;
#7773 = CARTESIAN_POINT ( 'NONE',  ( 2.500000000000000000, 2.500000000000000444, 9.999999999999992895 ) ) ;
#7774 = DIRECTION ( 'NONE',  ( 0.0000000000000000000, 0.0000000000000000000, -1.000000000000000000 ) ) ;
#7775 = CARTESIAN_POINT ( 'NONE',  ( -3.908529899565567955, 6.803742317568937104, 5.258069125366946039 ) ) ;
#7776 = DIRECTION ( 'NONE',  ( 0.0000000000000000000, -1.000000000000000000, 0.0000000000000000000 ) ) ;
#7777 = DIRECTION ( 'NONE',  ( -1.000000000000000000, 0.0000000000000000000, 0.0000000000000000000 ) ) ;
#7778 = FACE_OUTER_BOUND ( 'NONE', #5487, .T. ) ;
#7779 = AXIS2_PLACEMENT_3D ( 'NONE', #4659, #6183, #2261 ) ;
#7780 = CARTESIAN_POINT ( 'NONE',  ( -2.500000000000000000, 4.250000000000009770, 9.500000000000010658 ) ) ;
#7781 = EDGE_CURVE ( 'NONE', #1839, #2869, #287, .T. ) ;
#7782 = ORIENTED_EDGE ( 'NONE', *, *, #1148, .F. ) ;
#7783 = VERTEX_POINT ( 'NONE', #2386 ) ;
#7784 = APPLICATION_PROTOCOL_DEFINITION ( 'draft international standard', 'automotive_design', 1998, #1210 ) ;
#7785 = CARTESIAN_POINT ( 'NONE',  ( 8.961427646674051672, 6.340242470895590010, 5.485183436963620096 ) ) ;
#7786 = ORIENTED_EDGE ( 'NONE', *, *, #9217, .F. ) ;
#7787 = EDGE_LOOP ( 'NONE', ( #5618, #3187, #9397, #5323 ) ) ;
#7788 = STYLED_ITEM ( 'NONE', ( #741 ), #7116 ) ;
#7789 = EDGE_CURVE ( 'NONE', #4817, #1066, #7079, .T. ) ;
#7790 =( BOUNDED_SURFACE ( )  B_SPLINE_SURFACE ( 3, 2, ( 
 ( #10177, #3130, #9387 ),
 ( #7857, #5498, #7911 ),
 ( #1561, #829, #773 ),
 ( #9706, #3442, #1711 ) ),
 .UNSPECIFIED., .F., .F., .F. ) 
 B_SPLINE_SURFACE_WITH_KNOTS ( ( 4, 4 ),
 ( 3, 3 ),
 ( 0.0000000000000000000, 1.000000000000000000 ),
 ( 0.0000000000000000000, 1.000000000000000000 ),
 .UNSPECIFIED. ) 
 GEOMETRIC_REPRESENTATION_ITEM ( )  RATIONAL_B_SPLINE_SURFACE ( (
 ( 1.000000000000000000, 0.7864262337499590139, 1.000000000000000000),
 ( 1.000000000000000000, 0.7864474701795289846, 1.000000000000000000),
 ( 1.000000000000000000, 0.7861046529251329851, 1.000000000000000000),
 ( 1.000000000000000000, 0.7854013110680500009, 1.000000000000000000) ) ) 
 REPRESENTATION_ITEM ( '' )  SURFACE ( )  );
#7791 = EDGE_CURVE ( 'NONE', #10069, #7204, #2885, .T. ) ;
#7792 = CARTESIAN_POINT ( 'NONE',  ( 4.500000000000000888, 6.221952518161529611, 5.100000000000011191 ) ) ;
#7793 = DIRECTION ( 'NONE',  ( -0.3481553119113940387, 0.8703882797784900927, -0.3481553119113949823 ) ) ;
#7794 = EDGE_LOOP ( 'NONE', ( #3495, #4056, #3973, #3821 ) ) ;
#7795 = DIRECTION ( 'NONE',  ( 0.0000000000000000000, 0.3713906763541028888, -0.9284766908852596368 ) ) ;
#7796 = VECTOR ( 'NONE', #3654, 1000.000000000000000 ) ;
#7797 = LINE ( 'NONE', #8660, #1335 ) ;
#7798 = LINE ( 'NONE', #9320, #3789 ) ;
#7799 = CARTESIAN_POINT ( 'NONE',  ( 7.500000000000000000, 4.250000000000009770, 9.314249409997579221 ) ) ;
#7800 = ORIENTED_EDGE ( 'NONE', *, *, #4074, .T. ) ;
#7801 = CARTESIAN_POINT ( 'NONE',  ( -0.5000000000000000000, 6.900000000000019895, 4.004821471746000228 ) ) ;
#7802 = DIRECTION ( 'NONE',  ( 0.0000000000000000000, -3.675221047034999628E-15, 1.000000000000000000 ) ) ;
#7803 = CYLINDRICAL_SURFACE ( 'NONE', #1651, 0.5000000000000000000 ) ;
#7804 = DIRECTION ( 'NONE',  ( 1.000000000000000000, 0.0000000000000000000, 0.0000000000000000000 ) ) ;
#7805 = CARTESIAN_POINT ( 'NONE',  ( 5.799999999999999822, 4.650000000000010125, 8.800000000000000711 ) ) ;
#7806 = EDGE_LOOP ( 'NONE', ( #2217, #1499, #7073, #7645, #7682, #7225, #4710, #6790 ) ) ;
#7807 = DIRECTION ( 'NONE',  ( 0.0000000000000000000, 0.0000000000000000000, 1.000000000000000000 ) ) ;
#7808 = ORIENTED_EDGE ( 'NONE', *, *, #7589, .F. ) ;
#7809 = DIRECTION ( 'NONE',  ( 0.0000000000000000000, 0.0000000000000000000, -1.000000000000000000 ) ) ;
#7810 = VERTEX_POINT ( 'NONE', #4254 ) ;
#7811 = CARTESIAN_POINT ( 'NONE',  ( 0.9408927793500235781, 3.850000000000008527, 9.365590064580635143 ) ) ;
#7812 = FILL_AREA_STYLE_COLOUR ( '', #2628 ) ;
#7813 = ORIENTED_EDGE ( 'NONE', *, *, #1939, .F. ) ;
#7814 = EDGE_CURVE ( 'NONE', #6417, #8595, #963, .T. ) ;
#7815 = DIRECTION ( 'NONE',  ( 0.0000000000000000000, 0.0000000000000000000, -1.000000000000000000 ) ) ;
#7816 = AXIS2_PLACEMENT_3D ( 'NONE', #3261, #1904, #3420 ) ;
#7817 = DIRECTION ( 'NONE',  ( -1.717547996016639994E-16, 0.0000000000000000000, -1.000000000000000000 ) ) ;
#7818 = FACE_OUTER_BOUND ( 'NONE', #4134, .T. ) ;
#7819 = LINE ( 'NONE', #2161, #2817 ) ;
#7820 = SURFACE_STYLE_USAGE ( .BOTH. , #1525 ) ;
#7821 = CARTESIAN_POINT ( 'NONE',  ( 1.051396625977389032, 6.749929893934170977, 5.399706028595997687 ) ) ;
#7822 = ORIENTED_EDGE ( 'NONE', *, *, #5015, .T. ) ;
#7823 =( LENGTH_UNIT ( ) NAMED_UNIT ( * ) SI_UNIT ( .MILLI., .METRE. ) );
#7824 = DIRECTION ( 'NONE',  ( 1.000000000000000000, 0.0000000000000000000, 0.0000000000000000000 ) ) ;
#7825 = SURFACE_STYLE_FILL_AREA ( #694 ) ;
#7826 = ADVANCED_FACE ( 'NONE', ( #8870 ), #1807, .T. ) ;
#7827 = DIRECTION ( 'NONE',  ( 0.0000000000000000000, 0.0000000000000000000, 1.000000000000000000 ) ) ;
#7828 = LINE ( 'NONE', #9262, #2167 ) ;
#7829 = CARTESIAN_POINT ( 'NONE',  ( 7.500000000000000000, 5.863267899285899531, 9.314249409997579221 ) ) ;
#7830 = UNCERTAINTY_MEASURE_WITH_UNIT (LENGTH_MEASURE( 1.000000000000000082E-05 ), #361, 'distance_accuracy_value', 'NONE');
#7831 = SURFACE_SIDE_STYLE ('',( #6096 ) ) ;
#7832 = ORIENTED_EDGE ( 'NONE', *, *, #8942, .T. ) ;
#7833 = ORIENTED_EDGE ( 'NONE', *, *, #5999, .F. ) ;
#7834 = CIRCLE ( 'NONE', #3411, 1.400000000000000133 ) ;
#7835 = ORIENTED_EDGE ( 'NONE', *, *, #8994, .F. ) ;
#7836 = ORIENTED_EDGE ( 'NONE', *, *, #6573, .F. ) ;
#7837 = EDGE_CURVE ( 'NONE', #6518, #4116, #8916, .T. ) ;
#7838 = ORIENTED_EDGE ( 'NONE', *, *, #4478, .T. ) ;
#7839 = VECTOR ( 'NONE', #5052, 1000.000000000000000 ) ;
#7840 = FILL_AREA_STYLE ('',( #6190 ) ) ;
#7841 = VERTEX_POINT ( 'NONE', #3539 ) ;
#7842 = DIRECTION ( 'NONE',  ( 0.0000000000000000000, -1.000000000000000000, 0.0000000000000000000 ) ) ;
#7843 = EDGE_LOOP ( 'NONE', ( #6316, #3287, #7852, #7905 ) ) ;
#7844 = CARTESIAN_POINT ( 'NONE',  ( 2.500000000000000000, 4.250000000000000000, 9.999999999999989342 ) ) ;
#7845 = SURFACE_SIDE_STYLE ('',( #6196 ) ) ;
#7846 = FACE_OUTER_BOUND ( 'NONE', #4913, .T. ) ;
#7847 = EDGE_CURVE ( 'NONE', #8274, #2599, #5995, .T. ) ;
#7848 = CARTESIAN_POINT ( 'NONE',  ( 4.500000000000000888, 6.250000000000031086, 5.699344090454330214 ) ) ;
#7849 = EDGE_LOOP ( 'NONE', ( #526, #4222, #7991, #6765 ) ) ;
#7850 = ADVANCED_FACE ( 'NONE', ( #7671 ), #613, .T. ) ;
#7851 =( GEOMETRIC_REPRESENTATION_CONTEXT ( 3 ) GLOBAL_UNCERTAINTY_ASSIGNED_CONTEXT ( ( #1358 ) ) GLOBAL_UNIT_ASSIGNED_CONTEXT ( ( #4438, #9009, #6333 ) ) REPRESENTATION_CONTEXT ( 'NONE', 'WORKASPACE' ) );
#7852 = ORIENTED_EDGE ( 'NONE', *, *, #2004, .T. ) ;
#7853 = LINE ( 'NONE', #1, #9060 ) ;
#7854 = DIRECTION ( 'NONE',  ( 0.0000000000000000000, 0.0000000000000000000, 1.000000000000000000 ) ) ;
#7855 = LINE ( 'NONE', #3020, #3264 ) ;
#7856 = CIRCLE ( 'NONE', #2923, 1.599999999999999867 ) ;
#7857 = CARTESIAN_POINT ( 'NONE',  ( 6.022645188653849679, 6.378927305446330465, 5.621766569588300122 ) ) ;
#7858 = CARTESIAN_POINT ( 'NONE',  ( -0.5000000000000000000, 5.950000000000040146, 3.291739462922410375 ) ) ;
#7859 = ORIENTED_EDGE ( 'NONE', *, *, #3280, .F. ) ;
#7860 = DIRECTION ( 'NONE',  ( 1.000000000000000000, 0.0000000000000000000, 0.0000000000000000000 ) ) ;
#7861 = EDGE_LOOP ( 'NONE', ( #5660, #5033, #1657, #4885 ) ) ;
#7862 = DIRECTION ( 'NONE',  ( 0.0000000000000000000, 1.000000000000000000, 0.0000000000000000000 ) ) ;
#7863 = ORIENTED_EDGE ( 'NONE', *, *, #5712, .F. ) ;
#7864 = CARTESIAN_POINT ( 'NONE',  ( 6.075900883378422712, 6.782835288287570208, 5.313097438219570812 ) ) ;
#7865 = CARTESIAN_POINT ( 'NONE',  ( -0.5000000000000000000, 6.301461569844129862, 3.962967587499520050 ) ) ;
#7866 = EDGE_CURVE ( 'NONE', #6338, #216, #2787, .T. ) ;
#7867 = VERTEX_POINT ( 'NONE', #6037 ) ;
#7868 = VECTOR ( 'NONE', #5473, 1000.000000000000000 ) ;
#7869 = EDGE_CURVE ( 'NONE', #9331, #5377, #5966, .T. ) ;
#7870 =( LENGTH_UNIT ( ) NAMED_UNIT ( * ) SI_UNIT ( .MILLI., .METRE. ) );
#7871 = DIRECTION ( 'NONE',  ( 0.0000000000000000000, 0.0000000000000000000, -1.000000000000000000 ) ) ;
#7872 = PRESENTATION_STYLE_ASSIGNMENT (( #3034 ) ) ;
#7873 = CIRCLE ( 'NONE', #7554, 0.4000000000000001887 ) ;
#7874 = DIRECTION ( 'NONE',  ( -5.152643988049929844E-16, 0.0000000000000000000, -1.000000000000000000 ) ) ;
#7875 = SURFACE_SIDE_STYLE ('',( #4746 ) ) ;
#7876 = CARTESIAN_POINT ( 'NONE',  ( 1.449999999999999956, 5.950000000000040146, 3.291739462922410375 ) ) ;
#7877 = ORIENTED_EDGE ( 'NONE', *, *, #2555, .T. ) ;
#7878 = SURFACE_STYLE_USAGE ( .BOTH. , #10048 ) ;
#7879 = COLOUR_RGB ( '',0.2862745098039215508, 0.6431372549019607199, 0.8666666666666666963 ) ;
#7880 = VECTOR ( 'NONE', #1074, 1000.000000000000000 ) ;
#7881 = ADVANCED_FACE ( 'NONE', ( #9162 ), #7532, .T. ) ;
#7882 = CIRCLE ( 'NONE', #4291, 1.400000000000000133 ) ;
#7883 = DIRECTION ( 'NONE',  ( 1.000000000000000000, 0.0000000000000000000, -3.641714079092569968E-16 ) ) ;
#7884 = LINE ( 'NONE', #8082, #8413 ) ;
#7885 = CARTESIAN_POINT ( 'NONE',  ( 5.450000000000009948, 7.250000000000000000, 5.700000000000000178 ) ) ;
#7886 = AXIS2_PLACEMENT_3D ( 'NONE', #7208, #5678, #2564 ) ;
#7887 = DIRECTION ( 'NONE',  ( 0.0000000000000000000, 0.0000000000000000000, -1.000000000000000000 ) ) ;
#7888 = ORIENTED_EDGE ( 'NONE', *, *, #2981, .F. ) ;
#7889 = ORIENTED_EDGE ( 'NONE', *, *, #3595, .T. ) ;
#7890 = PRODUCT_CONTEXT ( 'NONE', #9827, 'mechanical' ) ;
#7891 = CIRCLE ( 'NONE', #9693, 1.599999999999999867 ) ;
#7892 = DIRECTION ( 'NONE',  ( 0.0000000000000000000, -0.9975640502598243087, -0.06975647374412512203 ) ) ;
#7893 = VECTOR ( 'NONE', #8659, 1000.000000000000000 ) ;
#7894 = ORIENTED_EDGE ( 'NONE', *, *, #10045, .T. ) ;
#7895 = ORIENTED_EDGE ( 'NONE', *, *, #1590, .T. ) ;
#7896 = VECTOR ( 'NONE', #6343, 1000.000000000000000 ) ;
#7897 = DIRECTION ( 'NONE',  ( 0.0000000000000000000, -0.1736481776669300259, 0.9848077530122081313 ) ) ;
#7898 = EDGE_CURVE ( 'NONE', #8344, #368, #8394, .T. ) ;
#7899 = LINE ( 'NONE', #6973, #4015 ) ;
#7900 = ORIENTED_EDGE ( 'NONE', *, *, #1413, .T. ) ;
#7901 = CARTESIAN_POINT ( 'NONE',  ( -1.057217949465481421, 6.518894125888139435, 5.379130966345498699 ) ) ;
#7902 =( GEOMETRIC_REPRESENTATION_CONTEXT ( 3 ) GLOBAL_UNCERTAINTY_ASSIGNED_CONTEXT ( ( #3625 ) ) GLOBAL_UNIT_ASSIGNED_CONTEXT ( ( #3449, #8075, #1043 ) ) REPRESENTATION_CONTEXT ( 'NONE', 'WORKASPACE' ) );
#7903 = EDGE_CURVE ( 'NONE', #943, #6613, #1760, .T. ) ;
#7904 = VECTOR ( 'NONE', #4741, 1000.000000000000000 ) ;
#7905 = ORIENTED_EDGE ( 'NONE', *, *, #2095, .T. ) ;
#7906 = VECTOR ( 'NONE', #9390, 1000.000000000000000 ) ;
#7907 = VERTEX_POINT ( 'NONE', #4446 ) ;
#7908 = FACE_OUTER_BOUND ( 'NONE', #7219, .T. ) ;
#7909 = CARTESIAN_POINT ( 'NONE',  ( -4.068650814750180977, 4.650000000000010125, 9.236151811974430359 ) ) ;
#7910 = CIRCLE ( 'NONE', #5620, 0.5000000000000000000 ) ;
#7911 = CARTESIAN_POINT ( 'NONE',  ( 5.793645397510390538, 6.087469678630560210, 5.606236746784570180 ) ) ;
#7912 = SURFACE_STYLE_USAGE ( .BOTH. , #4060 ) ;
#7913 = ORIENTED_EDGE ( 'NONE', *, *, #4845, .F. ) ;
#7914 = FACE_OUTER_BOUND ( 'NONE', #4382, .T. ) ;
#7915 = EDGE_CURVE ( 'NONE', #990, #274, #9620, .T. ) ;
#7916 = VERTEX_POINT ( 'NONE', #394 ) ;
#7917 = VERTEX_POINT ( 'NONE', #3629 ) ;
#7918 = CARTESIAN_POINT ( 'NONE',  ( 6.447367575152527230, 6.900324961960823344, 4.000174299198464567 ) ) ;
#7919 = STYLED_ITEM ( 'NONE', ( #4246 ), #9039 ) ;
#7920 = AXIS2_PLACEMENT_3D ( 'NONE', #7792, #5536, #1595 ) ;
#7921 = ORIENTED_EDGE ( 'NONE', *, *, #9052, .T. ) ;
#7922 = B_SPLINE_CURVE_WITH_KNOTS ( 'NONE', 3,
 ( #2506, #1615, #8899, #1834, #1042, #5661 ),
 .UNSPECIFIED., .F., .F.,
 ( 4, 2, 4 ),
 ( 0.0000000000000000000, 0.4556032744929219835, 1.000000000000000000 ),
 .UNSPECIFIED. ) ;
#7923 = CARTESIAN_POINT ( 'NONE',  ( 7.500000000000000000, 5.850000000000009415, 8.099999999999999645 ) ) ;
#7924 = EDGE_CURVE ( 'NONE', #9957, #2587, #3955, .T. ) ;
#7925 = DIRECTION ( 'NONE',  ( 0.0000000000000000000, 0.0000000000000000000, -1.000000000000000000 ) ) ;
#7926 = VECTOR ( 'NONE', #4191, 1000.000000000000000 ) ;
#7927 = EDGE_CURVE ( 'NONE', #1946, #2587, #541, .T. ) ;
#7928 = CARTESIAN_POINT ( 'NONE',  ( 10.00000000000000000, 0.1499999999999999944, 6.700000000000000178 ) ) ;
#7929 = VECTOR ( 'NONE', #7727, 1000.000000000000000 ) ;
#7930 = CARTESIAN_POINT ( 'NONE',  ( -1.023374573466581117, 6.471519187295013964, 5.653980163196915321 ) ) ;
#7931 = CARTESIAN_POINT ( 'NONE',  ( -2.500000000000000000, 4.250000000000009770, 9.500000000000010658 ) ) ;
#7932 = DIRECTION ( 'NONE',  ( 0.0000000000000000000, 1.000000000000000000, 0.0000000000000000000 ) ) ;
#7933 = ORIENTED_EDGE ( 'NONE', *, *, #2898, .T. ) ;
#7934 =( NAMED_UNIT ( * ) SI_UNIT ( $, .STERADIAN. ) SOLID_ANGLE_UNIT ( ) );
#7935 = SURFACE_SIDE_STYLE ('',( #230 ) ) ;
#7936 =( LENGTH_UNIT ( ) NAMED_UNIT ( * ) SI_UNIT ( .MILLI., .METRE. ) );
#7937 = STYLED_ITEM ( 'NONE', ( #5546 ), #6145 ) ;
#7938 = CARTESIAN_POINT ( 'NONE',  ( 10.00000000000000000, 7.450000000000000178, 6.500000000000000888 ) ) ;
#7939 = DIRECTION ( 'NONE',  ( 0.0000000000000000000, 0.0000000000000000000, -1.000000000000000000 ) ) ;
#7940 = CARTESIAN_POINT ( 'NONE',  ( 8.970979442870280707, 6.380815304788059805, 5.542356440406270401 ) ) ;
#7941 = LINE ( 'NONE', #9623, #5337 ) ;
#7942 = ORIENTED_EDGE ( 'NONE', *, *, #4527, .T. ) ;
#7943 = ORIENTED_EDGE ( 'NONE', *, *, #8109, .F. ) ;
#7944 = AXIS2_PLACEMENT_3D ( 'NONE', #9177, #2129, #7842 ) ;
#7945 = PLANE ( 'NONE',  #2433 ) ;
#7946 = EDGE_CURVE ( 'NONE', #3263, #5643, #2064, .T. ) ;
#7947 =( BOUNDED_CURVE ( )  B_SPLINE_CURVE ( 3, ( #8047, #8110, #7228, #9632 ),
 .UNSPECIFIED., .F., .T. ) 
 B_SPLINE_CURVE_WITH_KNOTS ( ( 4, 4 ),
 ( 3.152431615203307835, 3.305761861937977386 ),
 .UNSPECIFIED. ) 
 CURVE ( )  GEOMETRIC_REPRESENTATION_ITEM ( )  RATIONAL_B_SPLINE_CURVE ( ( 1.000000000000000000, 0.9980417790286484347, 0.9980417790286484347, 1.000000000000000000 ) ) 
 REPRESENTATION_ITEM ( '' )  );
#7948 = FACE_OUTER_BOUND ( 'NONE', #9489, .T. ) ;
#7949 = VERTEX_POINT ( 'NONE', #2839 ) ;
#7950 = VECTOR ( 'NONE', #7170, 1000.000000000000000 ) ;
#7951 = DIRECTION ( 'NONE',  ( 0.0000000000000000000, -1.000000000000000000, -3.965082230804152702E-15 ) ) ;
#7952 = CARTESIAN_POINT ( 'NONE',  ( -2.500000000000000000, 4.250000000000009770, 9.300000000000009592 ) ) ;
#7953 = VERTEX_POINT ( 'NONE', #9118 ) ;
#7954 = DIRECTION ( 'NONE',  ( 0.0000000000000000000, 1.000000000000000000, 0.0000000000000000000 ) ) ;
#7955 = AXIS2_PLACEMENT_3D ( 'NONE', #6552, #9572, #9514 ) ;
#7956 = ORIENTED_EDGE ( 'NONE', *, *, #6828, .F. ) ;
#7957 = ORIENTED_EDGE ( 'NONE', *, *, #3219, .T. ) ;
#7958 = CARTESIAN_POINT ( 'NONE',  ( 0.7999999999999990452, 4.650000000000010125, 8.800000000000009592 ) ) ;
#7959 = PRESENTATION_LAYER_ASSIGNMENT (  '', '', ( #7788 ) ) ;
#7960 = DIRECTION ( 'NONE',  ( 0.0000000000000000000, -0.9284766908852596368, 0.3713906763541028888 ) ) ;
#7961 = STYLED_ITEM ( 'NONE', ( #4749 ), #10065 ) ;
#7962 = FILL_AREA_STYLE ('',( #7087 ) ) ;
#7963 = CARTESIAN_POINT ( 'NONE',  ( 3.975706270360217509, 6.556592746007511074, 5.606841195523822208 ) ) ;
#7964 = ORIENTED_EDGE ( 'NONE', *, *, #9120, .T. ) ;
#7965 = EDGE_LOOP ( 'NONE', ( #7080, #2747, #4830, #8039 ) ) ;
#7966 = FACE_OUTER_BOUND ( 'NONE', #8991, .T. ) ;
#7967 = ORIENTED_EDGE ( 'NONE', *, *, #10167, .T. ) ;
#7968 = LINE ( 'NONE', #8737, #6495 ) ;
#7969 = DIRECTION ( 'NONE',  ( 1.000000000000000000, 0.0000000000000000000, 0.0000000000000000000 ) ) ;
#7970 = CARTESIAN_POINT ( 'NONE',  ( -0.8013869280751609869, 6.089357680825980168, 5.509810034670159951 ) ) ;
#7971 = CIRCLE ( 'NONE', #8453, 0.2999999999999999334 ) ;
#7972 = EDGE_CURVE ( 'NONE', #5812, #5876, #1130, .T. ) ;
#7973 = VERTEX_POINT ( 'NONE', #9993 ) ;
#7974 = EDGE_CURVE ( 'NONE', #1801, #2761, #7577, .T. ) ;
#7975 = CARTESIAN_POINT ( 'NONE',  ( -3.871701747922879910, 6.620978138265459556, 5.127902589497670860 ) ) ;
#7976 = DIRECTION ( 'NONE',  ( -0.2716300227878299944, -0.06713375248915300075, 0.9600573889080840084 ) ) ;
#7977 = CARTESIAN_POINT ( 'NONE',  ( 6.075900883378420048, -1.462314593354880232, 5.313097438219569923 ) ) ;
#7978 = CARTESIAN_POINT ( 'NONE',  ( 10.50000000000000000, 0.6613248654051859798, 0.0000000000000000000 ) ) ;
#7979 = PLANE ( 'NONE',  #8392 ) ;
#7980 = ORIENTED_EDGE ( 'NONE', *, *, #3967, .F. ) ;
#7981 = ORIENTED_EDGE ( 'NONE', *, *, #5604, .F. ) ;
#7982 = CARTESIAN_POINT ( 'NONE',  ( 8.924099116621579952, 6.782835288287570208, 5.313097438219569923 ) ) ;
#7983 = ADVANCED_FACE ( 'NONE', ( #6086 ), #6803, .F. ) ;
#7984 = EDGE_CURVE ( 'NONE', #4900, #3664, #1878, .T. ) ;
#7985 = CARTESIAN_POINT ( 'NONE',  ( 5.450000000000000178, 2.200000000000000178, 0.6500000000000040190 ) ) ;
#7986 = DIRECTION ( 'NONE',  ( 5.152643988049929844E-16, 0.0000000000000000000, 1.000000000000000000 ) ) ;
#7987 = UNCERTAINTY_MEASURE_WITH_UNIT (LENGTH_MEASURE( 1.000000000000000082E-05 ), #3771, 'distance_accuracy_value', 'NONE');
#7988 = CARTESIAN_POINT ( 'NONE',  ( 1.023102752130521154, 6.379062758812666267, 5.679065084668860841 ) ) ;
#7989 = DIRECTION ( 'NONE',  ( 1.000000000000000000, 0.0000000000000000000, 0.0000000000000000000 ) ) ;
#7990 = DIRECTION ( 'NONE',  ( 3.641714079092569968E-16, 0.0000000000000000000, -1.000000000000000000 ) ) ;
#7991 = ORIENTED_EDGE ( 'NONE', *, *, #10168, .T. ) ;
#7992 = ORIENTED_EDGE ( 'NONE', *, *, #6209, .T. ) ;
#7993 = CARTESIAN_POINT ( 'NONE',  ( 10.00000000000000000, 6.436102000195529804, 9.700000000000001066 ) ) ;
#7994 = SURFACE_STYLE_USAGE ( .BOTH. , #9681 ) ;
#7995 = ORIENTED_EDGE ( 'NONE', *, *, #3393, .T. ) ;
#7996 = AXIS2_PLACEMENT_3D ( 'NONE', #6350, #5529, #6110 ) ;
#7997 = ORIENTED_EDGE ( 'NONE', *, *, #533, .F. ) ;
#7998 = CARTESIAN_POINT ( 'NONE',  ( -1.004349151592869971, 6.249999999999960032, 5.507834059304349772 ) ) ;
#7999 = SURFACE_SIDE_STYLE ('',( #4872 ) ) ;
#8000 = AXIS2_PLACEMENT_3D ( 'NONE', #4153, #2483, #9740 ) ;
#8001 = VERTEX_POINT ( 'NONE', #9211 ) ;
#8002 = CARTESIAN_POINT ( 'NONE',  ( -5.500000000000000000, 6.370920840910899940, 3.569044486294639995 ) ) ;
#8003 = EDGE_LOOP ( 'NONE', ( #1063, #6397, #4250, #7504, #2768, #7263 ) ) ;
#8004 = B_SPLINE_CURVE_WITH_KNOTS ( 'NONE', 3,
 ( #4973, #900, #7436, #1123, #8195, #6451 ),
 .UNSPECIFIED., .F., .F.,
 ( 4, 2, 4 ),
 ( 0.0000000000000000000, 0.5443967235633909718, 1.000000000000000000 ),
 .UNSPECIFIED. ) ;
#8005 = VERTEX_POINT ( 'NONE', #8591 ) ;
#8006 = LINE ( 'NONE', #3229, #10043 ) ;
#8007 = B_SPLINE_CURVE_WITH_KNOTS ( 'NONE', 3,
 ( #224, #3204, #5671, #5616, #8797, #4800 ),
 .UNSPECIFIED., .F., .F.,
 ( 4, 2, 4 ),
 ( 0.0000000000000000000, 0.4556032744928619760, 1.000000000000000000 ),
 .UNSPECIFIED. ) ;
#8008 = CARTESIAN_POINT ( 'NONE',  ( 3.961427646675764969, 6.340242470872340164, 5.485183436973974480 ) ) ;
#8009 = DIRECTION ( 'NONE',  ( 0.0000000000000000000, 0.0000000000000000000, 1.000000000000000000 ) ) ;
#8010 = FACE_OUTER_BOUND ( 'NONE', #5335, .T. ) ;
#8011 = ORIENTED_EDGE ( 'NONE', *, *, #1602, .T. ) ;
#8012 = VECTOR ( 'NONE', #7552, 1000.000000000000000 ) ;
#8013 = ORIENTED_EDGE ( 'NONE', *, *, #8681, .F. ) ;
#8014 = DIRECTION ( 'NONE',  ( 0.0000000000000000000, 0.0000000000000000000, 1.000000000000000000 ) ) ;
#8015 = ORIENTED_EDGE ( 'NONE', *, *, #8994, .T. ) ;
#8016 = DIRECTION ( 'NONE',  ( 1.000000000000000000, 0.0000000000000000000, 3.641714079092569968E-16 ) ) ;
#8017 = EDGE_CURVE ( 'NONE', #9316, #3667, #4700, .T. ) ;
#8018 = CARTESIAN_POINT ( 'NONE',  ( -1.043633297088470080, 6.148436653995700496, 5.454695792914000307 ) ) ;
#8019 = ORIENTED_EDGE ( 'NONE', *, *, #3265, .T. ) ;
#8020 = CONICAL_SURFACE ( 'NONE', #8662, 1.599999999999999867, 0.07130746470380971980 ) ;
#8021 = SURFACE_STYLE_FILL_AREA ( #6488 ) ;
#8022 = ADVANCED_FACE ( 'NONE', ( #10203 ), #10143, .F. ) ;
#8023 = PLANE ( 'NONE',  #7081 ) ;
#8024 = ORIENTED_EDGE ( 'NONE', *, *, #7015, .F. ) ;
#8025 = COLOUR_RGB ( '',0.2862745098039215508, 0.6431372549019607199, 0.8666666666666666963 ) ;
#8026 = ORIENTED_EDGE ( 'NONE', *, *, #4404, .T. ) ;
#8027 = PLANE ( 'NONE',  #4072 ) ;
#8028 = ADVANCED_FACE ( 'NONE', ( #3930 ), #5468, .T. ) ;
#8029 = CARTESIAN_POINT ( 'NONE',  ( -4.059110900120336929, 4.650000000000010125, 9.365540160508119882 ) ) ;
#8030 = EDGE_LOOP ( 'NONE', ( #1970, #4120, #10151, #2326 ) ) ;
#8031 = AXIS2_PLACEMENT_3D ( 'NONE', #8355, #8270, #9999 ) ;
#8032 = SURFACE_STYLE_FILL_AREA ( #4305 ) ;
#8033 = CARTESIAN_POINT ( 'NONE',  ( 0.0000000000000000000, 1.560000000000000275, 6.200000000000001066 ) ) ;
#8034 = VECTOR ( 'NONE', #4440, 1000.000000000000000 ) ;
#8035 = LINE ( 'NONE', #4203, #9173 ) ;
#8036 = EDGE_CURVE ( 'NONE', #9624, #8149, #2447, .T. ) ;
#8037 = CARTESIAN_POINT ( 'NONE',  ( 9.059110900119952348, 3.850000000000010303, 9.365540160509002732 ) ) ;
#8038 = CARTESIAN_POINT ( 'NONE',  ( -0.8992189406417899766, 3.850000000000010303, 8.800000000000009592 ) ) ;
#8039 = ORIENTED_EDGE ( 'NONE', *, *, #2567, .F. ) ;
#8040 = EDGE_LOOP ( 'NONE', ( #9564, #4359, #9170, #8731 ) ) ;
#8041 = CARTESIAN_POINT ( 'NONE',  ( 7.500000000000000000, 2.650000000000010125, 9.500000000000000000 ) ) ;
#8042 =( LENGTH_UNIT ( ) NAMED_UNIT ( * ) SI_UNIT ( .MILLI., .METRE. ) );
#8043 = EDGE_CURVE ( 'NONE', #5132, #10129, #6289, .T. ) ;
#8044 = CONICAL_SURFACE ( 'NONE', #4598, 1.599999999999999867, 0.07130746470380971980 ) ;
#8045 = EDGE_LOOP ( 'NONE', ( #8403, #8046, #3008, #973 ) ) ;
#8046 = ORIENTED_EDGE ( 'NONE', *, *, #4171, .T. ) ;
#8047 = CARTESIAN_POINT ( 'NONE',  ( -1.023102752391785719, 6.379062758812451328, 5.679065084668917684 ) ) ;
#8048 = AXIS2_PLACEMENT_3D ( 'NONE', #288, #1959, #347 ) ;
#8049 = VECTOR ( 'NONE', #4930, 1000.000000000000000 ) ;
#8050 = DIRECTION ( 'NONE',  ( 6.323770134184271214E-17, 0.9848077530122081313, 0.1736481776669300259 ) ) ;
#8051 = SURFACE_STYLE_FILL_AREA ( #9692 ) ;
#8052 = CARTESIAN_POINT ( 'NONE',  ( 2.500000000000000000, 4.250000000000009770, 9.500000000000000000 ) ) ;
#8053 = VERTEX_POINT ( 'NONE', #7112 ) ;
#8054 = CARTESIAN_POINT ( 'NONE',  ( -0.5000000000000000000, 6.700487189948059807, 3.990870176997169949 ) ) ;
#8055 = DIRECTION ( 'NONE',  ( -6.323770134184271214E-17, -0.9848077530122081313, -0.1736481776669300259 ) ) ;
#8056 = ORIENTED_EDGE ( 'NONE', *, *, #2866, .T. ) ;
#8057 = ORIENTED_EDGE ( 'NONE', *, *, #1379, .F. ) ;
#8058 = AXIS2_PLACEMENT_3D ( 'NONE', #1791, #1850, #8191 ) ;
#8059 = CARTESIAN_POINT ( 'NONE',  ( 1.449999999999999956, 6.900812423267500328, 3.990870176997169949 ) ) ;
#8060 = CIRCLE ( 'NONE', #6088, 1.599999999999999867 ) ;
#8061 = ORIENTED_EDGE ( 'NONE', *, *, #8410, .F. ) ;
#8062 = DIRECTION ( 'NONE',  ( 0.0000000000000000000, 0.0000000000000000000, -1.000000000000000000 ) ) ;
#8063 = COLOUR_RGB ( '',0.2862745098039215508, 0.6431372549019607199, 0.8666666666666666963 ) ;
#8064 = CARTESIAN_POINT ( 'NONE',  ( -3.551316613977629544, 6.900595781960301878, 3.995523657362079817 ) ) ;
#8065 = FILL_AREA_STYLE ('',( #4782 ) ) ;
#8066 = EDGE_LOOP ( 'NONE', ( #6663, #5142, #1551, #6740 ) ) ;
#8067 =( BOUNDED_CURVE ( )  B_SPLINE_CURVE ( 3, ( #6980, #10016, #5388, #7028 ),
 .UNSPECIFIED., .F., .T. ) 
 B_SPLINE_CURVE_WITH_KNOTS ( ( 4, 4 ),
 ( 4.782202150464451407, 5.075476764891776682 ),
 .UNSPECIFIED. ) 
 CURVE ( )  GEOMETRIC_REPRESENTATION_ITEM ( )  RATIONAL_B_SPLINE_CURVE ( ( 1.000000000000000000, 0.9928453341064031878, 0.9928453341064031878, 1.000000000000000000 ) ) 
 REPRESENTATION_ITEM ( '' )  );
#8068 = CIRCLE ( 'NONE', #6094, 0.5999999999999998668 ) ;
#8069 = AXIS2_PLACEMENT_3D ( 'NONE', #4077, #5834, #3460 ) ;
#8070 = ORIENTED_EDGE ( 'NONE', *, *, #2503, .T. ) ;
#8071 = CARTESIAN_POINT ( 'NONE',  ( -0.5000000000000000000, 6.900000000000019895, 4.004821471746000228 ) ) ;
#8072 = EDGE_CURVE ( 'NONE', #5451, #9860, #2255, .T. ) ;
#8073 = VERTEX_POINT ( 'NONE', #9456 ) ;
#8074 = CARTESIAN_POINT ( 'NONE',  ( -4.003817474081709626, 6.250000000000079936, 5.603246506036869690 ) ) ;
#8075 =( NAMED_UNIT ( * ) PLANE_ANGLE_UNIT ( ) SI_UNIT ( $, .RADIAN. ) );
#8076 = VERTEX_POINT ( 'NONE', #2413 ) ;
#8077 = ORIENTED_EDGE ( 'NONE', *, *, #5353, .T. ) ;
#8078 = MECHANICAL_DESIGN_GEOMETRIC_PRESENTATION_REPRESENTATION (  '', ( #10037 ), #9533 ) ;
#8079 = SURFACE_STYLE_USAGE ( .BOTH. , #6589 ) ;
#8080 = B_SPLINE_CURVE_WITH_KNOTS ( 'NONE', 3,
 ( #5919, #6777, #6010, #1986, #5154, #1212 ),
 .UNSPECIFIED., .F., .F.,
 ( 4, 2, 4 ),
 ( 0.0000000000000000000, 0.4556032744929219835, 1.000000000000000000 ),
 .UNSPECIFIED. ) ;
#8081 = FACE_OUTER_BOUND ( 'NONE', #3332, .T. ) ;
#8082 = CARTESIAN_POINT ( 'NONE',  ( 9.550000000000000711, 6.250000000000031086, 0.6500000000000289990 ) ) ;
#8083 = ORIENTED_EDGE ( 'NONE', *, *, #5139, .F. ) ;
#8084 = CARTESIAN_POINT ( 'NONE',  ( -1.038050460969301536, 6.695801933345443935, 5.479919479543665872 ) ) ;
#8085 = COLOUR_RGB ( '',0.2862745098039215508, 0.6431372549019607199, 0.8666666666666666963 ) ;
#8086 =( LENGTH_UNIT ( ) NAMED_UNIT ( * ) SI_UNIT ( .MILLI., .METRE. ) );
#8087 = CARTESIAN_POINT ( 'NONE',  ( 0.9937846371275299573, 6.250000000000009770, 5.675366343103219968 ) ) ;
#8088 = VERTEX_POINT ( 'NONE', #3528 ) ;
#8089 = VECTOR ( 'NONE', #5164, 1000.000000000000000 ) ;
#8090 = SURFACE_STYLE_USAGE ( .BOTH. , #6381 ) ;
#8091 = ORIENTED_EDGE ( 'NONE', *, *, #3888, .F. ) ;
#8092 = LINE ( 'NONE', #4965, #7672 ) ;
#8093 = CARTESIAN_POINT ( 'NONE',  ( -4.034292344245741013, 4.650000000000010125, 9.413932751394368026 ) ) ;
#8094 = VECTOR ( 'NONE', #9757, 1000.000000000000000 ) ;
#8095 = CARTESIAN_POINT ( 'NONE',  ( -0.4499999999999990119, 6.250000000000031086, 5.700000000000000178 ) ) ;
#8096 = DIRECTION ( 'NONE',  ( -0.9622281902964742173, 0.0000000000000000000, 0.2722442098535290400 ) ) ;
#8097 = EDGE_CURVE ( 'NONE', #982, #4136, #796, .T. ) ;
#8098 = DIRECTION ( 'NONE',  ( 0.0000000000000000000, -1.000000000000000000, 0.0000000000000000000 ) ) ;
#8099 = CARTESIAN_POINT ( 'NONE',  ( 15.00000000000000000, 6.650000000000000355, 10.00000000000000000 ) ) ;
#8100 = CARTESIAN_POINT ( 'NONE',  ( 8.871701747922880799, 6.620978138265459556, 5.127902589497660202 ) ) ;
#8101 = VERTEX_POINT ( 'NONE', #4859 ) ;
#8102 = ORIENTED_EDGE ( 'NONE', *, *, #1041, .T. ) ;
#8103 = LINE ( 'NONE', #4210, #5206 ) ;
#8104 = CARTESIAN_POINT ( 'NONE',  ( 6.041844086465573582, 6.384612859889100989, 5.465433459372670555 ) ) ;
#8105 = VECTOR ( 'NONE', #4368, 1000.000000000000000 ) ;
#8106 = B_SPLINE_CURVE_WITH_KNOTS ( 'NONE', 3,
 ( #930, #9648, #8735, #3392, #7353, #314 ),
 .UNSPECIFIED., .F., .F.,
 ( 4, 2, 4 ),
 ( 5.719861026451309447E-16, 0.0001520665957077899175, 0.0003041331914150078100 ),
 .UNSPECIFIED. ) ;
#8107 = ORIENTED_EDGE ( 'NONE', *, *, #5625, .T. ) ;
#8108 = ORIENTED_EDGE ( 'NONE', *, *, #1487, .F. ) ;
#8109 = EDGE_CURVE ( 'NONE', #4323, #9956, #6249, .T. ) ;
#8110 = CARTESIAN_POINT ( 'NONE',  ( -1.023878904968791081, 6.379292657753694584, 5.607444991927493128 ) ) ;
#8111 = EDGE_CURVE ( 'NONE', #2243, #3078, #7405, .T. ) ;
#8112 = CARTESIAN_POINT ( 'NONE',  ( -2.423020349793489903, 6.669166114049719596, 5.694239332014520372 ) ) ;
#8113 = CIRCLE ( 'NONE', #9090, 0.2999999999999999334 ) ;
#8114 = DIRECTION ( 'NONE',  ( 0.0000000000000000000, 0.0000000000000000000, 1.000000000000000000 ) ) ;
#8115 = ORIENTED_EDGE ( 'NONE', *, *, #7036, .F. ) ;
#8116 = FILL_AREA_STYLE ('',( #7235 ) ) ;
#8117 = CARTESIAN_POINT ( 'NONE',  ( -5.500000000000000000, 6.900000000000019895, 4.004821471746000228 ) ) ;
#8118 = ORIENTED_EDGE ( 'NONE', *, *, #1366, .T. ) ;
#8119 = ORIENTED_EDGE ( 'NONE', *, *, #3054, .F. ) ;
#8120 = PLANE ( 'NONE',  #307 ) ;
#8121 = AXIS2_PLACEMENT_3D ( 'NONE', #8052, #8114, #4261 ) ;
#8122 = EDGE_CURVE ( 'NONE', #2353, #1055, #8541, .T. ) ;
#8123 = EDGE_CURVE ( 'NONE', #3381, #7247, #4923, .T. ) ;
#8124 = CARTESIAN_POINT ( 'NONE',  ( 2.500000000000000000, 9.550000000000029132, 1.349999999999999867 ) ) ;
#8125 = CARTESIAN_POINT ( 'NONE',  ( 5.965552395399901897, 3.850000000000007638, 9.413837825582261232 ) ) ;
#8126 = STYLED_ITEM ( 'NONE', ( #2171 ), #6772 ) ;
#8127 = ORIENTED_EDGE ( 'NONE', *, *, #227, .T. ) ;
#8128 = ORIENTED_EDGE ( 'NONE', *, *, #1491, .T. ) ;
#8129 = FILL_AREA_STYLE_COLOUR ( '', #3029 ) ;
#8130 = ORIENTED_EDGE ( 'NONE', *, *, #3393, .F. ) ;
#8131 = COLOUR_RGB ( '',0.2862745098039215508, 0.6431372549019607199, 0.8666666666666666963 ) ;
#8132 = CARTESIAN_POINT ( 'NONE',  ( 4.001925068377739869, 6.250000000000079936, 5.573699898803360142 ) ) ;
#8133 = CARTESIAN_POINT ( 'NONE',  ( 1.446052745852149934, 6.900000000000019895, 4.004821471746000228 ) ) ;
#8134 = CARTESIAN_POINT ( 'NONE',  ( 1.043633278484559668, 6.148436649458580483, 5.454695900211619985 ) ) ;
#8135 = FILL_AREA_STYLE ('',( #4132 ) ) ;
#8136 = SURFACE_STYLE_USAGE ( .BOTH. , #3459 ) ;
#8137 = CARTESIAN_POINT ( 'NONE',  ( 6.091769397758586280, 6.595770259307300876, 5.257011279829166384 ) ) ;
#8138 = ORIENTED_EDGE ( 'NONE', *, *, #3485, .T. ) ;
#8139 =( NAMED_UNIT ( * ) PLANE_ANGLE_UNIT ( ) SI_UNIT ( $, .RADIAN. ) );
#8140 = STYLED_ITEM ( 'NONE', ( #1956 ), #10064 ) ;
#8141 = ORIENTED_EDGE ( 'NONE', *, *, #2397, .F. ) ;
#8142 = FILL_AREA_STYLE_COLOUR ( '', #1746 ) ;
#8143 = DIRECTION ( 'NONE',  ( 0.0000000000000000000, -1.000000000000000000, 0.0000000000000000000 ) ) ;
#8144 = B_SPLINE_CURVE_WITH_KNOTS ( 'NONE', 3,
 ( #740, #7048, #2207, #7767, #637, #9254 ),
 .UNSPECIFIED., .F., .F.,
 ( 4, 2, 4 ),
 ( 0.0000000000000000000, 0.4556032744928619760, 1.000000000000000000 ),
 .UNSPECIFIED. ) ;
#8145 = CARTESIAN_POINT ( 'NONE',  ( -0.4499999999999990119, 6.250000000000031086, 0.6500000000000020206 ) ) ;
#8146 = DIRECTION ( 'NONE',  ( 0.0000000000000000000, -1.000000000000000000, 0.0000000000000000000 ) ) ;
#8147 = DIRECTION ( 'NONE',  ( -1.000000000000000000, 0.0000000000000000000, 3.641714079092569968E-16 ) ) ;
#8148 = DIRECTION ( 'NONE',  ( 1.717547996016639994E-16, 0.0000000000000000000, 1.000000000000000000 ) ) ;
#8149 = VERTEX_POINT ( 'NONE', #4083 ) ;
#8150 = ORIENTED_EDGE ( 'NONE', *, *, #7814, .T. ) ;
#8151 = CARTESIAN_POINT ( 'NONE',  ( 9.062892611431221823, 4.650000000000010125, 9.314249409997579221 ) ) ;
#8152 = CARTESIAN_POINT ( 'NONE',  ( 7.500000000000000000, 4.250000000000009770, 9.500000000000000000 ) ) ;
#8153 = ORIENTED_EDGE ( 'NONE', *, *, #8929, .F. ) ;
#8154 = DIRECTION ( 'NONE',  ( 0.0000000000000000000, 0.0000000000000000000, -1.000000000000000000 ) ) ;
#8155 =( BOUNDED_CURVE ( )  B_SPLINE_CURVE ( 3, ( #6593, #222, #7363, #3403 ),
 .UNSPECIFIED., .F., .T. ) 
 B_SPLINE_CURVE_WITH_KNOTS ( ( 4, 4 ),
 ( 4.758910074651783617, 4.782202150464470058 ),
 .UNSPECIFIED. ) 
 CURVE ( )  GEOMETRIC_REPRESENTATION_ITEM ( )  RATIONAL_B_SPLINE_CURVE ( ( 1.000000000000000000, 0.9999547904446798308, 0.9999547904446798308, 1.000000000000000000 ) ) 
 REPRESENTATION_ITEM ( '' )  );
#8156 = CARTESIAN_POINT ( 'NONE',  ( -4.062892611431373702, 3.850000000000009415, 9.314249409997648499 ) ) ;
#8157 = ORIENTED_EDGE ( 'NONE', *, *, #125, .T. ) ;
#8158 = SURFACE_STYLE_FILL_AREA ( #5904 ) ;
#8159 = EDGE_CURVE ( 'NONE', #1404, #6818, #8700, .T. ) ;
#8160 = CARTESIAN_POINT ( 'NONE',  ( 6.450000000000000178, 5.950000000000040146, 3.291739462922410375 ) ) ;
#8161 = VERTEX_POINT ( 'NONE', #1733 ) ;
#8162 = EDGE_LOOP ( 'NONE', ( #7291, #5822, #4790, #2399 ) ) ;
#8163 = ADVANCED_FACE ( 'NONE', ( #2519 ), #5020, .T. ) ;
#8164 = SURFACE_STYLE_FILL_AREA ( #6137 ) ;
#8165 = VERTEX_POINT ( 'NONE', #231 ) ;
#8166 = DIRECTION ( 'NONE',  ( 1.000000000000000000, 0.0000000000000000000, 0.0000000000000000000 ) ) ;
#8167 = CARTESIAN_POINT ( 'NONE',  ( 6.302467390493500687, 6.864512672020650186, 4.512313905521380342 ) ) ;
#8169 = EDGE_CURVE ( 'NONE', #2531, #10069, #9240, .T. ) ;
#8168 = ORIENTED_EDGE ( 'NONE', *, *, #2471, .F. ) ;
#8170 = ADVANCED_FACE ( 'NONE', ( #9730 ), #9513, .T. ) ;
#8171 = CYLINDRICAL_SURFACE ( 'NONE', #8721, 1.749999999999990230 ) ;
#8172 = CARTESIAN_POINT ( 'NONE',  ( 4.074407072548740238, 4.650000000000010125, 9.158054070483670372 ) ) ;
#8173 = FACE_OUTER_BOUND ( 'NONE', #2540, .T. ) ;
#8174 =( GEOMETRIC_REPRESENTATION_CONTEXT ( 3 ) GLOBAL_UNCERTAINTY_ASSIGNED_CONTEXT ( ( #8369 ) ) GLOBAL_UNIT_ASSIGNED_CONTEXT ( ( #3250, #3303, #1228 ) ) REPRESENTATION_CONTEXT ( 'NONE', 'WORKASPACE' ) );
#8175 = VERTEX_POINT ( 'NONE', #4243 ) ;
#8176 = CARTESIAN_POINT ( 'NONE',  ( -3.856009966283758139, 3.850000000000008527, 9.500000000000010658 ) ) ;
#8177 = ORIENTED_EDGE ( 'NONE', *, *, #2935, .F. ) ;
#8178 = DIRECTION ( 'NONE',  ( 0.0000000000000000000, -1.000000000000000000, -3.965082230804152702E-15 ) ) ;
#8179 = VECTOR ( 'NONE', #6979, 1000.000000000000000 ) ;
#8180 = FACE_OUTER_BOUND ( 'NONE', #6200, .T. ) ;
#8181 = CARTESIAN_POINT ( 'NONE',  ( 2.500000000000000000, 2.650000000000010125, 8.000000000000000000 ) ) ;
#8182 = EDGE_CURVE ( 'NONE', #5041, #2240, #3615, .T. ) ;
#8183 = ADVANCED_FACE ( 'NONE', ( #7430 ), #5431, .T. ) ;
#8184 = CARTESIAN_POINT ( 'NONE',  ( 1.449999999999999956, 6.301461569844129862, 3.962967587499520050 ) ) ;
#8185 = SURFACE_STYLE_FILL_AREA ( #7425 ) ;
#8186 = CARTESIAN_POINT ( 'NONE',  ( 0.9961825259182910397, 6.250000000000079936, 5.603246506036869690 ) ) ;
#8187 = ORIENTED_EDGE ( 'NONE', *, *, #2199, .T. ) ;
#8188 =( LENGTH_UNIT ( ) NAMED_UNIT ( * ) SI_UNIT ( .MILLI., .METRE. ) );
#8189 = EDGE_LOOP ( 'NONE', ( #8187, #9475, #3611 ) ) ;
#8190 = SURFACE_STYLE_FILL_AREA ( #4297 ) ;
#8191 = DIRECTION ( 'NONE',  ( 0.0000000000000000000, -1.000000000000000000, 0.0000000000000000000 ) ) ;
#8192 = CONICAL_SURFACE ( 'NONE', #261, 0.2500000000000002220, 0.4636476084710116075 ) ;
#8193 = SURFACE_STYLE_FILL_AREA ( #2625 ) ;
#8194 = CARTESIAN_POINT ( 'NONE',  ( -2.500000000000000000, 4.250000000000031086, -4.349999999999999645 ) ) ;
#8195 = CARTESIAN_POINT ( 'NONE',  ( 0.9313491852498201329, 4.650000000000010125, 9.236151811974419701 ) ) ;
#8196 = VECTOR ( 'NONE', #268, 1000.000000000000000 ) ;
#8197 = DIRECTION ( 'NONE',  ( -1.000000000000000000, 0.0000000000000000000, 0.0000000000000000000 ) ) ;
#8198 = ORIENTED_EDGE ( 'NONE', *, *, #9990, .T. ) ;
#8199 = ORIENTED_EDGE ( 'NONE', *, *, #4267, .F. ) ;
#8200 =( NAMED_UNIT ( * ) SI_UNIT ( $, .STERADIAN. ) SOLID_ANGLE_UNIT ( ) );
#8201 = PRESENTATION_STYLE_ASSIGNMENT (( #3952 ) ) ;
#8202 = ADVANCED_FACE ( 'NONE', ( #8752 ), #184, .T. ) ;
#8203 = AXIS2_PLACEMENT_3D ( 'NONE', #3050, #10104, #6185 ) ;
#8204 = LINE ( 'NONE', #8307, #4495 ) ;
#8205 = CARTESIAN_POINT ( 'NONE',  ( 10.50000000000000000, 0.6613248654051859798, 0.0000000000000000000 ) ) ;
#8206 = ORIENTED_EDGE ( 'NONE', *, *, #3280, .T. ) ;
#8207 = SURFACE_STYLE_FILL_AREA ( #8983 ) ;
#8208 = CARTESIAN_POINT ( 'NONE',  ( 6.450000000000000178, 6.370920840910899940, 3.569044486294639995 ) ) ;
#8209 = AXIS2_PLACEMENT_3D ( 'NONE', #4799, #6950, #4744 ) ;
#8210 = ORIENTED_EDGE ( 'NONE', *, *, #2459, .F. ) ;
#8211 = CARTESIAN_POINT ( 'NONE',  ( 8.958155914341494608, 6.384612859941898755, 5.465433459296769492 ) ) ;
#8212 = VECTOR ( 'NONE', #5688, 1000.000000000000000 ) ;
#8213 = EDGE_CURVE ( 'NONE', #1668, #5424, #6499, .T. ) ;
#8214 = AXIS2_PLACEMENT_3D ( 'NONE', #3652, #2753, #9038 ) ;
#8215 =( LENGTH_UNIT ( ) NAMED_UNIT ( * ) SI_UNIT ( .MILLI., .METRE. ) );
#8216 = PRESENTATION_LAYER_ASSIGNMENT (  '', '', ( #8534 ) ) ;
#8217 =( BOUNDED_CURVE ( )  B_SPLINE_CURVE ( 3, ( #499, #6715, #2996, #10058 ),
 .UNSPECIFIED., .F., .T. ) 
 B_SPLINE_CURVE_WITH_KNOTS ( ( 4, 4 ),
 ( 3.152431615203208803, 3.305761861937978274 ),
 .UNSPECIFIED. ) 
 CURVE ( )  GEOMETRIC_REPRESENTATION_ITEM ( )  RATIONAL_B_SPLINE_CURVE ( ( 1.000000000000000000, 0.9980417790286458812, 0.9980417790286458812, 1.000000000000000000 ) ) 
 REPRESENTATION_ITEM ( '' )  );
#8218 = ORIENTED_EDGE ( 'NONE', *, *, #5336, .F. ) ;
#8219 = PLANE ( 'NONE',  #4180 ) ;
#8220 = EDGE_CURVE ( 'NONE', #3591, #3080, #276, .T. ) ;
#8221 = CARTESIAN_POINT ( 'NONE',  ( 1.030138328475294074, 6.381146321193631010, 5.536094731139376002 ) ) ;
#8222 = ORIENTED_EDGE ( 'NONE', *, *, #7615, .T. ) ;
#8223 = CIRCLE ( 'NONE', #3633, 0.4000000000000001887 ) ;
#8224 = FACE_OUTER_BOUND ( 'NONE', #7507, .T. ) ;
#8225 = ORIENTED_EDGE ( 'NONE', *, *, #6711, .T. ) ;
#8226 = MECHANICAL_DESIGN_GEOMETRIC_PRESENTATION_REPRESENTATION (  '', ( #3292 ), #3751 ) ;
#8227 =( GEOMETRIC_REPRESENTATION_CONTEXT ( 3 ) GLOBAL_UNCERTAINTY_ASSIGNED_CONTEXT ( ( #4528 ) ) GLOBAL_UNIT_ASSIGNED_CONTEXT ( ( #6496, #8139, #7934 ) ) REPRESENTATION_CONTEXT ( 'NONE', 'WORKASPACE' ) );
#8228 = AXIS2_PLACEMENT_3D ( 'NONE', #2666, #6695, #5116 ) ;
#8229 = FILL_AREA_STYLE ('',( #2815 ) ) ;
#8230 = VECTOR ( 'NONE', #1599, 1000.000000000000000 ) ;
#8231 = ORIENTED_EDGE ( 'NONE', *, *, #1246, .F. ) ;
#8232 = DIRECTION ( 'NONE',  ( -6.323770134184271214E-17, 0.9848077530122081313, 0.1736481776669300259 ) ) ;
#8233 = PRESENTATION_STYLE_ASSIGNMENT (( #6014 ) ) ;
#8234 = MECHANICAL_DESIGN_GEOMETRIC_PRESENTATION_REPRESENTATION (  '', ( #6913 ), #6101 ) ;
#8235 = EDGE_LOOP ( 'NONE', ( #9405, #308 ) ) ;
#8236 = CARTESIAN_POINT ( 'NONE',  ( 1.128298252077120090, 6.620978138265459556, 5.127902589497670860 ) ) ;
#8237 = VECTOR ( 'NONE', #2770, 1000.000000000000000 ) ;
#8238 =( NAMED_UNIT ( * ) SI_UNIT ( $, .STERADIAN. ) SOLID_ANGLE_UNIT ( ) );
#8239 = EDGE_CURVE ( 'NONE', #5643, #8165, #3465, .T. ) ;
#8240 = CARTESIAN_POINT ( 'NONE',  ( 6.075900883378422712, 6.782835288287570208, 5.313097438219570812 ) ) ;
#8241 = ORIENTED_EDGE ( 'NONE', *, *, #3002, .F. ) ;
#8242 =( NAMED_UNIT ( * ) PLANE_ANGLE_UNIT ( ) SI_UNIT ( $, .RADIAN. ) );
#8243 = CARTESIAN_POINT ( 'NONE',  ( 3.549999999999999822, -1.462314593354880232, 3.990870176997180607 ) ) ;
#8244 = VERTEX_POINT ( 'NONE', #1948 ) ;
#8245 = CARTESIAN_POINT ( 'NONE',  ( -10.00000000000000000, 0.0000000000000000000, 0.0000000000000000000 ) ) ;
#8246 = CARTESIAN_POINT ( 'NONE',  ( 5.931349185249990441, 3.850000000000010303, 9.236151811974499637 ) ) ;
#8247 = AXIS2_PLACEMENT_3D ( 'NONE', #2280, #3068, #6157 ) ;
#8248 = DIRECTION ( 'NONE',  ( -1.000000000000000000, 0.0000000000000000000, 3.641714079092569968E-16 ) ) ;
#8249 = COLOUR_RGB ( '',0.2862745098039215508, 0.6431372549019607199, 0.8666666666666666963 ) ;
#8250 = EDGE_CURVE ( 'NONE', #1598, #1788, #5591, .T. ) ;
#8251 = EDGE_CURVE ( 'NONE', #9477, #265, #6072, .T. ) ;
#8252 = EDGE_CURVE ( 'NONE', #9339, #1676, #8223, .T. ) ;
#8253 =( LENGTH_UNIT ( ) NAMED_UNIT ( * ) SI_UNIT ( .MILLI., .METRE. ) );
#8254 = VECTOR ( 'NONE', #9785, 1000.000000000000000 ) ;
#8255 =( NAMED_UNIT ( * ) PLANE_ANGLE_UNIT ( ) SI_UNIT ( $, .RADIAN. ) );
#8256 = TOROIDAL_SURFACE ( 'NONE', #10229, 1.413776159319739989, 0.2000000000000000111 ) ;
#8257 = DIRECTION ( 'NONE',  ( 0.0000000000000000000, -1.000000000000000000, 0.0000000000000000000 ) ) ;
#8258 = FACE_OUTER_BOUND ( 'NONE', #5799, .T. ) ;
#8259 = ORIENTED_EDGE ( 'NONE', *, *, #2942, .F. ) ;
#8260 = ORIENTED_EDGE ( 'NONE', *, *, #4170, .T. ) ;
#8261 = CARTESIAN_POINT ( 'NONE',  ( 8.908230602241415497, 6.595770259307301764, 5.257011279829165495 ) ) ;
#8262 = DIRECTION ( 'NONE',  ( 0.0000000000000000000, 1.000000000000000000, 0.0000000000000000000 ) ) ;
#8263 = CARTESIAN_POINT ( 'NONE',  ( 5.799999999999999822, 4.650000000000010125, 8.800000000000000711 ) ) ;
#8264 = SURFACE_STYLE_USAGE ( .BOTH. , #913 ) ;
#8265 = CARTESIAN_POINT ( 'NONE',  ( 7.500000000000000000, 2.500000000000019540, 8.000000000000000000 ) ) ;
#8266 = CARTESIAN_POINT ( 'NONE',  ( -5.000000000000000000, 1.560000000000000275, 6.200000000000001066 ) ) ;
#8267 = DIRECTION ( 'NONE',  ( -0.3481553119113961481, -0.8703882797784894265, 0.3481553119113950934 ) ) ;
#8268 = ORIENTED_EDGE ( 'NONE', *, *, #3074, .T. ) ;
#8269 = AXIS2_PLACEMENT_3D ( 'NONE', #4426, #2914, #1994 ) ;
#8270 = DIRECTION ( 'NONE',  ( -1.000000000000000000, 0.0000000000000000000, 3.641714079092569968E-16 ) ) ;
#8271 = EDGE_LOOP ( 'NONE', ( #9697, #6466, #4065, #9928, #2163, #6462, #9810, #15 ) ) ;
#8272 = FACE_BOUND ( 'NONE', #7295, .T. ) ;
#8273 = MECHANICAL_DESIGN_GEOMETRIC_PRESENTATION_REPRESENTATION (  '', ( #2340 ), #3677 ) ;
#8274 = VERTEX_POINT ( 'NONE', #7480 ) ;
#8275 =( NAMED_UNIT ( * ) SI_UNIT ( $, .STERADIAN. ) SOLID_ANGLE_UNIT ( ) );
#8276 = LINE ( 'NONE', #6728, #781 ) ;
#8277 = ORIENTED_EDGE ( 'NONE', *, *, #5328, .F. ) ;
#8278 = VECTOR ( 'NONE', #4990, 1000.000000000000000 ) ;
#8279 = CARTESIAN_POINT ( 'NONE',  ( 8.977026237072346149, 6.335242407712963875, 5.690954293788235141 ) ) ;
#8280 =( LENGTH_UNIT ( ) NAMED_UNIT ( * ) SI_UNIT ( .MILLI., .METRE. ) );
#8281 = DIRECTION ( 'NONE',  ( 0.0000000000000000000, 0.0000000000000000000, 1.000000000000000000 ) ) ;
#8282 = ORIENTED_EDGE ( 'NONE', *, *, #2431, .F. ) ;
#8283 =( BOUNDED_CURVE ( )  B_SPLINE_CURVE ( 3, ( #9512, #3367, #1797, #2477 ),
 .UNSPECIFIED., .F., .T. ) 
 B_SPLINE_CURVE_WITH_KNOTS ( ( 4, 4 ),
 ( 4.782202150464466506, 5.075476764891790005 ),
 .UNSPECIFIED. ) 
 CURVE ( )  GEOMETRIC_REPRESENTATION_ITEM ( )  RATIONAL_B_SPLINE_CURVE ( ( 1.000000000000000000, 0.9928453341064031878, 0.9928453341064031878, 1.000000000000000000 ) ) 
 REPRESENTATION_ITEM ( '' )  );
#8284 = FACE_OUTER_BOUND ( 'NONE', #1613, .T. ) ;
#8285 =( NAMED_UNIT ( * ) PLANE_ANGLE_UNIT ( ) SI_UNIT ( $, .RADIAN. ) );
#8286 = LINE ( 'NONE', #1222, #5258 ) ;
#8287 = ORIENTED_EDGE ( 'NONE', *, *, #3940, .T. ) ;
#8288 = PLANE ( 'NONE',  #9364 ) ;
#8289 = EDGE_LOOP ( 'NONE', ( #3045, #8259, #8225, #4838 ) ) ;
#8290 = EDGE_CURVE ( 'NONE', #2761, #1668, #2921, .T. ) ;
#8291 = SURFACE_STYLE_USAGE ( .BOTH. , #6791 ) ;
#8292 = PLANE ( 'NONE',  #1405 ) ;
#8293 = CARTESIAN_POINT ( 'NONE',  ( 6.450000000000000178, 6.301461569844129862, 3.962967587499520050 ) ) ;
#8294 = EDGE_CURVE ( 'NONE', #3720, #8318, #3618, .T. ) ;
#8295 = FILL_AREA_STYLE ('',( #10040 ) ) ;
#8296 = CARTESIAN_POINT ( 'NONE',  ( 7.500000000000000000, 4.250000000000009770, 9.500000000000000000 ) ) ;
#8297 =( LENGTH_UNIT ( ) NAMED_UNIT ( * ) SI_UNIT ( .MILLI., .METRE. ) );
#8298 = DIRECTION ( 'NONE',  ( 0.0000000000000000000, 1.000000000000000000, 0.0000000000000000000 ) ) ;
#8299 = FACE_OUTER_BOUND ( 'NONE', #6032, .T. ) ;
#8300 = EDGE_LOOP ( 'NONE', ( #7900, #9674, #9447, #9007 ) ) ;
#8301 = ADVANCED_FACE ( 'NONE', ( #7658 ), #5983, .T. ) ;
#8302 = CARTESIAN_POINT ( 'NONE',  ( 10.00000000000000000, 7.450000000000000178, 6.200000000000001066 ) ) ;
#8303 = EDGE_CURVE ( 'NONE', #6247, #1713, #1323, .T. ) ;
#8304 = DIRECTION ( 'NONE',  ( 2.232180943352509796E-16, -1.000000000000000000, 0.0000000000000000000 ) ) ;
#8305 = CARTESIAN_POINT ( 'NONE',  ( 1.091769397758584503, 6.595770259307300876, 5.257011279829166384 ) ) ;
#8306 = B_SPLINE_CURVE_WITH_KNOTS ( 'NONE', 3,
 ( #8701, #8921, #9678, #2479, #79, #4815 ),
 .UNSPECIFIED., .F., .F.,
 ( 4, 2, 4 ),
 ( 0.0000000000000000000, 0.5443967235616410383, 1.000000000000000000 ),
 .UNSPECIFIED. ) ;
#8307 = CARTESIAN_POINT ( 'NONE',  ( 15.00000000000000000, 1.990236984239069917, 10.00000000000000000 ) ) ;
#8308 = DIRECTION ( 'NONE',  ( 3.641714079092569968E-16, 0.0000000000000000000, -1.000000000000000000 ) ) ;
#8309 = CARTESIAN_POINT ( 'NONE',  ( 6.023038840290179330, 6.143414083933709691, 5.701440280542519723 ) ) ;
#8310 = EDGE_LOOP ( 'NONE', ( #2757, #8327, #2884, #9546, #2894, #9423, #1072, #180 ) ) ;
#8311 = DIRECTION ( 'NONE',  ( 0.0000000000000000000, -1.000000000000000000, 0.0000000000000000000 ) ) ;
#8312 = DIRECTION ( 'NONE',  ( 3.641714079092569968E-16, 0.0000000000000000000, -1.000000000000000000 ) ) ;
#8313 = EDGE_CURVE ( 'NONE', #4435, #8354, #1274, .T. ) ;
#8314 = VERTEX_POINT ( 'NONE', #1368 ) ;
#8315 = CARTESIAN_POINT ( 'NONE',  ( 0.9313491852499899970, 3.850000000000010303, 9.236151811974499637 ) ) ;
#8316 = DIRECTION ( 'NONE',  ( -1.000000000000000000, 0.0000000000000000000, 0.0000000000000000000 ) ) ;
#8317 = VECTOR ( 'NONE', #1393, 1000.000000000000000 ) ;
#8318 = VERTEX_POINT ( 'NONE', #5937 ) ;
#8319 = CARTESIAN_POINT ( 'NONE',  ( 4.500000000000000888, 5.950000000000040146, 3.494824785299559977 ) ) ;
#8320 = PLANE ( 'NONE',  #9684 ) ;
#8321 = LINE ( 'NONE', #9867, #9805 ) ;
#8322 = LINE ( 'NONE', #8952, #7839 ) ;
#8323 = CYLINDRICAL_SURFACE ( 'NONE', #6925, 1.749999999999990230 ) ;
#8324 = DIRECTION ( 'NONE',  ( -1.000000000000000000, 0.0000000000000000000, 0.0000000000000000000 ) ) ;
#8325 = CARTESIAN_POINT ( 'NONE',  ( -4.750000000000000000, 7.750000000000000000, 1.017647187639860062E-14 ) ) ;
#8326 = SURFACE_SIDE_STYLE ('',( #5204 ) ) ;
#8327 = ORIENTED_EDGE ( 'NONE', *, *, #3401, .T. ) ;
#8329 = MECHANICAL_DESIGN_GEOMETRIC_PRESENTATION_REPRESENTATION (  '', ( #4403 ), #5223 ) ;
#8328 =( BOUNDED_CURVE ( )  B_SPLINE_CURVE ( 3, ( #1845, #5062, #6595, #2716 ),
 .UNSPECIFIED., .F., .T. ) 
 B_SPLINE_CURVE_WITH_KNOTS ( ( 4, 4 ),
 ( 1.640609496874674056, 1.933884111301983566 ),
 .UNSPECIFIED. ) 
 CURVE ( )  GEOMETRIC_REPRESENTATION_ITEM ( )  RATIONAL_B_SPLINE_CURVE ( ( 1.000000000000000000, 0.9928453341064039650, 0.9928453341064039650, 1.000000000000000000 ) ) 
 REPRESENTATION_ITEM ( '' )  );
#8330 = DIRECTION ( 'NONE',  ( 0.0000000000000000000, 0.0000000000000000000, 1.000000000000000000 ) ) ;
#8331 = DIRECTION ( 'NONE',  ( 0.0000000000000000000, -0.9975640502598243087, -0.06975647374412512203 ) ) ;
#8332 = ORIENTED_EDGE ( 'NONE', *, *, #777, .F. ) ;
#8333 = DIRECTION ( 'NONE',  ( 1.000000000000000000, 0.0000000000000000000, 0.0000000000000000000 ) ) ;
#8334 = CARTESIAN_POINT ( 'NONE',  ( 9.550000000000000711, 7.250000000000000000, 5.700000000000000178 ) ) ;
#8335 = CARTESIAN_POINT ( 'NONE',  ( -5.000000000000000000, 1.560000000000000275, -5.152643988049929647E-15 ) ) ;
#8336 = ORIENTED_EDGE ( 'NONE', *, *, #7432, .T. ) ;
#8337 = EDGE_CURVE ( 'NONE', #9646, #922, #1230, .T. ) ;
#8338 = CARTESIAN_POINT ( 'NONE',  ( 1.022973818583576833, 6.335261413134415598, 5.690949137293159765 ) ) ;
#8339 = ADVANCED_FACE ( 'NONE', ( #6842 ), #4434, .F. ) ;
#8340 = PLANE ( 'NONE',  #3658 ) ;
#8341 = UNCERTAINTY_MEASURE_WITH_UNIT (LENGTH_MEASURE( 1.000000000000000082E-05 ), #516, 'distance_accuracy_value', 'NONE');
#8342 = CARTESIAN_POINT ( 'NONE',  ( -3.549999999999999822, 6.370920840910899940, 3.569044486294639995 ) ) ;
#8343 = ADVANCED_FACE ( 'NONE', ( #3666 ), #2153, .T. ) ;
#8344 = VERTEX_POINT ( 'NONE', #5252 ) ;
#8345 = LINE ( 'NONE', #9158, #4205 ) ;
#8346 = MECHANICAL_DESIGN_GEOMETRIC_PRESENTATION_REPRESENTATION (  '', ( #3603 ), #8845 ) ;
#8347 = DIRECTION ( 'NONE',  ( 0.0000000000000000000, 0.0000000000000000000, -1.000000000000000000 ) ) ;
#8348 = SURFACE_STYLE_FILL_AREA ( #9842 ) ;
#8349 = ORIENTED_EDGE ( 'NONE', *, *, #1477, .F. ) ;
#8350 = LINE ( 'NONE', #7535, #1844 ) ;
#8351 = DIRECTION ( 'NONE',  ( -1.000000000000000000, 0.0000000000000000000, 0.0000000000000000000 ) ) ;
#8352 = CARTESIAN_POINT ( 'NONE',  ( 6.042075563605189714, 6.384681409738329982, 5.464040510342130119 ) ) ;
#8353 = ADVANCED_FACE ( 'NONE', ( #5887, #8382 ), #6792, .T. ) ;
#8354 = VERTEX_POINT ( 'NONE', #2092 ) ;
#8355 = CARTESIAN_POINT ( 'NONE',  ( 1.449999999999999956, 6.301461569844129862, 3.962967587499530264 ) ) ;
#8356 = AXIS2_PLACEMENT_3D ( 'NONE', #8572, #3906, #4729 ) ;
#8357 = ORIENTED_EDGE ( 'NONE', *, *, #7615, .F. ) ;
#8358 = EDGE_CURVE ( 'NONE', #3896, #1015, #7616, .T. ) ;
#8359 =( LENGTH_UNIT ( ) NAMED_UNIT ( * ) SI_UNIT ( .MILLI., .METRE. ) );
#8360 = CARTESIAN_POINT ( 'NONE',  ( 15.00000000000000000, 7.750000000000000000, 0.4500000000000000666 ) ) ;
#8361 =( LENGTH_UNIT ( ) NAMED_UNIT ( * ) SI_UNIT ( .MILLI., .METRE. ) );
#8362 = CARTESIAN_POINT ( 'NONE',  ( -1.092610859955442715, 3.850000000000010303, 9.500000000000042633 ) ) ;
#8363 = DIRECTION ( 'NONE',  ( 4.311199699514559827E-15, -1.000000000000000000, 0.0000000000000000000 ) ) ;
#8364 = DIRECTION ( 'NONE',  ( 0.0000000000000000000, 0.0000000000000000000, 1.000000000000000000 ) ) ;
#8365 = CARTESIAN_POINT ( 'NONE',  ( 6.450000000000000178, 6.370920840910899940, 3.569044486294639995 ) ) ;
#8366 = LINE ( 'NONE', #9181, #2960 ) ;
#8367 = MECHANICAL_DESIGN_GEOMETRIC_PRESENTATION_REPRESENTATION (  '', ( #2968 ), #5612 ) ;
#8368 = AXIS2_PLACEMENT_3D ( 'NONE', #1169, #5881, #2915 ) ;
#8369 = UNCERTAINTY_MEASURE_WITH_UNIT (LENGTH_MEASURE( 1.000000000000000082E-05 ), #3250, 'distance_accuracy_value', 'NONE');
#8370 = FACE_BOUND ( 'NONE', #102, .T. ) ;
#8371 = CARTESIAN_POINT ( 'NONE',  ( 9.100781059358210356, 4.650000000000010125, 8.800000000000000711 ) ) ;
#8372 = AXIS2_PLACEMENT_3D ( 'NONE', #919, #2693, #6631 ) ;
#8373 = PRODUCT_DEFINITION_FORMATION_WITH_SPECIFIED_SOURCE ( 'ANY', '', #3035, .NOT_KNOWN. ) ;
#8374 =( GEOMETRIC_REPRESENTATION_CONTEXT ( 3 ) GLOBAL_UNCERTAINTY_ASSIGNED_CONTEXT ( ( #2570 ) ) GLOBAL_UNIT_ASSIGNED_CONTEXT ( ( #5269, #5952, #6091 ) ) REPRESENTATION_CONTEXT ( 'NONE', 'WORKASPACE' ) );
#8375 = EDGE_CURVE ( 'NONE', #8652, #3381, #6655, .T. ) ;
#8376 = TOROIDAL_SURFACE ( 'NONE', #3632, 1.600000000000000089, 0.1000000000000000056 ) ;
#8377 = CARTESIAN_POINT ( 'NONE',  ( -2.500000000000000000, 9.550000000000029132, 1.349999999999999867 ) ) ;
#8378 = CARTESIAN_POINT ( 'NONE',  ( 6.041868568309951115, 4.650000000000009237, 9.481228347016090297 ) ) ;
#8379 = EDGE_LOOP ( 'NONE', ( #9846, #2561, #223, #9812 ) ) ;
#8380 =( NAMED_UNIT ( * ) SI_UNIT ( $, .STERADIAN. ) SOLID_ANGLE_UNIT ( ) );
#8381 = CARTESIAN_POINT ( 'NONE',  ( 0.5500000000000100364, 0.6224573519455459669, -7.728965982074889342E-15 ) ) ;
#8382 = FACE_OUTER_BOUND ( 'NONE', #1528, .T. ) ;
#8383 = VERTEX_POINT ( 'NONE', #4392 ) ;
#8384 = PRESENTATION_LAYER_ASSIGNMENT (  '', '', ( #4456 ) ) ;
#8385 = PRESENTATION_LAYER_ASSIGNMENT (  '', '', ( #1804 ) ) ;
#8386 = CARTESIAN_POINT ( 'NONE',  ( 4.500000000000000888, 6.301461569844129862, 3.962967587499520050 ) ) ;
#8387 = CARTESIAN_POINT ( 'NONE',  ( -3.856009966283758583, 4.650000000000010125, 9.500000000000010658 ) ) ;
#8388 = LINE ( 'NONE', #3577, #8254 ) ;
#8389 = ORIENTED_EDGE ( 'NONE', *, *, #3017, .T. ) ;
#8390 = CONICAL_SURFACE ( 'NONE', #3975, 0.2500000000000002220, 0.4636476084710116075 ) ;
#8391 = LINE ( 'NONE', #1376, #9762 ) ;
#8392 = AXIS2_PLACEMENT_3D ( 'NONE', #225, #179, #3406 ) ;
#8393 = CARTESIAN_POINT ( 'NONE',  ( 8.908230602241415497, 6.595770259307300876, 5.257011279829165495 ) ) ;
#8394 = LINE ( 'NONE', #6758, #6398 ) ;
#8395 = COLOUR_RGB ( '',0.2862745098039215508, 0.6431372549019607199, 0.8666666666666666963 ) ;
#8396 = COLOUR_RGB ( '',0.2862745098039215508, 0.6431372549019607199, 0.8666666666666666963 ) ;
#8397 = CARTESIAN_POINT ( 'NONE',  ( 7.500000000000000000, 4.250000000000009770, 8.800000000000000711 ) ) ;
#8398 = CARTESIAN_POINT ( 'NONE',  ( 1.109592952281649669, 6.616355096402059210, 5.194015168276943761 ) ) ;
#8399 = FACE_BOUND ( 'NONE', #6729, .T. ) ;
#8400 = CYLINDRICAL_SURFACE ( 'NONE', #10004, 1.400000000000000133 ) ;
#8401 =( NAMED_UNIT ( * ) PLANE_ANGLE_UNIT ( ) SI_UNIT ( $, .RADIAN. ) );
#8402 = ORIENTED_EDGE ( 'NONE', *, *, #8043, .T. ) ;
#8403 = ORIENTED_EDGE ( 'NONE', *, *, #8600, .F. ) ;
#8404 = PLANE ( 'NONE',  #10001 ) ;
#8405 = COLOUR_RGB ( '',0.2862745098039215508, 0.6431372549019607199, 0.8666666666666666963 ) ;
#8406 = EDGE_CURVE ( 'NONE', #6311, #5280, #6558, .T. ) ;
#8407 = TOROIDAL_SURFACE ( 'NONE', #1659, 1.413776159319739989, 0.2000000000000000111 ) ;
#8408 = ORIENTED_EDGE ( 'NONE', *, *, #2372, .F. ) ;
#8409 = ORIENTED_EDGE ( 'NONE', *, *, #5936, .T. ) ;
#8410 = EDGE_CURVE ( 'NONE', #6417, #6453, #9061, .T. ) ;
#8411 = ORIENTED_EDGE ( 'NONE', *, *, #6722, .F. ) ;
#8412 = LINE ( 'NONE', #6007, #3170 ) ;
#8413 = VECTOR ( 'NONE', #7472, 1000.000000000000000 ) ;
#8414 = ORIENTED_EDGE ( 'NONE', *, *, #9148, .T. ) ;
#8415 = CARTESIAN_POINT ( 'NONE',  ( -1.075900883378423156, 6.560463200155847829, 5.313097438219579693 ) ) ;
#8416 = DIRECTION ( 'NONE',  ( 0.0000000000000000000, -0.1736481776669300259, 0.9848077530122081313 ) ) ;
#8417 = CARTESIAN_POINT ( 'NONE',  ( 3.958155913534197712, 6.384612859888997960, 5.465433459372714964 ) ) ;
#8418 = EDGE_CURVE ( 'NONE', #2251, #321, #4689, .T. ) ;
#8419 = CARTESIAN_POINT ( 'NONE',  ( 3.942782050534640259, 6.518894125887869428, 5.379130966345927689 ) ) ;
#8420 = ADVANCED_FACE ( 'NONE', ( #9338 ), #5554, .F. ) ;
#8421 = DIRECTION ( 'NONE',  ( 1.000000000000000000, 0.0000000000000000000, -5.152643988049919983E-16 ) ) ;
#8422 = FACE_OUTER_BOUND ( 'NONE', #3090, .T. ) ;
#8423 = VECTOR ( 'NONE', #3587, 1000.000000000000000 ) ;
#8424 = CARTESIAN_POINT ( 'NONE',  ( 15.00000000000000000, 7.750000000000000000, 0.0000000000000000000 ) ) ;
#8425 = UNCERTAINTY_MEASURE_WITH_UNIT (LENGTH_MEASURE( 1.000000000000000082E-05 ), #7823, 'distance_accuracy_value', 'NONE');
#8426 = CARTESIAN_POINT ( 'NONE',  ( -4.450000000000000178, 1.877542648054139951, -5.152643988049929647E-15 ) ) ;
#8427 =( LENGTH_UNIT ( ) NAMED_UNIT ( * ) SI_UNIT ( .MILLI., .METRE. ) );
#8428 = SURFACE_SIDE_STYLE ('',( #7609 ) ) ;
#8429 = CIRCLE ( 'NONE', #5316, 0.2000000000000005107 ) ;
#8430 = ORIENTED_EDGE ( 'NONE', *, *, #9687, .T. ) ;
#8431 = LINE ( 'NONE', #1364, #1146 ) ;
#8432 = VERTEX_POINT ( 'NONE', #1619 ) ;
#8433 = CARTESIAN_POINT ( 'NONE',  ( 6.450000000000000178, 6.301461569844129862, 3.962967587499520050 ) ) ;
#8434 = FILL_AREA_STYLE ('',( #1459 ) ) ;
#8435 = DIRECTION ( 'NONE',  ( 0.2716300227878299944, -0.06713375248915300075, 0.9600573889080840084 ) ) ;
#8436 = ORIENTED_EDGE ( 'NONE', *, *, #3678, .T. ) ;
#8437 = AXIS2_PLACEMENT_3D ( 'NONE', #7952, #2642, #1078 ) ;
#8438 = FACE_OUTER_BOUND ( 'NONE', #4509, .T. ) ;
#8439 = PRESENTATION_STYLE_ASSIGNMENT (( #431 ) ) ;
#8440 = DIRECTION ( 'NONE',  ( 0.0000000000000000000, 0.0000000000000000000, 1.000000000000000000 ) ) ;
#8441 = CARTESIAN_POINT ( 'NONE',  ( -2.500000000000000000, 4.250000000000009770, 8.000000000000010658 ) ) ;
#8442 = ORIENTED_EDGE ( 'NONE', *, *, #4223, .F. ) ;
#8443 = VECTOR ( 'NONE', #4370, 1000.000000000000000 ) ;
#8444 = CARTESIAN_POINT ( 'NONE',  ( 5.965151515151520201, 5.962121212121219926, 5.184848484848489925 ) ) ;
#8445 = DIRECTION ( 'NONE',  ( -1.000000000000000000, -5.580452358381269806E-16, 0.0000000000000000000 ) ) ;
#8446 = CARTESIAN_POINT ( 'NONE',  ( 5.450000000000009948, 6.250000000000031086, 5.799999999999999822 ) ) ;
#8447 = PRESENTATION_STYLE_ASSIGNMENT (( #9260 ) ) ;
#8448 = VECTOR ( 'NONE', #6664, 1000.000000000000000 ) ;
#8449 = CARTESIAN_POINT ( 'NONE',  ( 5.450000000000009948, 7.250000000000000000, 5.700000000000000178 ) ) ;
#8450 = UNCERTAINTY_MEASURE_WITH_UNIT (LENGTH_MEASURE( 1.000000000000000082E-05 ), #4388, 'distance_accuracy_value', 'NONE');
#8451 = ORIENTED_EDGE ( 'NONE', *, *, #513, .F. ) ;
#8452 = DIRECTION ( 'NONE',  ( 0.0000000000000000000, -0.9848077530122081313, -0.1736481776669300259 ) ) ;
#8453 = AXIS2_PLACEMENT_3D ( 'NONE', #6272, #4736, #9245 ) ;
#8454 = ORIENTED_EDGE ( 'NONE', *, *, #3944, .T. ) ;
#8455 = ORIENTED_EDGE ( 'NONE', *, *, #5862, .F. ) ;
#8456 = PLANE ( 'NONE',  #9224 ) ;
#8457 = EDGE_CURVE ( 'NONE', #7181, #10132, #7041, .T. ) ;
#8458 = VERTEX_POINT ( 'NONE', #5506 ) ;
#8459 = DIRECTION ( 'NONE',  ( 0.2722442098535290400, 0.0000000000000000000, -0.9622281902964742173 ) ) ;
#8460 = ORIENTED_EDGE ( 'NONE', *, *, #6277, .F. ) ;
#8461 = DIRECTION ( 'NONE',  ( 1.000000000000000000, 0.0000000000000000000, 0.0000000000000000000 ) ) ;
#8462 = EDGE_CURVE ( 'NONE', #8502, #4017, #8631, .T. ) ;
#8463 = DIRECTION ( 'NONE',  ( -1.000000000000000000, 0.0000000000000000000, 0.0000000000000000000 ) ) ;
#8464 = LINE ( 'NONE', #1441, #9342 ) ;
#8465 = FILL_AREA_STYLE ('',( #5344 ) ) ;
#8466 = DIRECTION ( 'NONE',  ( 1.000000000000000000, 0.0000000000000000000, 0.0000000000000000000 ) ) ;
#8467 = ADVANCED_FACE ( 'NONE', ( #2297 ), #6329, .T. ) ;
#8468 = SURFACE_STYLE_USAGE ( .BOTH. , #4630 ) ;
#8469 = ADVANCED_FACE ( 'NONE', ( #3972 ), #3028, .T. ) ;
#8470 = FILL_AREA_STYLE_COLOUR ( '', #4663 ) ;
#8471 = CARTESIAN_POINT ( 'NONE',  ( 0.0000000000000000000, 0.9399999999999999467, -7.728965982074889342E-15 ) ) ;
#8472 = EDGE_LOOP ( 'NONE', ( #10103, #67, #2838, #7013 ) ) ;
#8473 = CARTESIAN_POINT ( 'NONE',  ( 8.550000000000000711, 5.950000000000040146, 3.494824785299559977 ) ) ;
#8474 = EDGE_CURVE ( 'NONE', #7500, #10079, #803, .T. ) ;
#8475 = ORIENTED_EDGE ( 'NONE', *, *, #9880, .F. ) ;
#8476 = CARTESIAN_POINT ( 'NONE',  ( -2.500000000000000000, 4.250000000000031086, -5.204170427930419706E-15 ) ) ;
#8477 = VERTEX_POINT ( 'NONE', #8527 ) ;
#8478 = CARTESIAN_POINT ( 'NONE',  ( -3.549999999999999822, 5.950000000000040146, 3.291739462922410375 ) ) ;
#8479 = EDGE_LOOP ( 'NONE', ( #2416, #1519, #7668, #5213 ) ) ;
#8480 = PRESENTATION_STYLE_ASSIGNMENT (( #9831 ) ) ;
#8481 = CARTESIAN_POINT ( 'NONE',  ( 6.450000000000000178, 5.950000000000040146, 3.291739462922410375 ) ) ;
#8482 = EDGE_CURVE ( 'NONE', #6542, #1699, #1460, .T. ) ;
#8483 = CIRCLE ( 'NONE', #897, 1.400000000000000133 ) ;
#8484 = ADVANCED_FACE ( 'NONE', ( #9446 ), #6991, .F. ) ;
#8485 = CARTESIAN_POINT ( 'NONE',  ( 7.500000000000000000, 4.250000000000031086, -3.850000000000000089 ) ) ;
#8486 = CARTESIAN_POINT ( 'NONE',  ( 5.899218940641789644, 3.850000000000010303, 8.800000000000000711 ) ) ;
#8487 = LINE ( 'NONE', #2162, #5842 ) ;
#8488 = PRESENTATION_STYLE_ASSIGNMENT (( #4372 ) ) ;
#8489 = EDGE_LOOP ( 'NONE', ( #5673, #3558, #1729, #8454 ) ) ;
#8490 = SURFACE_STYLE_USAGE ( .BOTH. , #1530 ) ;
#8491 =( NAMED_UNIT ( * ) PLANE_ANGLE_UNIT ( ) SI_UNIT ( $, .RADIAN. ) );
#8492 = FILL_AREA_STYLE ('',( #5565 ) ) ;
#8493 = PRESENTATION_LAYER_ASSIGNMENT (  '', '', ( #2739 ) ) ;
#8494 = CARTESIAN_POINT ( 'NONE',  ( 10.00000000000000000, 4.900000000000000355, 3.275000000000000355 ) ) ;
#8495 = CARTESIAN_POINT ( 'NONE',  ( 3.958155913534195935, 6.384612859889001513, 5.465433459372714076 ) ) ;
#8496 = CARTESIAN_POINT ( 'NONE',  ( -0.2500000000000000000, 7.750000000000000000, -8.158352981079100370E-16 ) ) ;
#8497 = AXIS2_PLACEMENT_3D ( 'NONE', #9652, #6328, #3288 ) ;
#8498 = ORIENTED_EDGE ( 'NONE', *, *, #768, .T. ) ;
#8499 = LINE ( 'NONE', #655, #1941 ) ;
#8500 = EDGE_CURVE ( 'NONE', #5075, #4019, #8580, .T. ) ;
#8501 = VERTEX_POINT ( 'NONE', #6276 ) ;
#8502 = VERTEX_POINT ( 'NONE', #9396 ) ;
#8503 = VECTOR ( 'NONE', #7817, 1000.000000000000000 ) ;
#8504 = CARTESIAN_POINT ( 'NONE',  ( -1.446052745852149934, 6.900000000000019895, 4.004821471746000228 ) ) ;
#8505 = ORIENTED_EDGE ( 'NONE', *, *, #2004, .F. ) ;
#8506 = LINE ( 'NONE', #5435, #5985 ) ;
#8507 = ORIENTED_EDGE ( 'NONE', *, *, #8500, .T. ) ;
#8508 = FILL_AREA_STYLE ('',( #558 ) ) ;
#8509 = FACE_OUTER_BOUND ( 'NONE', #4371, .T. ) ;
#8510 = MECHANICAL_DESIGN_GEOMETRIC_PRESENTATION_REPRESENTATION (  '', ( #4584 ), #7541 ) ;
#8511 = LINE ( 'NONE', #6199, #9180 ) ;
#8512 = EDGE_LOOP ( 'NONE', ( #8119, #2071 ) ) ;
#8513 = DIRECTION ( 'NONE',  ( -1.000000000000000000, 0.0000000000000000000, 0.0000000000000000000 ) ) ;
#8514 = EDGE_CURVE ( 'NONE', #8559, #5981, #2299, .T. ) ;
#8515 = VECTOR ( 'NONE', #9171, 1000.000000000000000 ) ;
#8516 = ADVANCED_FACE ( 'NONE', ( #7307 ), #7669, .T. ) ;
#8517 = CARTESIAN_POINT ( 'NONE',  ( -2.500000000000000000, 9.550000000000029132, 4.150000000000000355 ) ) ;
#8518 = LINE ( 'NONE', #2287, #7377 ) ;
#8519 =( LENGTH_UNIT ( ) NAMED_UNIT ( * ) SI_UNIT ( .MILLI., .METRE. ) );
#8520 = CARTESIAN_POINT ( 'NONE',  ( 2.500000000000000000, 4.250000000000009770, 8.800000000000009592 ) ) ;
#8521 = ORIENTED_EDGE ( 'NONE', *, *, #7084, .F. ) ;
#8522 = DIRECTION ( 'NONE',  ( 0.0000000000000000000, -1.000000000000000000, 0.0000000000000000000 ) ) ;
#8523 = ORIENTED_EDGE ( 'NONE', *, *, #5626, .F. ) ;
#8524 = CARTESIAN_POINT ( 'NONE',  ( 2.500000000000000000, 4.250000000000009770, 9.500000000000000000 ) ) ;
#8525 = CIRCLE ( 'NONE', #4936, 0.5000000000000004441 ) ;
#8526 = ORIENTED_EDGE ( 'NONE', *, *, #92, .F. ) ;
#8527 = CARTESIAN_POINT ( 'NONE',  ( 2.500000000000000000, 5.950000000000040146, 4.150000000000000355 ) ) ;
#8528 = ORIENTED_EDGE ( 'NONE', *, *, #1341, .F. ) ;
#8529 = CIRCLE ( 'NONE', #4117, 1.649999999999999467 ) ;
#8530 = EDGE_CURVE ( 'NONE', #3082, #6726, #5130, .T. ) ;
#8531 = CARTESIAN_POINT ( 'NONE',  ( 6.075900883378422712, 6.560463200155849606, 5.313097438219570812 ) ) ;
#8532 = STYLED_ITEM ( 'NONE', ( #2065 ), #4082 ) ;
#8533 = DIRECTION ( 'NONE',  ( 0.0000000000000000000, -3.675221047034999628E-15, 1.000000000000000000 ) ) ;
#8534 = STYLED_ITEM ( 'NONE', ( #5597 ), #2699 ) ;
#8535 = DIRECTION ( 'NONE',  ( 1.000000000000000000, 0.0000000000000000000, 0.0000000000000000000 ) ) ;
#8536 = FACE_OUTER_BOUND ( 'NONE', #3073, .T. ) ;
#8537 = FILL_AREA_STYLE_COLOUR ( '', #8607 ) ;
#8538 = DIRECTION ( 'NONE',  ( 0.0000000000000000000, -1.000000000000000000, 0.0000000000000000000 ) ) ;
#8539 = ORIENTED_EDGE ( 'NONE', *, *, #8036, .T. ) ;
#8540 = DIRECTION ( 'NONE',  ( 0.0000000000000000000, 0.0000000000000000000, 1.000000000000000000 ) ) ;
#8541 = CIRCLE ( 'NONE', #7721, 1.613267899285889984 ) ;
#8542 =( NAMED_UNIT ( * ) PLANE_ANGLE_UNIT ( ) SI_UNIT ( $, .RADIAN. ) );
#8543 = AXIS2_PLACEMENT_3D ( 'NONE', #2252, #6999, #7718 ) ;
#8544 = ADVANCED_FACE ( 'NONE', ( #935 ), #9601, .T. ) ;
#8545 = VECTOR ( 'NONE', #8919, 1000.000000000000000 ) ;
#8546 = EDGE_CURVE ( 'NONE', #7147, #7497, #301, .T. ) ;
#8547 = PLANE ( 'NONE',  #4139 ) ;
#8548 = FACE_OUTER_BOUND ( 'NONE', #8882, .T. ) ;
#8549 = VECTOR ( 'NONE', #3141, 1000.000000000000000 ) ;
#8550 = DIRECTION ( 'NONE',  ( 0.0000000000000000000, 0.0000000000000000000, 1.000000000000000000 ) ) ;
#8551 = VECTOR ( 'NONE', #6744, 1000.000000000000227 ) ;
#8552 = UNCERTAINTY_MEASURE_WITH_UNIT (LENGTH_MEASURE( 1.000000000000000082E-05 ), #4823, 'distance_accuracy_value', 'NONE');
#8553 = CARTESIAN_POINT ( 'NONE',  ( 4.062892611435065859, 3.850000000000010303, 9.314249409999250773 ) ) ;
#8554 = ORIENTED_EDGE ( 'NONE', *, *, #1491, .F. ) ;
#8555 = EDGE_LOOP ( 'NONE', ( #4635, #4194 ) ) ;
#8556 = APPLICATION_PROTOCOL_DEFINITION ( 'draft international standard', 'automotive_design', 1998, #5054 ) ;
#8557 = DIRECTION ( 'NONE',  ( -0.3481553119113969808, -0.8703882797784889824, -0.3481553119113949823 ) ) ;
#8558 = ORIENTED_EDGE ( 'NONE', *, *, #695, .F. ) ;
#8559 = VERTEX_POINT ( 'NONE', #264 ) ;
#8560 = CIRCLE ( 'NONE', #3150, 1.700000000000000178 ) ;
#8561 = CIRCLE ( 'NONE', #4974, 0.09999999999999939493 ) ;
#8562 = CIRCLE ( 'NONE', #4156, 1.400000000000000133 ) ;
#8563 = DIRECTION ( 'NONE',  ( 1.000000000000000000, 2.232180943352509796E-16, 0.0000000000000000000 ) ) ;
#8564 = ORIENTED_EDGE ( 'NONE', *, *, #8795, .F. ) ;
#8565 = CARTESIAN_POINT ( 'NONE',  ( 1.091470100434434709, 6.803742317568939768, 5.258069125366936269 ) ) ;
#8566 = CARTESIAN_POINT ( 'NONE',  ( 0.4500000000000000666, 7.250000000000000000, 0.6500000000000010214 ) ) ;
#8567 = CARTESIAN_POINT ( 'NONE',  ( -0.9371073885687785099, 4.650000000000010125, 9.314249409997589879 ) ) ;
#8568 = ORIENTED_EDGE ( 'NONE', *, *, #9671, .T. ) ;
#8569 = CARTESIAN_POINT ( 'NONE',  ( 2.500000000000000000, 4.250000000000009770, 9.500000000000010658 ) ) ;
#8570 = AXIS2_PLACEMENT_3D ( 'NONE', #10006, #2956, #9272 ) ;
#8571 = PLANE ( 'NONE',  #4639 ) ;
#8572 = CARTESIAN_POINT ( 'NONE',  ( 2.576979650206510097, 6.669166114049719596, 5.694239332014509714 ) ) ;
#8573 = CARTESIAN_POINT ( 'NONE',  ( 4.100781059358210356, 4.650000000000010125, 8.800000000000000711 ) ) ;
#8574 = DIRECTION ( 'NONE',  ( 0.0000000000000000000, 0.0000000000000000000, -1.000000000000000000 ) ) ;
#8575 = VERTEX_POINT ( 'NONE', #5711 ) ;
#8576 = VECTOR ( 'NONE', #3567, 1000.000000000000000 ) ;
#8577 = CARTESIAN_POINT ( 'NONE',  ( -0.8000000000000000444, 3.850000000000010303, 8.800000000000009592 ) ) ;
#8578 = ORIENTED_EDGE ( 'NONE', *, *, #6291, .T. ) ;
#8579 = CARTESIAN_POINT ( 'NONE',  ( 6.051396625904825299, 6.749929893836729811, 5.399706028852467199 ) ) ;
#8580 = LINE ( 'NONE', #10185, #8549 ) ;
#8581 = ORIENTED_EDGE ( 'NONE', *, *, #1547, .T. ) ;
#8582 = VECTOR ( 'NONE', #8166, 1000.000000000000000 ) ;
#8583 = CARTESIAN_POINT ( 'NONE',  ( 9.005306635626549649, 6.250000000000079936, 5.631641418841220492 ) ) ;
#8584 = CARTESIAN_POINT ( 'NONE',  ( 0.9371073885686268534, 3.850000000000009415, 9.314249409997653828 ) ) ;
#8585 = ADVANCED_FACE ( 'NONE', ( #2454 ), #5827, .T. ) ;
#8586 = DIRECTION ( 'NONE',  ( 0.0000000000000000000, 0.0000000000000000000, 1.000000000000000000 ) ) ;
#8587 = CARTESIAN_POINT ( 'NONE',  ( 0.4500000000000000666, 6.250000000000031086, 0.6500000000000260014 ) ) ;
#8588 = ORIENTED_EDGE ( 'NONE', *, *, #3482, .T. ) ;
#8589 = DIRECTION ( 'NONE',  ( 0.0000000000000000000, 0.0000000000000000000, 1.000000000000000000 ) ) ;
#8590 = ADVANCED_FACE ( 'NONE', ( #2864 ), #2908, .T. ) ;
#8591 = CARTESIAN_POINT ( 'NONE',  ( -3.549999999999999822, 5.950000000000040146, 3.494824785299559977 ) ) ;
#8592 = MECHANICAL_DESIGN_GEOMETRIC_PRESENTATION_REPRESENTATION (  '', ( #25 ), #5828 ) ;
#8593 = FILL_AREA_STYLE_COLOUR ( '', #1463 ) ;
#8594 = CARTESIAN_POINT ( 'NONE',  ( 8.924099116621576400, 6.560463200155850494, 5.313097438219570812 ) ) ;
#8595 = VERTEX_POINT ( 'NONE', #1310 ) ;
#8596 = CARTESIAN_POINT ( 'NONE',  ( 0.9657076557542596529, 4.650000000000010125, 9.413932751394359144 ) ) ;
#8597 = CARTESIAN_POINT ( 'NONE',  ( 8.976962475704029387, 6.379043491581979808, 5.701173905684820298 ) ) ;
#8598 = VECTOR ( 'NONE', #1694, 1000.000000000000000 ) ;
#8599 = ADVANCED_FACE ( 'NONE', ( #2039 ), #9768, .T. ) ;
#8600 = EDGE_CURVE ( 'NONE', #9054, #2115, #8366, .T. ) ;
#8601 = ORIENTED_EDGE ( 'NONE', *, *, #9881, .T. ) ;
#8602 = ORIENTED_EDGE ( 'NONE', *, *, #4743, .T. ) ;
#8603 = CONTEXT_DEPENDENT_SHAPE_REPRESENTATION ( #6090, #8855 ) ;
#8604 = DIRECTION ( 'NONE',  ( -1.000000000000000000, 0.0000000000000000000, 0.0000000000000000000 ) ) ;
#8605 = ORIENTED_EDGE ( 'NONE', *, *, #7628, .T. ) ;
#8606 = ORIENTED_EDGE ( 'NONE', *, *, #1654, .F. ) ;
#8607 = COLOUR_RGB ( '',0.2862745098039215508, 0.6431372549019607199, 0.8666666666666666963 ) ;
#8608 = DIRECTION ( 'NONE',  ( -0.9284766908852591927, 0.3713906763541040545, 1.594703279778140325E-16 ) ) ;
#8609 = ORIENTED_EDGE ( 'NONE', *, *, #3641, .F. ) ;
#8610 = CARTESIAN_POINT ( 'NONE',  ( -3.924099116621577288, 6.782835288287566655, 5.313097438219579693 ) ) ;
#8611 = ORIENTED_EDGE ( 'NONE', *, *, #9329, .F. ) ;
#8612 = EDGE_CURVE ( 'NONE', #4019, #4817, #415, .T. ) ;
#8613 = DIRECTION ( 'NONE',  ( 0.0000000000000000000, -3.675221047034999628E-15, 1.000000000000000000 ) ) ;
#8614 = CIRCLE ( 'NONE', #5507, 1.413776159319739989 ) ;
#8615 = FILL_AREA_STYLE_COLOUR ( '', #9028 ) ;
#8616 = DIRECTION ( 'NONE',  ( 0.0000000000000000000, -1.000000000000000000, 0.0000000000000000000 ) ) ;
#8617 =( LENGTH_UNIT ( ) NAMED_UNIT ( * ) SI_UNIT ( .MILLI., .METRE. ) );
#8618 = ORIENTED_EDGE ( 'NONE', *, *, #130, .F. ) ;
#8619 = CARTESIAN_POINT ( 'NONE',  ( 0.5500000000000000444, 1.877542648054139951, 6.200000000000001066 ) ) ;
#8620 = LINE ( 'NONE', #6576, #6768 ) ;
#8621 = DIRECTION ( 'NONE',  ( 0.0000000000000000000, 0.0000000000000000000, -1.000000000000000000 ) ) ;
#8622 = CARTESIAN_POINT ( 'NONE',  ( 8.976121095031208696, 6.379292657753694584, 5.607444991927494016 ) ) ;
#8623 = ORIENTED_EDGE ( 'NONE', *, *, #7602, .T. ) ;
#8624 = DIRECTION ( 'NONE',  ( -1.000000000000000000, 0.0000000000000000000, 0.0000000000000000000 ) ) ;
#8625 = ORIENTED_EDGE ( 'NONE', *, *, #5742, .F. ) ;
#8626 = CARTESIAN_POINT ( 'NONE',  ( 1.446052745852149934, 6.900000000000019895, 4.004821471746000228 ) ) ;
#8627 = ADVANCED_FACE ( 'NONE', ( #6690 ), #1099, .F. ) ;
#8628 = ORIENTED_EDGE ( 'NONE', *, *, #3330, .F. ) ;
#8629 = LINE ( 'NONE', #2296, #1260 ) ;
#8630 = EDGE_CURVE ( 'NONE', #9860, #8501, #7468, .T. ) ;
#8631 = LINE ( 'NONE', #3916, #3129 ) ;
#8632 = ORIENTED_EDGE ( 'NONE', *, *, #2801, .F. ) ;
#8633 = FACE_OUTER_BOUND ( 'NONE', #10110, .T. ) ;
#8634 = ADVANCED_FACE ( 'NONE', ( #9814 ), #8323, .F. ) ;
#8635 = DIRECTION ( 'NONE',  ( 0.0000000000000000000, 0.0000000000000000000, 1.000000000000000000 ) ) ;
#8636 = PLANE ( 'NONE',  #1478 ) ;
#8637 = DIRECTION ( 'NONE',  ( 0.0000000000000000000, 0.0000000000000000000, 1.000000000000000000 ) ) ;
#8638 = ORIENTED_EDGE ( 'NONE', *, *, #777, .T. ) ;
#8639 = FACE_OUTER_BOUND ( 'NONE', #7787, .T. ) ;
#8640 = DIRECTION ( 'NONE',  ( 0.0000000000000000000, 0.0000000000000000000, -1.000000000000000000 ) ) ;
#8641 = DIRECTION ( 'NONE',  ( -0.8660254037844380415, 0.5000000000000009992, 0.0000000000000000000 ) ) ;
#8642 = EDGE_CURVE ( 'NONE', #6486, #3133, #8067, .T. ) ;
#8643 = VECTOR ( 'NONE', #4364, 1000.000000000000000 ) ;
#8644 = CARTESIAN_POINT ( 'NONE',  ( 8.976897412858470204, 6.379062759268808946, 5.679065083712689699 ) ) ;
#8645 = CARTESIAN_POINT ( 'NONE',  ( 10.00000000000000000, 7.150000000000000355, 6.500000000000000888 ) ) ;
#8646 = EDGE_CURVE ( 'NONE', #9515, #6686, #7853, .T. ) ;
#8647 = CARTESIAN_POINT ( 'NONE',  ( 8.970471856080228790, 6.144996693392779541, 5.536046900691029116 ) ) ;
#8648 = SURFACE_STYLE_USAGE ( .BOTH. , #7831 ) ;
#8649 = ORIENTED_EDGE ( 'NONE', *, *, #4557, .T. ) ;
#8650 = LINE ( 'NONE', #809, #619 ) ;
#8651 = DIRECTION ( 'NONE',  ( 0.0000000000000000000, 1.000000000000000000, 0.0000000000000000000 ) ) ;
#8652 = VERTEX_POINT ( 'NONE', #3015 ) ;
#8653 = ORIENTED_EDGE ( 'NONE', *, *, #5480, .F. ) ;
#8654 = B_SPLINE_CURVE_WITH_KNOTS ( 'NONE', 3,
 ( #8553, #1429, #653, #10102, #3048, #5474 ),
 .UNSPECIFIED., .F., .F.,
 ( 4, 2, 4 ),
 ( 4.718519602784598213E-16, 0.0001520665957078357251, 0.0003041331914151996054 ),
 .UNSPECIFIED. ) ;
#8655 = EDGE_CURVE ( 'NONE', #5415, #1973, #10120, .T. ) ;
#8656 = FACE_OUTER_BOUND ( 'NONE', #7142, .T. ) ;
#8657 = LINE ( 'NONE', #5538, #1353 ) ;
#8658 = ORIENTED_EDGE ( 'NONE', *, *, #580, .F. ) ;
#8659 = DIRECTION ( 'NONE',  ( 0.0000000000000000000, -3.675221047034999628E-15, 1.000000000000000000 ) ) ;
#8660 = CARTESIAN_POINT ( 'NONE',  ( 9.550000000000000711, 2.200000000000000178, 5.700000000000000178 ) ) ;
#8661 = ORIENTED_EDGE ( 'NONE', *, *, #421, .F. ) ;
#8662 = AXIS2_PLACEMENT_3D ( 'NONE', #8296, #9983, #1182 ) ;
#8663 = ORIENTED_EDGE ( 'NONE', *, *, #3545, .F. ) ;
#8664 = LINE ( 'NONE', #1709, #4972 ) ;
#8665 = EDGE_CURVE ( 'NONE', #5403, #4325, #3735, .T. ) ;
#8666 = EDGE_CURVE ( 'NONE', #7867, #1591, #3981, .T. ) ;
#8667 = CARTESIAN_POINT ( 'NONE',  ( 3.976897247608214503, 6.379062758811953060, 5.679065084669054464 ) ) ;
#8668 = FACE_OUTER_BOUND ( 'NONE', #7582, .T. ) ;
#8669 = CARTESIAN_POINT ( 'NONE',  ( 8.976897247608212282, 6.379062758812451328, 5.679065084668919461 ) ) ;
#8670 = ORIENTED_EDGE ( 'NONE', *, *, #1915, .F. ) ;
#8671 = CARTESIAN_POINT ( 'NONE',  ( 5.965552395399905450, 3.850000000000007638, 9.413837825582261232 ) ) ;
#8672 = ORIENTED_EDGE ( 'NONE', *, *, #6335, .F. ) ;
#8673 = DIRECTION ( 'NONE',  ( 0.0000000000000000000, 0.0000000000000000000, -1.000000000000000000 ) ) ;
#8674 = EDGE_LOOP ( 'NONE', ( #2197, #8808, #9997, #3419 ) ) ;
#8675 = CARTESIAN_POINT ( 'NONE',  ( 6.448683386022369568, 6.900595781960301878, 3.995523657362071823 ) ) ;
#8676 = DIRECTION ( 'NONE',  ( 0.0000000000000000000, 0.0000000000000000000, -1.000000000000000000 ) ) ;
#8677 = VERTEX_POINT ( 'NONE', #3956 ) ;
#8678 = CIRCLE ( 'NONE', #7213, 0.5000000000000004441 ) ;
#8679 = PLANE ( 'NONE',  #9890 ) ;
#8680 = DIRECTION ( 'NONE',  ( 0.0000000000000000000, 1.000000000000000000, 0.0000000000000000000 ) ) ;
#8681 = EDGE_CURVE ( 'NONE', #6811, #9957, #2964, .T. ) ;
#8682 = PRODUCT_RELATED_PRODUCT_CATEGORY ( 'part', '', ( #3035 ) ) ;
#8683 = DIRECTION ( 'NONE',  ( 0.0000000000000000000, 0.0000000000000000000, -1.000000000000000000 ) ) ;
#8684 = CIRCLE ( 'NONE', #8209, 1.749999999999989342 ) ;
#8685 = CARTESIAN_POINT ( 'NONE',  ( 7.500000000000000000, 6.250000000000031086, 2.750000000000000000 ) ) ;
#8686 = PLANE ( 'NONE',  #1692 ) ;
#8687 = DIRECTION ( 'NONE',  ( 0.0000000000000000000, 0.0000000000000000000, 1.000000000000000000 ) ) ;
#8688 = VERTEX_POINT ( 'NONE', #5493 ) ;
#8689 = CARTESIAN_POINT ( 'NONE',  ( 15.00000000000000000, 1.990236984239069917, 9.700000000000001066 ) ) ;
#8690 = LINE ( 'NONE', #4649, #2734 ) ;
#8691 = VECTOR ( 'NONE', #1334, 1000.000000000000000 ) ;
#8692 = ADVANCED_FACE ( 'NONE', ( #8422 ), #1357, .T. ) ;
#8693 = CIRCLE ( 'NONE', #289, 1.613267899285889984 ) ;
#8694 = VECTOR ( 'NONE', #5153, 1000.000000000000000 ) ;
#8695 = DIRECTION ( 'NONE',  ( -1.000000000000000000, 0.0000000000000000000, 0.0000000000000000000 ) ) ;
#8696 = CARTESIAN_POINT ( 'NONE',  ( 7.500000000000000000, 4.250000000000009770, 8.800000000000000711 ) ) ;
#8697 = UNCERTAINTY_MEASURE_WITH_UNIT (LENGTH_MEASURE( 1.000000000000000082E-05 ), #8361, 'distance_accuracy_value', 'NONE');
#8698 = DIRECTION ( 'NONE',  ( -1.000000000000000000, 0.0000000000000000000, 3.641714079092569968E-16 ) ) ;
#8699 = CARTESIAN_POINT ( 'NONE',  ( -1.013368582924567773, 6.290959454332277545, 5.697427312480218831 ) ) ;
#8700 = CIRCLE ( 'NONE', #8887, 1.599999999999999867 ) ;
#8701 = CARTESIAN_POINT ( 'NONE',  ( 4.100781059358210356, 3.850000000000010303, 8.800000000000000711 ) ) ;
#8702 = ORIENTED_EDGE ( 'NONE', *, *, #9854, .F. ) ;
#8703 = ORIENTED_EDGE ( 'NONE', *, *, #8182, .F. ) ;
#8704 = AXIS2_PLACEMENT_3D ( 'NONE', #8194, #9734, #1060 ) ;
#8705 = PRESENTATION_LAYER_ASSIGNMENT (  '', '', ( #7242 ) ) ;
#8706 = DIRECTION ( 'NONE',  ( -0.2716300227878299944, 0.06713375248915300075, -0.9600573889080840084 ) ) ;
#8707 = B_SPLINE_CURVE_WITH_KNOTS ( 'NONE', 3,
 ( #6175, #5414, #3246, #690 ),
 .UNSPECIFIED., .F., .F.,
 ( 4, 4 ),
 ( 8.451082728519452952E-14, 0.0002372982933281729393 ),
 .UNSPECIFIED. ) ;
#8708 = VERTEX_POINT ( 'NONE', #9323 ) ;
#8709 = MECHANICAL_DESIGN_GEOMETRIC_PRESENTATION_REPRESENTATION (  '', ( #9047 ), #2139 ) ;
#8710 = MECHANICAL_DESIGN_GEOMETRIC_PRESENTATION_REPRESENTATION (  '', ( #3294 ), #3145 ) ;
#8711 = CONICAL_SURFACE ( 'NONE', #1812, 1.599999999999999867, 0.07130746470380971980 ) ;
#8712 = VERTEX_POINT ( 'NONE', #7083 ) ;
#8713 = DIRECTION ( 'NONE',  ( 0.0000000000000000000, 0.0000000000000000000, -1.000000000000000000 ) ) ;
#8714 = FACE_OUTER_BOUND ( 'NONE', #562, .T. ) ;
#8715 = ORIENTED_EDGE ( 'NONE', *, *, #8220, .F. ) ;
#8716 = DIRECTION ( 'NONE',  ( 0.0000000000000000000, -0.1736481776669300259, 0.9848077530122081313 ) ) ;
#8717 = ADVANCED_FACE ( 'NONE', ( #9280 ), #1443, .T. ) ;
#8718 =( BOUNDED_SURFACE ( )  B_SPLINE_SURFACE ( 3, 2, ( 
 ( #2748, #6682, #9861 ),
 ( #9959, #9914, #1919 ),
 ( #1255, #2854, #5913 ),
 ( #4467, #8989, #3689 ) ),
 .UNSPECIFIED., .F., .F., .F. ) 
 B_SPLINE_SURFACE_WITH_KNOTS ( ( 4, 4 ),
 ( 3, 3 ),
 ( 0.0000000000000000000, 1.000000000000000000 ),
 ( 0.0000000000000000000, 1.000000000000000000 ),
 .UNSPECIFIED. ) 
 GEOMETRIC_REPRESENTATION_ITEM ( )  RATIONAL_B_SPLINE_SURFACE ( (
 ( 1.000000000000000000, 0.7864262290810449807, 1.000000000000000000),
 ( 1.000000000000000000, 0.7864475206358839676, 1.000000000000000000),
 ( 1.000000000000000000, 0.7861047044588309607, 1.000000000000000000),
 ( 1.000000000000000000, 0.7854013101412880005, 1.000000000000000000) ) ) 
 REPRESENTATION_ITEM ( '' )  SURFACE ( )  );
#8719 = AXIS2_PLACEMENT_3D ( 'NONE', #8386, #7523, #5317 ) ;
#8720 = ORIENTED_EDGE ( 'NONE', *, *, #10116, .F. ) ;
#8721 = AXIS2_PLACEMENT_3D ( 'NONE', #9919, #6641, #411 ) ;
#8722 = ORIENTED_EDGE ( 'NONE', *, *, #896, .F. ) ;
#8723 = EDGE_CURVE ( 'NONE', #3263, #8712, #1396, .T. ) ;
#8724 = DIRECTION ( 'NONE',  ( 0.0000000000000000000, 1.000000000000000000, 0.0000000000000000000 ) ) ;
#8725 = EDGE_LOOP ( 'NONE', ( #2262, #6807, #9577, #8107, #2048 ) ) ;
#8726 = TOROIDAL_SURFACE ( 'NONE', #6105, 1.413776159319739989, 0.2000000000000000111 ) ;
#8727 = CARTESIAN_POINT ( 'NONE',  ( 3.972678822233633777, 6.293409039702112295, 5.495964165885531827 ) ) ;
#8728 = CIRCLE ( 'NONE', #1329, 0.2499999999999997780 ) ;
#8729 = DIRECTION ( 'NONE',  ( 1.000000000000000000, 0.0000000000000000000, -4.231032868236119855E-16 ) ) ;
#8730 = SURFACE_STYLE_USAGE ( .BOTH. , #2445 ) ;
#8732 = EDGE_CURVE ( 'NONE', #6926, #3591, #10172, .T. ) ;
#8731 = ORIENTED_EDGE ( 'NONE', *, *, #1288, .F. ) ;
#8733 = EDGE_CURVE ( 'NONE', #4256, #8816, #3797, .T. ) ;
#8734 = ORIENTED_EDGE ( 'NONE', *, *, #4428, .T. ) ;
#8735 = CARTESIAN_POINT ( 'NONE',  ( 4.034292344244928330, 3.850000000000010303, 9.413932751395414300 ) ) ;
#8736 = ORIENTED_EDGE ( 'NONE', *, *, #3201, .F. ) ;
#8737 = CARTESIAN_POINT ( 'NONE',  ( 10.50000000000000000, 0.6613248654051859798, 6.200000000000001066 ) ) ;
#8738 = VERTEX_POINT ( 'NONE', #7690 ) ;
#8739 = DIRECTION ( 'NONE',  ( 6.323770134184271214E-17, 0.9848077530122081313, 0.1736481776669300259 ) ) ;
#8740 = AXIS2_PLACEMENT_3D ( 'NONE', #2610, #4075, #9451 ) ;
#8741 = AXIS2_PLACEMENT_3D ( 'NONE', #4615, #3782, #2329 ) ;
#8742 = ORIENTED_EDGE ( 'NONE', *, *, #6369, .F. ) ;
#8743 = CARTESIAN_POINT ( 'NONE',  ( 2.000000000331122241, 4.250000000000031086, -3.850000000000000089 ) ) ;
#8744 = CARTESIAN_POINT ( 'NONE',  ( 6.023102752130522042, 6.379062758813174305, 5.679065084668720509 ) ) ;
#8745 = DIRECTION ( 'NONE',  ( -1.000000000000000000, -5.580452358381269806E-16, 0.0000000000000000000 ) ) ;
#8746 = VECTOR ( 'NONE', #2792, 1000.000000000000000 ) ;
#8747 = SURFACE_STYLE_USAGE ( .BOTH. , #5558 ) ;
#8748 = CARTESIAN_POINT ( 'NONE',  ( -5.000000000000000000, 7.450000000000000178, 6.500000000000009770 ) ) ;
#8749 = ORIENTED_EDGE ( 'NONE', *, *, #9939, .T. ) ;
#8750 = PRESENTATION_STYLE_ASSIGNMENT (( #8090 ) ) ;
#8751 = VERTEX_POINT ( 'NONE', #7749 ) ;
#8752 = FACE_OUTER_BOUND ( 'NONE', #8189, .T. ) ;
#8753 =( GEOMETRIC_REPRESENTATION_CONTEXT ( 3 ) GLOBAL_UNCERTAINTY_ASSIGNED_CONTEXT ( ( #4658 ) ) GLOBAL_UNIT_ASSIGNED_CONTEXT ( ( #8427, #7514, #1266 ) ) REPRESENTATION_CONTEXT ( 'NONE', 'WORKASPACE' ) );
#8754 = FACE_OUTER_BOUND ( 'NONE', #10162, .T. ) ;
#8755 = CARTESIAN_POINT ( 'NONE',  ( 1.022614399924369977, 6.143310571542220266, 5.618793688040031320 ) ) ;
#8756 = CARTESIAN_POINT ( 'NONE',  ( 9.550000000000000711, 7.250000000000000000, 5.700000000000000178 ) ) ;
#8757 = DIRECTION ( 'NONE',  ( 0.0000000000000000000, -1.000000000000000000, 0.0000000000000000000 ) ) ;
#8758 = ORIENTED_EDGE ( 'NONE', *, *, #213, .F. ) ;
#8759 = ORIENTED_EDGE ( 'NONE', *, *, #246, .T. ) ;
#8760 = APPLICATION_PROTOCOL_DEFINITION ( 'draft international standard', 'automotive_design', 1998, #458 ) ;
#8761 = AXIS2_PLACEMENT_3D ( 'NONE', #201, #248, #7180 ) ;
#8762 = CARTESIAN_POINT ( 'NONE',  ( 7.500000000000000000, 5.950000000000040146, 1.349999999999999867 ) ) ;
#8763 = LINE ( 'NONE', #2636, #4890 ) ;
#8764 = ORIENTED_EDGE ( 'NONE', *, *, #1413, .F. ) ;
#8765 = STYLED_ITEM ( 'NONE', ( #5188 ), #6691 ) ;
#8766 = SURFACE_STYLE_FILL_AREA ( #5639 ) ;
#8767 = PRESENTATION_LAYER_ASSIGNMENT (  '', '', ( #2193 ) ) ;
#8768 = CARTESIAN_POINT ( 'NONE',  ( 3.549999999999999822, 5.950000000000040146, 3.291739462922410375 ) ) ;
#8769 = CARTESIAN_POINT ( 'NONE',  ( 6.075900883378422712, 6.560463200155849606, 5.313097438219570812 ) ) ;
#8770 = EDGE_LOOP ( 'NONE', ( #3273, #4150, #6628, #151 ) ) ;
#8771 = CARTESIAN_POINT ( 'NONE',  ( 7.500000000000000000, 6.250000000000031086, 2.750000000000000000 ) ) ;
#8772 = FILL_AREA_STYLE ('',( #8615 ) ) ;
#8773 = STYLED_ITEM ( 'NONE', ( #5513 ), #7035 ) ;
#8774 = ORIENTED_EDGE ( 'NONE', *, *, #957, .F. ) ;
#8775 = ORIENTED_EDGE ( 'NONE', *, *, #1620, .T. ) ;
#8776 = CARTESIAN_POINT ( 'NONE',  ( 1.075900883378422712, 6.560463200155849606, 5.313097438219570812 ) ) ;
#8777 = EDGE_CURVE ( 'NONE', #1973, #5415, #1980, .T. ) ;
#8778 = UNCERTAINTY_MEASURE_WITH_UNIT (LENGTH_MEASURE( 1.000000000000000082E-05 ), #8297, 'distance_accuracy_value', 'NONE');
#8779 = VECTOR ( 'NONE', #9136, 1000.000000000000000 ) ;
#8780 = FILL_AREA_STYLE_COLOUR ( '', #2491 ) ;
#8781 = DIRECTION ( 'NONE',  ( 0.0000000000000000000, -3.675221047034999628E-15, 1.000000000000000000 ) ) ;
#8782 = EDGE_CURVE ( 'NONE', #3509, #299, #6264, .T. ) ;
#8783 = CARTESIAN_POINT ( 'NONE',  ( 7.249999999999999112, 4.250000000000031086, -4.349999999999999645 ) ) ;
#8784 = ORIENTED_EDGE ( 'NONE', *, *, #7866, .F. ) ;
#8785 = CARTESIAN_POINT ( 'NONE',  ( 7.500000000000000000, 4.250000000000009770, 8.099999999999999645 ) ) ;
#8786 = ORIENTED_EDGE ( 'NONE', *, *, #4612, .T. ) ;
#8787 = LINE ( 'NONE', #9548, #3556 ) ;
#8788 = EDGE_LOOP ( 'NONE', ( #5741, #2487 ) ) ;
#8789 = DIRECTION ( 'NONE',  ( -1.000000000000000000, -5.580452358381269806E-16, 0.0000000000000000000 ) ) ;
#8790 = DIRECTION ( 'NONE',  ( -1.000000000000000000, 0.0000000000000000000, 0.0000000000000000000 ) ) ;
#8791 = VERTEX_POINT ( 'NONE', #6263 ) ;
#8792 = ADVANCED_FACE ( 'NONE', ( #9383 ), #2339, .T. ) ;
#8793 = DIRECTION ( 'NONE',  ( 0.0000000000000000000, -1.000000000000000000, 0.0000000000000000000 ) ) ;
#8794 = DIRECTION ( 'NONE',  ( 0.0000000000000000000, 0.0000000000000000000, -1.000000000000000000 ) ) ;
#8795 = EDGE_CURVE ( 'NONE', #3863, #5198, #1737, .T. ) ;
#8796 =( NAMED_UNIT ( * ) PLANE_ANGLE_UNIT ( ) SI_UNIT ( $, .RADIAN. ) );
#8797 = CARTESIAN_POINT ( 'NONE',  ( -0.9060895252062000083, 4.650000000000010125, 8.893318922984189356 ) ) ;
#8798 =( NAMED_UNIT ( * ) PLANE_ANGLE_UNIT ( ) SI_UNIT ( $, .RADIAN. ) );
#8799 = CARTESIAN_POINT ( 'NONE',  ( 0.9976911859572500374, 6.250000000000079936, 5.579085650507759730 ) ) ;
#8800 = ORIENTED_EDGE ( 'NONE', *, *, #9751, .F. ) ;
#8801 = EDGE_LOOP ( 'NONE', ( #9979, #6323, #6444, #6149 ) ) ;
#8802 = PLANE ( 'NONE',  #8831 ) ;
#8803 = DIRECTION ( 'NONE',  ( 0.0000000000000000000, 0.0000000000000000000, -1.000000000000000000 ) ) ;
#8804 = EDGE_CURVE ( 'NONE', #7090, #3720, #9537, .T. ) ;
#8805 = EDGE_CURVE ( 'NONE', #8688, #3154, #8664, .T. ) ;
#8806 = CARTESIAN_POINT ( 'NONE',  ( 2.500000000000000000, 6.250000000000031086, 0.7499999999999990008 ) ) ;
#8807 = CARTESIAN_POINT ( 'NONE',  ( 0.7936453975103899827, 6.087469678630560210, 5.606236746784570180 ) ) ;
#8808 = ORIENTED_EDGE ( 'NONE', *, *, #5328, .T. ) ;
#8809 =( NAMED_UNIT ( * ) SI_UNIT ( $, .STERADIAN. ) SOLID_ANGLE_UNIT ( ) );
#8810 = LINE ( 'NONE', #903, #5838 ) ;
#8811 = ORIENTED_EDGE ( 'NONE', *, *, #4557, .F. ) ;
#8812 = ORIENTED_EDGE ( 'NONE', *, *, #8665, .T. ) ;
#8813 = CARTESIAN_POINT ( 'NONE',  ( 8.994607792362469212, 6.250000000000363265, 5.499015461809753091 ) ) ;
#8814 = CARTESIAN_POINT ( 'NONE',  ( -0.2500000000000000000, 7.750000000000000000, 5.900000000000000355 ) ) ;
#8815 = LINE ( 'NONE', #7848, #2279 ) ;
#8816 = VERTEX_POINT ( 'NONE', #8888 ) ;
#8817 = PRESENTATION_LAYER_ASSIGNMENT (  '', '', ( #7511 ) ) ;
#8818 = VERTEX_POINT ( 'NONE', #6469 ) ;
#8819 =( NAMED_UNIT ( * ) PLANE_ANGLE_UNIT ( ) SI_UNIT ( $, .RADIAN. ) );
#8820 = LINE ( 'NONE', #1866, #7604 ) ;
#8821 = DIRECTION ( 'NONE',  ( 3.641714079092569968E-16, 0.0000000000000000000, -1.000000000000000000 ) ) ;
#8822 = EDGE_CURVE ( 'NONE', #6998, #3425, #6297, .T. ) ;
#8823 = AXIS2_PLACEMENT_3D ( 'NONE', #9977, #2091, #2773 ) ;
#8824 = CARTESIAN_POINT ( 'NONE',  ( -3.549999999999999822, 3.592004494644689849, 2.875961234938980038 ) ) ;
#8825 = VERTEX_POINT ( 'NONE', #9589 ) ;
#8826 = CARTESIAN_POINT ( 'NONE',  ( 2.500000000000000000, 6.250000000000031086, 2.750000000000000000 ) ) ;
#8827 = LINE ( 'NONE', #5087, #4944 ) ;
#8828 = ORIENTED_EDGE ( 'NONE', *, *, #7015, .T. ) ;
#8829 = ORIENTED_EDGE ( 'NONE', *, *, #3940, .F. ) ;
#8830 = CARTESIAN_POINT ( 'NONE',  ( 3.549999999999999822, 5.950000000000040146, 3.291739462922410375 ) ) ;
#8831 = AXIS2_PLACEMENT_3D ( 'NONE', #2618, #4197, #7370 ) ;
#8832 = DIRECTION ( 'NONE',  ( 0.0000000000000000000, -0.9848077530122081313, -0.1736481776669300259 ) ) ;
#8833 = LINE ( 'NONE', #927, #4504 ) ;
#8834 = CARTESIAN_POINT ( 'NONE',  ( 3.970979442870279819, 6.380815304788059805, 5.542356440406270401 ) ) ;
#8835 = ORIENTED_EDGE ( 'NONE', *, *, #8036, .F. ) ;
#8836 = CIRCLE ( 'NONE', #8497, 0.09999999999999939493 ) ;
#8837 = CARTESIAN_POINT ( 'NONE',  ( -2.500000000000000000, 9.550000000000029132, 2.750000000000000000 ) ) ;
#8838 = ORIENTED_EDGE ( 'NONE', *, *, #4703, .T. ) ;
#8839 =( LENGTH_UNIT ( ) NAMED_UNIT ( * ) SI_UNIT ( .MILLI., .METRE. ) );
#8840 = ORIENTED_EDGE ( 'NONE', *, *, #5805, .F. ) ;
#8841 = FILL_AREA_STYLE ('',( #8953 ) ) ;
#8842 = ORIENTED_EDGE ( 'NONE', *, *, #9585, .T. ) ;
#8843 = EDGE_CURVE ( 'NONE', #1045, #9481, #8006, .T. ) ;
#8844 = ADVANCED_FACE ( 'NONE', ( #2593 ), #7257, .T. ) ;
#8845 =( GEOMETRIC_REPRESENTATION_CONTEXT ( 3 ) GLOBAL_UNCERTAINTY_ASSIGNED_CONTEXT ( ( #3125 ) ) GLOBAL_UNIT_ASSIGNED_CONTEXT ( ( #2189, #7748, #3849 ) ) REPRESENTATION_CONTEXT ( 'NONE', 'WORKASPACE' ) );
#8846 = CARTESIAN_POINT ( 'NONE',  ( 2.500000000000000000, 5.950000000000040146, 2.750000000000000000 ) ) ;
#8847 = CARTESIAN_POINT ( 'NONE',  ( -3.977026181416423167, 6.335261413134412933, 5.690949137293158877 ) ) ;
#8848 = CARTESIAN_POINT ( 'NONE',  ( 6.450000000000000178, 6.700487189948050037, 3.990870176997169949 ) ) ;
#8849 = DIRECTION ( 'NONE',  ( 0.0000000000000000000, 0.3713906763541028888, -0.9284766908852596368 ) ) ;
#8850 = SURFACE_SIDE_STYLE ('',( #5721 ) ) ;
#8851 = ORIENTED_EDGE ( 'NONE', *, *, #6563, .T. ) ;
#8852 = CARTESIAN_POINT ( 'NONE',  ( 4.500000000000000888, 6.820490948317419644, 5.141853884246489592 ) ) ;
#8853 = ORIENTED_EDGE ( 'NONE', *, *, #4522, .F. ) ;
#8854 = DIRECTION ( 'NONE',  ( 0.0000000000000000000, 0.0000000000000000000, 1.000000000000000000 ) ) ;
#8855 = PRODUCT_DEFINITION_SHAPE ( 'NONE', 'NONE',  #10232 ) ;
#8856 = EDGE_CURVE ( 'NONE', #6359, #990, #873, .T. ) ;
#8857 = CARTESIAN_POINT ( 'NONE',  ( 7.500000000000000000, 2.650000000000010125, 8.099999999999999645 ) ) ;
#8858 = CARTESIAN_POINT ( 'NONE',  ( 9.550000000000000711, 2.200000000000000178, 0.6500000000000020206 ) ) ;
#8859 = AXIS2_PLACEMENT_3D ( 'NONE', #5177, #4397, #5320 ) ;
#8860 = CARTESIAN_POINT ( 'NONE',  ( 6.075900883378422712, 6.560463200155849606, 5.313097438219570812 ) ) ;
#8861 = B_SPLINE_CURVE_WITH_KNOTS ( 'NONE', 3,
 ( #376, #7607, #2084, #9772, #7513, #2713 ),
 .UNSPECIFIED., .F., .F.,
 ( 4, 2, 4 ),
 ( 0.0000000000000000000, 0.5443967235633909718, 1.000000000000000000 ),
 .UNSPECIFIED. ) ;
#8862 = UNCERTAINTY_MEASURE_WITH_UNIT (LENGTH_MEASURE( 1.000000000000000082E-05 ), #8215, 'distance_accuracy_value', 'NONE');
#8863 = CARTESIAN_POINT ( 'NONE',  ( 10.00000000000000000, 0.0000000000000000000, 0.0000000000000000000 ) ) ;
#8864 = ORIENTED_EDGE ( 'NONE', *, *, #5918, .F. ) ;
#8865 = ORIENTED_EDGE ( 'NONE', *, *, #485, .T. ) ;
#8866 = EDGE_CURVE ( 'NONE', #1801, #9054, #1664, .T. ) ;
#8867 = CARTESIAN_POINT ( 'NONE',  ( 2.500000000000000000, 5.850000000000009415, 8.100000000000010303 ) ) ;
#8868 = ADVANCED_FACE ( 'NONE', ( #3387 ), #8120, .T. ) ;
#8869 = SURFACE_STYLE_FILL_AREA ( #7222 ) ;
#8870 = FACE_OUTER_BOUND ( 'NONE', #1621, .T. ) ;
#8871 = B_SPLINE_CURVE_WITH_KNOTS ( 'NONE', 3,
 ( #2959, #3786, #5235, #2905 ),
 .UNSPECIFIED., .F., .F.,
 ( 4, 4 ),
 ( 0.0000000000000000000, 0.0001440220723645894974 ),
 .UNSPECIFIED. ) ;
#8872 = ORIENTED_EDGE ( 'NONE', *, *, #4102, .T. ) ;
#8873 = ORIENTED_EDGE ( 'NONE', *, *, #4096, .F. ) ;
#8874 =( NAMED_UNIT ( * ) SI_UNIT ( $, .STERADIAN. ) SOLID_ANGLE_UNIT ( ) );
#8875 = ORIENTED_EDGE ( 'NONE', *, *, #7489, .F. ) ;
#8876 = AXIS2_PLACEMENT_3D ( 'NONE', #3582, #5264, #1378 ) ;
#8877 = DIRECTION ( 'NONE',  ( 0.0000000000000000000, -1.000000000000000000, -3.965082230804130614E-15 ) ) ;
#8878 = AXIS2_PLACEMENT_3D ( 'NONE', #3408, #9501, #4805 ) ;
#8879 = VECTOR ( 'NONE', #7986, 1000.000000000000000 ) ;
#8880 = CIRCLE ( 'NONE', #9695, 0.5000000000000000000 ) ;
#8881 = LINE ( 'NONE', #2536, #7465 ) ;
#8882 = EDGE_LOOP ( 'NONE', ( #3279, #5578, #5647, #8935, #8722 ) ) ;
#8883 = CARTESIAN_POINT ( 'NONE',  ( -0.5000000000000000000, 6.370920840910899940, 3.569044486294639995 ) ) ;
#8884 = DIRECTION ( 'NONE',  ( 0.0000000000000000000, 0.0000000000000000000, -1.000000000000000000 ) ) ;
#8885 = ORIENTED_EDGE ( 'NONE', *, *, #7974, .T. ) ;
#8886 = ORIENTED_EDGE ( 'NONE', *, *, #5905, .F. ) ;
#8887 = AXIS2_PLACEMENT_3D ( 'NONE', #9565, #6446, #3304 ) ;
#8888 = CARTESIAN_POINT ( 'NONE',  ( 7.500000000000000000, 5.850000000000009415, 8.000000000000000000 ) ) ;
#8889 = STYLED_ITEM ( 'NONE', ( #44 ), #3052 ) ;
#8890 = VERTEX_POINT ( 'NONE', #4057 ) ;
#8891 = FILL_AREA_STYLE ('',( #8780 ) ) ;
#8892 = COLOUR_RGB ( '',0.2862745098039215508, 0.6431372549019607199, 0.8666666666666666963 ) ;
#8893 = CARTESIAN_POINT ( 'NONE',  ( 4.006141391221530235, 6.250000000000031974, 5.699344090454337319 ) ) ;
#8894 = EDGE_LOOP ( 'NONE', ( #936, #1978, #1030, #4914 ) ) ;
#8895 = CIRCLE ( 'NONE', #7575, 1.649999999999999467 ) ;
#8896 = PRESENTATION_LAYER_ASSIGNMENT (  '', '', ( #146 ) ) ;
#8897 = CARTESIAN_POINT ( 'NONE',  ( 5.937107388568776400, 4.650000000000010125, 9.314249409997570339 ) ) ;
#8898 = EDGE_LOOP ( 'NONE', ( #6839, #6126, #2691, #1412 ) ) ;
#8899 = CARTESIAN_POINT ( 'NONE',  ( 5.925592927451260650, 3.850000000000010303, 9.158054070483689912 ) ) ;
#8900 = EDGE_LOOP ( 'NONE', ( #808, #6824, #3102, #710 ) ) ;
#8901 =( NAMED_UNIT ( * ) SI_UNIT ( $, .STERADIAN. ) SOLID_ANGLE_UNIT ( ) );
#8902 = SURFACE_SIDE_STYLE ('',( #6530 ) ) ;
#8903 = ORIENTED_EDGE ( 'NONE', *, *, #8530, .F. ) ;
#8904 = VECTOR ( 'NONE', #2924, 1000.000000000000000 ) ;
#8905 = DIRECTION ( 'NONE',  ( 0.0000000000000000000, -1.000000000000000000, 0.0000000000000000000 ) ) ;
#8906 = CARTESIAN_POINT ( 'NONE',  ( 10.00000000000000000, 0.9499999999999999556, 0.0000000000000000000 ) ) ;
#8907 = LINE ( 'NONE', #1842, #1180 ) ;
#8908 = DIRECTION ( 'NONE',  ( 0.0000000000000000000, 1.000000000000000000, 0.0000000000000000000 ) ) ;
#8909 = FACE_OUTER_BOUND ( 'NONE', #7338, .T. ) ;
#8910 = VECTOR ( 'NONE', #3087, 1000.000000000000000 ) ;
#8911 = DIRECTION ( 'NONE',  ( 1.000000000000000000, 0.0000000000000000000, -4.231032868236119855E-16 ) ) ;
#8912 = VERTEX_POINT ( 'NONE', #8830 ) ;
#8913 = ORIENTED_EDGE ( 'NONE', *, *, #6347, .F. ) ;
#8914 = CARTESIAN_POINT ( 'NONE',  ( 3.924099116621577288, 6.560463200155847829, 5.313097438219579693 ) ) ;
#8915 = CARTESIAN_POINT ( 'NONE',  ( 6.075900883378422712, 6.782835288287570208, 5.313097438219570812 ) ) ;
#8916 = B_SPLINE_CURVE_WITH_KNOTS ( 'NONE', 3,
 ( #8104, #2637, #1906, #1017 ),
 .UNSPECIFIED., .F., .F.,
 ( 4, 4 ),
 ( 8.451154704094331056E-14, 0.0002372982933281810708 ),
 .UNSPECIFIED. ) ;
#8917 = AXIS2_PLACEMENT_3D ( 'NONE', #7260, #890, #7315 ) ;
#8918 = PLANE ( 'NONE',  #3155 ) ;
#8919 = DIRECTION ( 'NONE',  ( 6.323770134184271214E-17, -0.9848077530122081313, -0.1736481776669300259 ) ) ;
#8920 = CARTESIAN_POINT ( 'NONE',  ( 1.023037437513500070, 6.379043465882250352, 5.701156363462390075 ) ) ;
#8921 = CARTESIAN_POINT ( 'NONE',  ( 4.093910474793799992, 3.850000000000010303, 8.893318922984189356 ) ) ;
#8922 = ADVANCED_FACE ( 'NONE', ( #4169, #7239 ), #253, .T. ) ;
#8923 = ORIENTED_EDGE ( 'NONE', *, *, #6524, .T. ) ;
#8924 = ORIENTED_EDGE ( 'NONE', *, *, #839, .F. ) ;
#8925 = SURFACE_STYLE_FILL_AREA ( #4251 ) ;
#8926 = SURFACE_STYLE_FILL_AREA ( #1748 ) ;
#8927 = VECTOR ( 'NONE', #5187, 1000.000000000000000 ) ;
#8928 = ORIENTED_EDGE ( 'NONE', *, *, #10000, .F. ) ;
#8929 = EDGE_CURVE ( 'NONE', #2587, #9957, #8560, .T. ) ;
#8930 = EDGE_CURVE ( 'NONE', #2115, #5424, #3275, .T. ) ;
#8931 = B_SPLINE_CURVE_WITH_KNOTS ( 'NONE', 3,
 ( #1538, #3163, #1383, #9362, #5370, #748 ),
 .UNSPECIFIED., .F., .F.,
 ( 4, 2, 4 ),
 ( 1.517883041479706208E-18, 0.0001521198112224531561, 0.0003042396224449047944 ),
 .UNSPECIFIED. ) ;
#8932 = CARTESIAN_POINT ( 'NONE',  ( -0.5000000000000000000, 3.592004494644689849, 2.875961234938980038 ) ) ;
#8933 = VECTOR ( 'NONE', #211, 1000.000000000000000 ) ;
#8934 = DIRECTION ( 'NONE',  ( 0.0000000000000000000, -1.000000000000000000, -3.965082230804130614E-15 ) ) ;
#8935 = ORIENTED_EDGE ( 'NONE', *, *, #3452, .T. ) ;
#8936 = FACE_OUTER_BOUND ( 'NONE', #9679, .T. ) ;
#8937 = DIRECTION ( 'NONE',  ( 0.0000000000000000000, -3.675221047034999628E-15, 1.000000000000000000 ) ) ;
#8938 = ORIENTED_EDGE ( 'NONE', *, *, #7173, .F. ) ;
#8939 = ORIENTED_EDGE ( 'NONE', *, *, #2459, .T. ) ;
#8940 = FACE_BOUND ( 'NONE', #4870, .T. ) ;
#8941 = CIRCLE ( 'NONE', #1677, 0.4999999999999995559 ) ;
#8942 = EDGE_CURVE ( 'NONE', #10155, #5281, #1031, .T. ) ;
#8943 = ADVANCED_FACE ( 'NONE', ( #7908 ), #6409, .T. ) ;
#8944 = DIRECTION ( 'NONE',  ( 0.0000000000000000000, 0.0000000000000000000, 1.000000000000000000 ) ) ;
#8945 = CARTESIAN_POINT ( 'NONE',  ( 2.500000000000000000, 5.850000000000009415, 8.000000000000010658 ) ) ;
#8946 = VECTOR ( 'NONE', #7120, 1000.000000000000000 ) ;
#8947 = VERTEX_POINT ( 'NONE', #1084 ) ;
#8948 = DIRECTION ( 'NONE',  ( 1.000000000000000000, 0.0000000000000000000, 0.0000000000000000000 ) ) ;
#8949 = CARTESIAN_POINT ( 'NONE',  ( 4.062892611431221823, 4.650000000000010125, 9.314249409997579221 ) ) ;
#8950 = CARTESIAN_POINT ( 'NONE',  ( 10.00000000000000000, 1.550000000000000266, 0.0000000000000000000 ) ) ;
#8951 = ORIENTED_EDGE ( 'NONE', *, *, #5852, .F. ) ;
#8952 = CARTESIAN_POINT ( 'NONE',  ( -5.500000000000000000, 6.250000000000031086, 5.699344090454340872 ) ) ;
#8953 = FILL_AREA_STYLE_COLOUR ( '', #8892 ) ;
#8954 = MECHANICAL_DESIGN_GEOMETRIC_PRESENTATION_REPRESENTATION (  '', ( #7788 ), #4517 ) ;
#8955 = CYLINDRICAL_SURFACE ( 'NONE', #646, 1.749999999999990230 ) ;
#8956 = CARTESIAN_POINT ( 'NONE',  ( 6.450000000000000178, -1.462314593354880232, 2.800000000000010036 ) ) ;
#8957 = EDGE_CURVE ( 'NONE', #7783, #3896, #9430, .T. ) ;
#8958 = DIRECTION ( 'NONE',  ( 0.0000000000000000000, -0.1736481776669300259, 0.9848077530122081313 ) ) ;
#8959 = DIRECTION ( 'NONE',  ( 0.0000000000000000000, -1.000000000000000000, 0.0000000000000000000 ) ) ;
#8960 = CARTESIAN_POINT ( 'NONE',  ( 10.00000000000000000, 7.750000000000000000, 6.200000000000001066 ) ) ;
#8961 = VERTEX_POINT ( 'NONE', #6770 ) ;
#8962 =( GEOMETRIC_REPRESENTATION_CONTEXT ( 3 ) GLOBAL_UNCERTAINTY_ASSIGNED_CONTEXT ( ( #3533 ) ) GLOBAL_UNIT_ASSIGNED_CONTEXT ( ( #8839, #7303, #9443 ) ) REPRESENTATION_CONTEXT ( 'NONE', 'WORKASPACE' ) );
#8963 = DIRECTION ( 'NONE',  ( 1.000000000000000000, 0.0000000000000000000, 0.0000000000000000000 ) ) ;
#8964 = ORIENTED_EDGE ( 'NONE', *, *, #4824, .T. ) ;
#8965 = CARTESIAN_POINT ( 'NONE',  ( 6.038082531347328086, 6.695996852033649915, 5.479691494104393712 ) ) ;
#8966 =( NAMED_UNIT ( * ) PLANE_ANGLE_UNIT ( ) SI_UNIT ( $, .RADIAN. ) );
#8967 = CARTESIAN_POINT ( 'NONE',  ( 7.500000000000000000, 2.650000000000010125, 8.000000000000000000 ) ) ;
#8968 = CARTESIAN_POINT ( 'NONE',  ( 6.128298252077120090, 6.620978138265459556, 5.127902589497660202 ) ) ;
#8969 = ORIENTED_EDGE ( 'NONE', *, *, #6234, .T. ) ;
#8970 = UNCERTAINTY_MEASURE_WITH_UNIT (LENGTH_MEASURE( 1.000000000000000082E-05 ), #6672, 'distance_accuracy_value', 'NONE');
#8971 = DIRECTION ( 'NONE',  ( -3.641714079092569968E-16, 0.0000000000000000000, -1.000000000000000000 ) ) ;
#8972 = ORIENTED_EDGE ( 'NONE', *, *, #8996, .F. ) ;
#8973 = DIRECTION ( 'NONE',  ( -1.000000000000000000, -5.580452358381269806E-16, 0.0000000000000000000 ) ) ;
#8974 = FACE_OUTER_BOUND ( 'NONE', #2242, .T. ) ;
#8975 = DIRECTION ( 'NONE',  ( -1.000000000000000000, 0.0000000000000000000, 0.0000000000000000000 ) ) ;
#8976 = EDGE_CURVE ( 'NONE', #5926, #2337, #481, .T. ) ;
#8977 = EDGE_CURVE ( 'NONE', #8073, #260, #5201, .T. ) ;
#8978 = CARTESIAN_POINT ( 'NONE',  ( 1.075900883378423156, 6.560463200155847829, 5.313097438219579693 ) ) ;
#8979 = ORIENTED_EDGE ( 'NONE', *, *, #9119, .T. ) ;
#8980 = DIRECTION ( 'NONE',  ( -0.2716300227878299944, 0.06713375248915300075, -0.9600573889080840084 ) ) ;
#8981 = FILL_AREA_STYLE_COLOUR ( '', #2345 ) ;
#8982 = ORIENTED_EDGE ( 'NONE', *, *, #6563, .F. ) ;
#8983 = FILL_AREA_STYLE ('',( #5857 ) ) ;
#8984 = CARTESIAN_POINT ( 'NONE',  ( 4.750000000000000000, 7.750000000000000000, 0.4499999999999990119 ) ) ;
#8985 = ORIENTED_EDGE ( 'NONE', *, *, #8337, .F. ) ;
#8986 = CARTESIAN_POINT ( 'NONE',  ( 7.500000000000000000, 4.250000000000009770, 9.500000000000000000 ) ) ;
#8987 = EDGE_CURVE ( 'NONE', #4105, #1213, #6046, .T. ) ;
#8988 = LINE ( 'NONE', #5092, #5945 ) ;
#8989 = CARTESIAN_POINT ( 'NONE',  ( 3.956366702911530808, 6.148436653995700496, 5.454695792914000307 ) ) ;
#8990 = DIRECTION ( 'NONE',  ( 0.0000000000000000000, -1.000000000000000000, 0.0000000000000000000 ) ) ;
#8991 = EDGE_LOOP ( 'NONE', ( #7234, #964, #1004, #8199 ) ) ;
#8992 = CARTESIAN_POINT ( 'NONE',  ( -1.041868568310512222, 3.850000000000009859, 9.481228347016314117 ) ) ;
#8993 = ORIENTED_EDGE ( 'NONE', *, *, #1995, .F. ) ;
#8994 = EDGE_CURVE ( 'NONE', #4097, #5735, #3487, .T. ) ;
#8995 = DIRECTION ( 'NONE',  ( 0.0000000000000000000, 0.0000000000000000000, 1.000000000000000000 ) ) ;
#8996 = EDGE_CURVE ( 'NONE', #9860, #1649, #5813, .T. ) ;
#8997 = AXIS2_PLACEMENT_3D ( 'NONE', #3929, #10201, #2364 ) ;
#8998 = ORIENTED_EDGE ( 'NONE', *, *, #6710, .T. ) ;
#8999 = LINE ( 'NONE', #1930, #579 ) ;
#9000 = DIRECTION ( 'NONE',  ( -1.000000000000000000, 0.0000000000000000000, 0.0000000000000000000 ) ) ;
#9001 = FILL_AREA_STYLE ('',( #2043 ) ) ;
#9002 = AXIS2_PLACEMENT_3D ( 'NONE', #3198, #6529, #59 ) ;
#9003 = CARTESIAN_POINT ( 'NONE',  ( 1.023037437513500070, 6.379043465882250352, 5.701156363462399845 ) ) ;
#9004 = CARTESIAN_POINT ( 'NONE',  ( 3.000000000000000000, 4.250000000000031086, -7.780492421955380190E-15 ) ) ;
#9005 = PLANE ( 'NONE',  #1967 ) ;
#9006 = CARTESIAN_POINT ( 'NONE',  ( 8.976961065803179096, 6.143414106835629163, 5.701458542790279971 ) ) ;
#9007 = ORIENTED_EDGE ( 'NONE', *, *, #3003, .T. ) ;
#9008 = DIRECTION ( 'NONE',  ( 0.2716300227878299944, -0.06713375248915300075, 0.9600573889080840084 ) ) ;
#9009 =( NAMED_UNIT ( * ) PLANE_ANGLE_UNIT ( ) SI_UNIT ( $, .RADIAN. ) );
#9010 = CARTESIAN_POINT ( 'NONE',  ( 7.500000000000000000, 4.250000000000009770, 9.500000000000000000 ) ) ;
#9011 = EDGE_LOOP ( 'NONE', ( #4887, #5911, #4618, #6706 ) ) ;
#9012 = AXIS2_PLACEMENT_3D ( 'NONE', #10076, #3128, #8621 ) ;
#9013 = DIRECTION ( 'NONE',  ( 0.0000000000000000000, 0.0000000000000000000, -1.000000000000000000 ) ) ;
#9014 = EDGE_LOOP ( 'NONE', ( #9220, #403, #1954, #5713 ) ) ;
#9015 = FILL_AREA_STYLE_COLOUR ( '', #3376 ) ;
#9016 = VECTOR ( 'NONE', #2324, 1000.000000000000000 ) ;
#9017 = VECTOR ( 'NONE', #6962, 1000.000000000000000 ) ;
#9018 = FACE_OUTER_BOUND ( 'NONE', #578, .T. ) ;
#9019 = CARTESIAN_POINT ( 'NONE',  ( 6.450000000000000178, -1.462314593354880232, 3.990870176997169949 ) ) ;
#9020 = DIRECTION ( 'NONE',  ( 0.0000000000000000000, -0.9848077530122081313, -0.1736481776669300259 ) ) ;
#9021 = DIRECTION ( 'NONE',  ( 1.000000000000000000, 0.0000000000000000000, 0.0000000000000000000 ) ) ;
#9022 = ORIENTED_EDGE ( 'NONE', *, *, #9687, .F. ) ;
#9023 = CARTESIAN_POINT ( 'NONE',  ( 3.856009966283758583, 3.850000000000010303, 9.500000000000000000 ) ) ;
#9024 = COLOUR_RGB ( '',0.2862745098039215508, 0.6431372549019607199, 0.8666666666666666963 ) ;
#9025 = ORIENTED_EDGE ( 'NONE', *, *, #8123, .T. ) ;
#9026 = CARTESIAN_POINT ( 'NONE',  ( 6.124350997929269624, 6.820490948317419644, 5.141853884246489592 ) ) ;
#9027 = AXIS2_PLACEMENT_3D ( 'NONE', #6854, #8347, #1284 ) ;
#9028 = COLOUR_RGB ( '',0.2862745098039215508, 0.6431372549019607199, 0.8666666666666666963 ) ;
#9029 = AXIS2_PLACEMENT_3D ( 'NONE', #1156, #6685, #1257 ) ;
#9030 = ORIENTED_EDGE ( 'NONE', *, *, #5035, .T. ) ;
#9031 = PRODUCT_DEFINITION_CONTEXT ( 'detailed design', #5054, 'design' ) ;
#9032 =( NAMED_UNIT ( * ) PLANE_ANGLE_UNIT ( ) SI_UNIT ( $, .RADIAN. ) );
#9033 = ADVANCED_FACE ( 'NONE', ( #8272, #8940, #1203, #4376 ), #1874, .F. ) ;
#9034 = EDGE_LOOP ( 'NONE', ( #1450, #10099, #815, #197 ) ) ;
#9035 = FILL_AREA_STYLE ('',( #1209 ) ) ;
#9036 = CARTESIAN_POINT ( 'NONE',  ( 8.856009966283759027, 3.850000000000010303, 9.500000000000000000 ) ) ;
#9037 = ORIENTED_EDGE ( 'NONE', *, *, #603, .T. ) ;
#9038 = DIRECTION ( 'NONE',  ( 1.000000000000000000, 0.0000000000000000000, 0.0000000000000000000 ) ) ;
#9039 = ADVANCED_FACE ( 'NONE', ( #1064 ), #3475, .F. ) ;
#9040 = EDGE_LOOP ( 'NONE', ( #4654, #10156, #945, #9157 ) ) ;
#9041 = VECTOR ( 'NONE', #1201, 1000.000000000000000 ) ;
#9042 =( GEOMETRIC_REPRESENTATION_CONTEXT ( 3 ) GLOBAL_UNCERTAINTY_ASSIGNED_CONTEXT ( ( #5960 ) ) GLOBAL_UNIT_ASSIGNED_CONTEXT ( ( #479, #9824, #2919 ) ) REPRESENTATION_CONTEXT ( 'NONE', 'WORKASPACE' ) );
#9043 = PRESENTATION_LAYER_ASSIGNMENT (  '', '', ( #3294 ) ) ;
#9044 = CARTESIAN_POINT ( 'NONE',  ( 10.50000000000000000, 0.8864914703891380032, 6.200000000000001066 ) ) ;
#9045 = PLANE ( 'NONE',  #9642 ) ;
#9046 = ORIENTED_EDGE ( 'NONE', *, *, #9052, .F. ) ;
#9047 = STYLED_ITEM ( 'NONE', ( #3809 ), #8467 ) ;
#9048 = SURFACE_STYLE_USAGE ( .BOTH. , #5927 ) ;
#9049 = EDGE_CURVE ( 'NONE', #7659, #4418, #9223, .T. ) ;
#9050 = PRESENTATION_LAYER_ASSIGNMENT (  '', '', ( #6917 ) ) ;
#9051 = DIRECTION ( 'NONE',  ( 0.0000000000000000000, 0.0000000000000000000, -1.000000000000000000 ) ) ;
#9052 = EDGE_CURVE ( 'NONE', #7191, #7547, #8283, .T. ) ;
#9053 = VECTOR ( 'NONE', #9300, 1000.000000000000000 ) ;
#9054 = VERTEX_POINT ( 'NONE', #5631 ) ;
#9055 = DIRECTION ( 'NONE',  ( 0.0000000000000000000, 1.000000000000000000, 0.0000000000000000000 ) ) ;
#9056 = CARTESIAN_POINT ( 'NONE',  ( 3.976897247608213615, 6.379062758812451328, 5.679065084668919461 ) ) ;
#9057 = VERTEX_POINT ( 'NONE', #8756 ) ;
#9058 = FILL_AREA_STYLE_COLOUR ( '', #3121 ) ;
#9059 = DIRECTION ( 'NONE',  ( 0.0000000000000000000, 1.000000000000000000, 0.0000000000000000000 ) ) ;
#9060 = VECTOR ( 'NONE', #7802, 1000.000000000000000 ) ;
#9061 = LINE ( 'NONE', #4582, #955 ) ;
#9062 =( BOUNDED_CURVE ( )  B_SPLINE_CURVE ( 3, ( #7488, #8261, #2730, #344 ),
 .UNSPECIFIED., .F., .T. ) 
 B_SPLINE_CURVE_WITH_KNOTS ( ( 4, 4 ),
 ( 1.008957096879900650, 1.500983156715127498 ),
 .UNSPECIFIED. ) 
 CURVE ( )  GEOMETRIC_REPRESENTATION_ITEM ( )  RATIONAL_B_SPLINE_CURVE ( ( 1.000000000000000000, 0.9799274069394409148, 0.9799274069394409148, 1.000000000000000000 ) ) 
 REPRESENTATION_ITEM ( '' )  );
#9063 = FACE_OUTER_BOUND ( 'NONE', #3804, .T. ) ;
#9064 = CARTESIAN_POINT ( 'NONE',  ( -5.000000000000000000, 6.733652732787760442, 9.738256522761849610 ) ) ;
#9065 = VECTOR ( 'NONE', #5682, 1000.000000000000000 ) ;
#9066 = LINE ( 'NONE', #1233, #2266 ) ;
#9067 =( GEOMETRIC_REPRESENTATION_CONTEXT ( 3 ) GLOBAL_UNCERTAINTY_ASSIGNED_CONTEXT ( ( #6182 ) ) GLOBAL_UNIT_ASSIGNED_CONTEXT ( ( #4231, #996, #9604 ) ) REPRESENTATION_CONTEXT ( 'NONE', 'WORKASPACE' ) );
#9068 = CARTESIAN_POINT ( 'NONE',  ( -1.027321177766340021, 6.293409039702020813, 5.495964165885547814 ) ) ;
#9069 = EDGE_LOOP ( 'NONE', ( #7460, #2526, #1731, #7158 ) ) ;
#9070 = EDGE_CURVE ( 'NONE', #9745, #6653, #9847, .T. ) ;
#9071 = CARTESIAN_POINT ( 'NONE',  ( -1.075900883378420048, -1.462314593354880232, 5.313097438219579693 ) ) ;
#9072 = CARTESIAN_POINT ( 'NONE',  ( -4.059107220649978309, 3.850000000000008527, 9.365590064580626262 ) ) ;
#9073 = PRESENTATION_LAYER_ASSIGNMENT (  '', '', ( #5463 ) ) ;
#9074 = CARTESIAN_POINT ( 'NONE',  ( 9.006141391221529346, 6.250000000000031974, 5.699344090454331102 ) ) ;
#9075 = EDGE_CURVE ( 'NONE', #1253, #5180, #954, .T. ) ;
#9076 = SURFACE_STYLE_USAGE ( .BOTH. , #2793 ) ;
#9077 = CARTESIAN_POINT ( 'NONE',  ( 6.041868568309956444, 4.650000000000009237, 9.481228347016093849 ) ) ;
#9078 = ORIENTED_EDGE ( 'NONE', *, *, #830, .T. ) ;
#9079 = SURFACE_SIDE_STYLE ('',( #8158 ) ) ;
#9080 = VECTOR ( 'NONE', #7777, 1000.000000000000000 ) ;
#9081 = PRESENTATION_STYLE_ASSIGNMENT (( #7633 ) ) ;
#9082 = ORIENTED_EDGE ( 'NONE', *, *, #6464, .T. ) ;
#9083 = CARTESIAN_POINT ( 'NONE',  ( 0.9129626948656089924, 3.850000000000010303, 8.986637655680240755 ) ) ;
#9084 = EDGE_CURVE ( 'NONE', #2516, #4190, #901, .T. ) ;
#9085 = ORIENTED_EDGE ( 'NONE', *, *, #2113, .F. ) ;
#9086 = DIRECTION ( 'NONE',  ( 0.0000000000000000000, -1.000000000000000000, 0.0000000000000000000 ) ) ;
#9087 = LINE ( 'NONE', #3506, #2117 ) ;
#9088 = CARTESIAN_POINT ( 'NONE',  ( 2.500000000000000000, 5.950000000000040146, 1.349999999999999867 ) ) ;
#9089 = ORIENTED_EDGE ( 'NONE', *, *, #9212, .F. ) ;
#9090 = AXIS2_PLACEMENT_3D ( 'NONE', #2958, #5290, #4332 ) ;
#9091 = DIRECTION ( 'NONE',  ( 0.0000000000000000000, 0.0000000000000000000, -1.000000000000000000 ) ) ;
#9092 = DIRECTION ( 'NONE',  ( 1.717547996016639994E-16, 0.0000000000000000000, 1.000000000000000000 ) ) ;
#9093 = EDGE_CURVE ( 'NONE', #3570, #5757, #4206, .T. ) ;
#9094 = UNCERTAINTY_MEASURE_WITH_UNIT (LENGTH_MEASURE( 1.000000000000000082E-05 ), #346, 'distance_accuracy_value', 'NONE');
#9095 = EDGE_CURVE ( 'NONE', #8595, #5535, #8388, .T. ) ;
#9096 =( GEOMETRIC_REPRESENTATION_CONTEXT ( 3 ) GLOBAL_UNCERTAINTY_ASSIGNED_CONTEXT ( ( #8970 ) ) GLOBAL_UNIT_ASSIGNED_CONTEXT ( ( #6672, #8401, #2022 ) ) REPRESENTATION_CONTEXT ( 'NONE', 'WORKASPACE' ) );
#9097 = DIRECTION ( 'NONE',  ( 0.0000000000000000000, -1.000000000000000000, 0.0000000000000000000 ) ) ;
#9098 = DIRECTION ( 'NONE',  ( -5.152643988049929844E-16, 0.0000000000000000000, -1.000000000000000000 ) ) ;
#9099 = FILL_AREA_STYLE ('',( #2822 ) ) ;
#9100 = ORIENTED_EDGE ( 'NONE', *, *, #6500, .F. ) ;
#9101 = FILL_AREA_STYLE_COLOUR ( '', #10191 ) ;
#9102 = ORIENTED_EDGE ( 'NONE', *, *, #9450, .T. ) ;
#9103 = PLANE ( 'NONE',  #738 ) ;
#9104 = DIRECTION ( 'NONE',  ( 0.0000000000000000000, 0.0000000000000000000, -1.000000000000000000 ) ) ;
#9105 = AXIS2_PLACEMENT_3D ( 'NONE', #8524, #5453, #2150 ) ;
#9106 = ORIENTED_EDGE ( 'NONE', *, *, #9885, .T. ) ;
#9107 = ADVANCED_FACE ( 'NONE', ( #6849, #1234 ), #8340, .T. ) ;
#9108 = CARTESIAN_POINT ( 'NONE',  ( 8.924099116621579952, -1.462314593354880232, 5.313097438219569923 ) ) ;
#9109 = FILL_AREA_STYLE ('',( #2097 ) ) ;
#9110 = CARTESIAN_POINT ( 'NONE',  ( -4.450000000000000178, 1.652376043070270084, 6.200000000000001066 ) ) ;
#9111 = VECTOR ( 'NONE', #6687, 1000.000000000000114 ) ;
#9112 = PRESENTATION_LAYER_ASSIGNMENT (  '', '', ( #8140 ) ) ;
#9113 = CARTESIAN_POINT ( 'NONE',  ( -2.500000000000000000, 4.250000000000009770, 9.314249409997589879 ) ) ;
#9114 = CARTESIAN_POINT ( 'NONE',  ( 6.450000000000000178, 5.950000000000040146, 2.800000000000010036 ) ) ;
#9115 = EDGE_LOOP ( 'NONE', ( #4053, #3900, #1086, #3184 ) ) ;
#9116 = FILL_AREA_STYLE ('',( #5993 ) ) ;
#9117 = FACE_OUTER_BOUND ( 'NONE', #7135, .T. ) ;
#9118 = CARTESIAN_POINT ( 'NONE',  ( -5.000000000000000000, 0.1499999999999999944, 0.0000000000000000000 ) ) ;
#9119 = EDGE_CURVE ( 'NONE', #9416, #7810, #10052, .T. ) ;
#9120 = EDGE_CURVE ( 'NONE', #6946, #3662, #1862, .T. ) ;
#9121 = ADVANCED_FACE ( 'NONE', ( #2100 ), #2881, .T. ) ;
#9122 = CARTESIAN_POINT ( 'NONE',  ( 8.976897412858470204, 6.379062759268808946, 5.679065083712689699 ) ) ;
#9123 = CARTESIAN_POINT ( 'NONE',  ( 3.961427646675770298, 6.340242470872312630, 5.485183436973980697 ) ) ;
#9124 = LINE ( 'NONE', #3993, #4432 ) ;
#9125 = FACE_OUTER_BOUND ( 'NONE', #3314, .T. ) ;
#9126 = ORIENTED_EDGE ( 'NONE', *, *, #147, .F. ) ;
#9127 = FACE_OUTER_BOUND ( 'NONE', #3904, .T. ) ;
#9128 = EDGE_LOOP ( 'NONE', ( #1461, #8138, #2709, #9432 ) ) ;
#9129 = ADVANCED_FACE ( 'NONE', ( #9985 ), #8726, .T. ) ;
#9130 = DIRECTION ( 'NONE',  ( 0.0000000000000000000, -0.4264192316982558517, -0.9045256429962995615 ) ) ;
#9131 = ORIENTED_EDGE ( 'NONE', *, *, #1875, .T. ) ;
#9132 = DIRECTION ( 'NONE',  ( 0.0000000000000000000, 0.0000000000000000000, -1.000000000000000000 ) ) ;
#9133 = DIRECTION ( 'NONE',  ( 0.0000000000000000000, -1.000000000000000000, 0.0000000000000000000 ) ) ;
#9134 = LINE ( 'NONE', #609, #3513 ) ;
#9135 = CARTESIAN_POINT ( 'NONE',  ( 4.549999999999999822, 2.200000000000000178, 0.6500000000000020206 ) ) ;
#9136 = DIRECTION ( 'NONE',  ( 1.000000000000000000, 0.0000000000000000000, 0.0000000000000000000 ) ) ;
#9137 = CARTESIAN_POINT ( 'NONE',  ( -0.5000000000000000000, 6.301461569844129862, 3.962967587499530264 ) ) ;
#9138 = DIRECTION ( 'NONE',  ( 0.0000000000000000000, 1.000000000000000000, 0.0000000000000000000 ) ) ;
#9139 = CARTESIAN_POINT ( 'NONE',  ( -5.500000000000000000, 6.221952518161529611, 5.100000000000011191 ) ) ;
#9140 = CARTESIAN_POINT ( 'NONE',  ( -0.5000000000000000000, 5.950000000000040146, 3.494824785299559977 ) ) ;
#9141 = DIRECTION ( 'NONE',  ( 0.0000000000000000000, 0.0000000000000000000, 1.000000000000000000 ) ) ;
#9142 = FILL_AREA_STYLE ('',( #4427 ) ) ;
#9143 = ORIENTED_EDGE ( 'NONE', *, *, #2415, .T. ) ;
#9144 = AXIS2_PLACEMENT_3D ( 'NONE', #5467, #3041, #8589 ) ;
#9145 = DIRECTION ( 'NONE',  ( 0.2716300227878299944, 0.06713375248915300075, -0.9600573889080840084 ) ) ;
#9146 = CARTESIAN_POINT ( 'NONE',  ( 7.500000000000000000, 4.250000000000009770, 8.099999999999999645 ) ) ;
#9147 = ORIENTED_EDGE ( 'NONE', *, *, #8462, .T. ) ;
#9148 = EDGE_CURVE ( 'NONE', #3662, #1946, #10224, .T. ) ;
#9149 = DIRECTION ( 'NONE',  ( -1.000000000000000000, 0.0000000000000000000, 4.231032868236119855E-16 ) ) ;
#9150 = ORIENTED_EDGE ( 'NONE', *, *, #1259, .T. ) ;
#9151 = MECHANICAL_DESIGN_GEOMETRIC_PRESENTATION_REPRESENTATION (  '', ( #3597 ), #4252 ) ;
#9152 = CARTESIAN_POINT ( 'NONE',  ( 8.958155913534195491, 6.384612859888997960, 5.465433459372715852 ) ) ;
#9153 = LINE ( 'NONE', #2778, #9647 ) ;
#9154 = DIRECTION ( 'NONE',  ( 0.0000000000000000000, 1.000000000000000000, 0.0000000000000000000 ) ) ;
#9155 = EDGE_CURVE ( 'NONE', #4817, #10155, #6621, .T. ) ;
#9156 = CARTESIAN_POINT ( 'NONE',  ( 5.899218940641789644, 4.650000000000010125, 8.800000000000000711 ) ) ;
#9157 = ORIENTED_EDGE ( 'NONE', *, *, #1815, .F. ) ;
#9158 = CARTESIAN_POINT ( 'NONE',  ( -3.549999999999999822, 5.950000000000040146, 2.800000000000019806 ) ) ;
#9159 = COLOUR_RGB ( '',0.7921568627450980005, 0.8196078431372548767, 0.9333333333333333481 ) ;
#9160 = SURFACE_STYLE_USAGE ( .BOTH. , #436 ) ;
#9161 = EDGE_CURVE ( 'NONE', #959, #6613, #4324, .T. ) ;
#9162 = FACE_OUTER_BOUND ( 'NONE', #10081, .T. ) ;
#9163 = ORIENTED_EDGE ( 'NONE', *, *, #5162, .T. ) ;
#9164 = LINE ( 'NONE', #9019, #3335 ) ;
#9165 = EDGE_CURVE ( 'NONE', #2036, #5772, #7637, .T. ) ;
#9166 =( BOUNDED_SURFACE ( )  B_SPLINE_SURFACE ( 3, 2, ( 
 ( #9003, #3454, #804 ),
 ( #4233, #6592, #1780 ),
 ( #7422, #4757, #9773 ),
 ( #7313, #8134, #6693 ) ),
 .UNSPECIFIED., .F., .F., .F. ) 
 B_SPLINE_SURFACE_WITH_KNOTS ( ( 4, 4 ),
 ( 3, 3 ),
 ( 0.0000000000000000000, 1.000000000000000000 ),
 ( 0.0000000000000000000, 1.000000000000000000 ),
 .UNSPECIFIED. ) 
 GEOMETRIC_REPRESENTATION_ITEM ( )  RATIONAL_B_SPLINE_SURFACE ( (
 ( 1.000000000000000000, 0.7864262337499590139, 1.000000000000000000),
 ( 1.000000000000000000, 0.7864474701795289846, 1.000000000000000000),
 ( 1.000000000000000000, 0.7861046529251329851, 1.000000000000000000),
 ( 1.000000000000000000, 0.7854013110680500009, 1.000000000000000000) ) ) 
 REPRESENTATION_ITEM ( '' )  SURFACE ( )  );
#9167 = EDGE_CURVE ( 'NONE', #7172, #7184, #7740, .T. ) ;
#9168 = UNCERTAINTY_MEASURE_WITH_UNIT (LENGTH_MEASURE( 1.000000000000000082E-05 ), #1269, 'distance_accuracy_value', 'NONE');
#9169 = LINE ( 'NONE', #5141, #8443 ) ;
#9170 = ORIENTED_EDGE ( 'NONE', *, *, #4703, .F. ) ;
#9171 = DIRECTION ( 'NONE',  ( 0.0000000000000000000, 1.000000000000000000, 0.0000000000000000000 ) ) ;
#9172 = ORIENTED_EDGE ( 'NONE', *, *, #6681, .T. ) ;
#9173 = VECTOR ( 'NONE', #5681, 1000.000000000000000 ) ;
#9174 = ORIENTED_EDGE ( 'NONE', *, *, #1456, .T. ) ;
#9175 = LINE ( 'NONE', #7593, #6773 ) ;
#9176 = MECHANICAL_DESIGN_GEOMETRIC_PRESENTATION_REPRESENTATION (  '', ( #605 ), #4763 ) ;
#9177 = CARTESIAN_POINT ( 'NONE',  ( -2.500000000000000000, 4.250000000000009770, 9.500000000000010658 ) ) ;
#9178 = SURFACE_STYLE_USAGE ( .BOTH. , #6055 ) ;
#9179 = CARTESIAN_POINT ( 'NONE',  ( 3.924099116621577288, 6.560463200155847829, 5.313097438219579693 ) ) ;
#9180 = VECTOR ( 'NONE', #10014, 1000.000000000000000 ) ;
#9181 = CARTESIAN_POINT ( 'NONE',  ( -4.450000000000000178, 1.652376043070270084, 6.200000000000001066 ) ) ;
#9182 = PRESENTATION_LAYER_ASSIGNMENT (  '', '', ( #3456 ) ) ;
#9183 = VECTOR ( 'NONE', #6684, 1000.000000000000000 ) ;
#9184 = CARTESIAN_POINT ( 'NONE',  ( 8.550000000000000711, 5.950000000000040146, 3.291739462922410375 ) ) ;
#9185 = DIRECTION ( 'NONE',  ( 0.0000000000000000000, -3.675221047034999628E-15, 1.000000000000000000 ) ) ;
#9186 = FILL_AREA_STYLE_COLOUR ( '', #2014 ) ;
#9187 =( GEOMETRIC_REPRESENTATION_CONTEXT ( 3 ) GLOBAL_UNCERTAINTY_ASSIGNED_CONTEXT ( ( #4812 ) ) GLOBAL_UNIT_ASSIGNED_CONTEXT ( ( #4772, #5586, #2334 ) ) REPRESENTATION_CONTEXT ( 'NONE', 'WORKASPACE' ) );
#9188 = VERTEX_POINT ( 'NONE', #3624 ) ;
#9189 = CIRCLE ( 'NONE', #8704, 0.2499999999999997780 ) ;
#9190 = PRESENTATION_LAYER_ASSIGNMENT (  '', '', ( #624 ) ) ;
#9191 = CARTESIAN_POINT ( 'NONE',  ( 3.969861671524556268, 6.381146321193678972, 5.536094731138470948 ) ) ;
#9192 = VERTEX_POINT ( 'NONE', #5216 ) ;
#9193 = CARTESIAN_POINT ( 'NONE',  ( 10.00000000000000000, 1.718879291340180027, 9.827925769509480602 ) ) ;
#9194 = PRESENTATION_STYLE_ASSIGNMENT (( #6071 ) ) ;
#9195 = DIRECTION ( 'NONE',  ( 1.000000000000000000, 0.0000000000000000000, 0.0000000000000000000 ) ) ;
#9196 = VERTEX_POINT ( 'NONE', #8486 ) ;
#9197 = AXIS2_PLACEMENT_3D ( 'NONE', #4338, #9138, #8281 ) ;
#9198 = MECHANICAL_DESIGN_GEOMETRIC_PRESENTATION_REPRESENTATION (  '', ( #6917 ), #303 ) ;
#9199 = AXIS2_PLACEMENT_3D ( 'NONE', #2347, #7092, #6987 ) ;
#9200 = CARTESIAN_POINT ( 'NONE',  ( 2.500000000000000000, 5.850000000000009415, 9.500000000000010658 ) ) ;
#9201 = DIRECTION ( 'NONE',  ( -1.000000000000000000, 0.0000000000000000000, 0.0000000000000000000 ) ) ;
#9202 = ADVANCED_FACE ( 'NONE', ( #8536 ), #8636, .F. ) ;
#9203 = CARTESIAN_POINT ( 'NONE',  ( 0.4500000000000040079, 7.250000000000000000, 5.700000000000000178 ) ) ;
#9204 = CARTESIAN_POINT ( 'NONE',  ( -1.075900883378423156, 6.560463200155847829, 5.313097438219579693 ) ) ;
#9205 = VECTOR ( 'NONE', #2439, 1000.000000000000000 ) ;
#9206 = DIRECTION ( 'NONE',  ( 0.0000000000000000000, -1.000000000000000000, 0.0000000000000000000 ) ) ;
#9207 = ORIENTED_EDGE ( 'NONE', *, *, #9329, .T. ) ;
#9208 = CIRCLE ( 'NONE', #4795, 1.413776159319739989 ) ;
#9209 = VECTOR ( 'NONE', #5980, 1000.000000000000000 ) ;
#9210 = CARTESIAN_POINT ( 'NONE',  ( 2.500000000000000000, 4.250000000000009770, 9.500000000000000000 ) ) ;
#9211 = CARTESIAN_POINT ( 'NONE',  ( 10.00000000000000000, 1.990236984239069917, 10.00000000000000000 ) ) ;
#9212 = EDGE_CURVE ( 'NONE', #6287, #6986, #7261, .T. ) ;
#9213 = CIRCLE ( 'NONE', #4804, 1.700000000000000178 ) ;
#9214 =( NAMED_UNIT ( * ) SI_UNIT ( $, .STERADIAN. ) SOLID_ANGLE_UNIT ( ) );
#9215 =( LENGTH_UNIT ( ) NAMED_UNIT ( * ) SI_UNIT ( .MILLI., .METRE. ) );
#9216 = ORIENTED_EDGE ( 'NONE', *, *, #1679, .T. ) ;
#9217 = EDGE_CURVE ( 'NONE', #8818, #2424, #2677, .T. ) ;
#9218 = PLANE ( 'NONE',  #4005 ) ;
#9219 = DIRECTION ( 'NONE',  ( -0.3713906763541040545, -0.9284766908852591927, 0.0000000000000000000 ) ) ;
#9220 = ORIENTED_EDGE ( 'NONE', *, *, #9392, .F. ) ;
#9221 = B_SPLINE_CURVE_WITH_KNOTS ( 'NONE', 3,
 ( #1630, #7930, #2514, #8084, #66, #6377 ),
 .UNSPECIFIED., .F., .F.,
 ( 4, 2, 4 ),
 ( 1.489244195191053096E-11, 0.0002833862612363242397, 0.0005667725075802065990 ),
 .UNSPECIFIED. ) ;
#9222 = CARTESIAN_POINT ( 'NONE',  ( 4.750000000000000000, 7.750000000000000000, 5.700000000000000178 ) ) ;
#9223 = CIRCLE ( 'NONE', #5299, 1.400000000000000133 ) ;
#9224 = AXIS2_PLACEMENT_3D ( 'NONE', #10109, #8608, #660 ) ;
#9225 = VERTEX_POINT ( 'NONE', #9204 ) ;
#9226 = ORIENTED_EDGE ( 'NONE', *, *, #7869, .T. ) ;
#9227 = EDGE_CURVE ( 'NONE', #1053, #2973, #7819, .T. ) ;
#9228 = EDGE_CURVE ( 'NONE', #4418, #7659, #8562, .T. ) ;
#9229 = CARTESIAN_POINT ( 'NONE',  ( 2.500000000000000000, 9.550000000000029132, 1.349999999999999867 ) ) ;
#9230 = PRESENTATION_LAYER_ASSIGNMENT (  '', '', ( #7113 ) ) ;
#9231 = EDGE_LOOP ( 'NONE', ( #1320, #7042 ) ) ;
#9232 = FACE_OUTER_BOUND ( 'NONE', #9011, .T. ) ;
#9233 = CARTESIAN_POINT ( 'NONE',  ( 7.500000000000000000, 9.550000000000029132, 1.349999999999999867 ) ) ;
#9234 = LINE ( 'NONE', #3999, #4712 ) ;
#9235 = FILL_AREA_STYLE_COLOUR ( '', #5674 ) ;
#9236 = B_SPLINE_CURVE_WITH_KNOTS ( 'NONE', 3,
 ( #7657, #576, #5505, #4581, #7811, #2976 ),
 .UNSPECIFIED., .F., .F.,
 ( 4, 2, 4 ),
 ( 1.951563910473907981E-18, 0.0001521198112224508251, 0.0003042396224448996986 ),
 .UNSPECIFIED. ) ;
#9237 = PLANE ( 'NONE',  #2414 ) ;
#9238 = CARTESIAN_POINT ( 'NONE',  ( 7.500000000000000000, 4.250000000000009770, 8.000000000000000000 ) ) ;
#9239 = EDGE_CURVE ( 'NONE', #3228, #5643, #1373, .T. ) ;
#9240 = B_SPLINE_CURVE_WITH_KNOTS ( 'NONE', 3,
 ( #8915, #2671, #8965, #947, #7268, #1898 ),
 .UNSPECIFIED., .F., .F.,
 ( 4, 2, 4 ),
 ( 8.673617379884035472E-19, 0.0002833620152674180283, 0.0005667240305348351893 ),
 .UNSPECIFIED. ) ;
#9241 = SURFACE_STYLE_USAGE ( .BOTH. , #2969 ) ;
#9242 = CARTESIAN_POINT ( 'NONE',  ( -4.068650814750009559, 3.850000000000010303, 9.236151811974510295 ) ) ;
#9243 = CARTESIAN_POINT ( 'NONE',  ( 5.993784637127530068, 6.250000000000009770, 5.675366343103210198 ) ) ;
#9244 = EDGE_LOOP ( 'NONE', ( #9862, #3166, #3369, #8835, #7614, #9761, #7957, #3039 ) ) ;
#9245 = DIRECTION ( 'NONE',  ( -5.152643988049929844E-16, 0.0000000000000000000, -1.000000000000000000 ) ) ;
#9246 = ORIENTED_EDGE ( 'NONE', *, *, #7927, .T. ) ;
#9247 = DIRECTION ( 'NONE',  ( 0.0000000000000000000, 1.000000000000000000, 0.0000000000000000000 ) ) ;
#9248 = ORIENTED_EDGE ( 'NONE', *, *, #4713, .T. ) ;
#9249 = AXIS2_PLACEMENT_3D ( 'NONE', #4045, #5793, #1742 ) ;
#9250 = SURFACE_STYLE_FILL_AREA ( #8295 ) ;
#9251 = CARTESIAN_POINT ( 'NONE',  ( 7.750000000000000000, 4.250000000000031086, -4.349999999999999645 ) ) ;
#9252 = ADVANCED_FACE ( 'NONE', ( #4589 ), #5456, .T. ) ;
#9253 = CARTESIAN_POINT ( 'NONE',  ( -2.500000000000000000, 4.250000000000009770, 8.000000000000000000 ) ) ;
#9254 = CARTESIAN_POINT ( 'NONE',  ( 4.100781059358210356, 4.650000000000010125, 8.800000000000009592 ) ) ;
#9255 = DIRECTION ( 'NONE',  ( 0.0000000000000000000, 0.0000000000000000000, -1.000000000000000000 ) ) ;
#9256 = ORIENTED_EDGE ( 'NONE', *, *, #2188, .F. ) ;
#9257 = AXIS2_PLACEMENT_3D ( 'NONE', #4076, #7156, #6539 ) ;
#9258 =( LENGTH_UNIT ( ) NAMED_UNIT ( * ) SI_UNIT ( .MILLI., .METRE. ) );
#9259 = CARTESIAN_POINT ( 'NONE',  ( 2.500000000000000000, 4.250000000000031086, -4.349999999999999645 ) ) ;
#9260 = SURFACE_STYLE_USAGE ( .BOTH. , #6859 ) ;
#9261 = CARTESIAN_POINT ( 'NONE',  ( -5.500000000000000000, 6.301461569844129862, 3.962967587499530264 ) ) ;
#9262 = CARTESIAN_POINT ( 'NONE',  ( 0.1954545454545459915, 7.886363636363641128, 0.3954545454545499994 ) ) ;
#9263 = DIRECTION ( 'NONE',  ( 3.641714079092569968E-16, 0.0000000000000000000, -1.000000000000000000 ) ) ;
#9264 = UNCERTAINTY_MEASURE_WITH_UNIT (LENGTH_MEASURE( 1.000000000000000082E-05 ), #7475, 'distance_accuracy_value', 'NONE');
#9265 =( NAMED_UNIT ( * ) SI_UNIT ( $, .STERADIAN. ) SOLID_ANGLE_UNIT ( ) );
#9266 = ORIENTED_EDGE ( 'NONE', *, *, #957, .T. ) ;
#9267 = EDGE_CURVE ( 'NONE', #4677, #5482, #7714, .T. ) ;
#9268 = DIRECTION ( 'NONE',  ( 1.000000000000000000, 0.0000000000000000000, 0.0000000000000000000 ) ) ;
#9269 = ORIENTED_EDGE ( 'NONE', *, *, #6203, .F. ) ;
#9270 = EDGE_LOOP ( 'NONE', ( #3274, #50 ) ) ;
#9271 = EDGE_CURVE ( 'NONE', #5685, #2438, #8144, .T. ) ;
#9272 = DIRECTION ( 'NONE',  ( 0.0000000000000000000, -1.000000000000000000, 0.0000000000000000000 ) ) ;
#9273 = ORIENTED_EDGE ( 'NONE', *, *, #3527, .F. ) ;
#9274 = CARTESIAN_POINT ( 'NONE',  ( 7.500000000000000000, 4.250000000000031086, -4.349999999999999645 ) ) ;
#9275 = VERTEX_POINT ( 'NONE', #3036 ) ;
#9276 = CARTESIAN_POINT ( 'NONE',  ( -0.4499999999999990119, 2.200000000000000178, 0.7500000000000019984 ) ) ;
#9277 = CARTESIAN_POINT ( 'NONE',  ( -4.549999999999999822, 2.200000000000000178, 5.800000000000009592 ) ) ;
#9278 = LINE ( 'NONE', #563, #8179 ) ;
#9279 = EDGE_CURVE ( 'NONE', #1676, #5278, #10196, .T. ) ;
#9280 = FACE_OUTER_BOUND ( 'NONE', #1542, .T. ) ;
#9281 = VERTEX_POINT ( 'NONE', #5412 ) ;
#9282 = UNCERTAINTY_MEASURE_WITH_UNIT (LENGTH_MEASURE( 1.000000000000000082E-05 ), #1220, 'distance_accuracy_value', 'NONE');
#9283 = DIRECTION ( 'NONE',  ( 0.0000000000000000000, 1.000000000000000000, 0.0000000000000000000 ) ) ;
#9284 = CARTESIAN_POINT ( 'NONE',  ( 4.100781059358210356, 3.850000000000010303, 8.800000000000009592 ) ) ;
#9285 = SURFACE_STYLE_USAGE ( .BOTH. , #6160 ) ;
#9286 = DIRECTION ( 'NONE',  ( 1.000000000000000000, 0.0000000000000000000, 0.0000000000000000000 ) ) ;
#9287 = EDGE_CURVE ( 'NONE', #173, #1848, #688, .T. ) ;
#9288 = EDGE_CURVE ( 'NONE', #7678, #380, #8007, .T. ) ;
#9289 = CARTESIAN_POINT ( 'NONE',  ( 3.871701747922879910, 6.620978138265459556, 5.127902589497660202 ) ) ;
#9290 = VERTEX_POINT ( 'NONE', #118 ) ;
#9291 = CARTESIAN_POINT ( 'NONE',  ( 4.100781059358210356, 3.850000000000010303, 8.800000000000009592 ) ) ;
#9292 = EDGE_LOOP ( 'NONE', ( #10083, #1718, #2572, #7109, #7171, #5366 ) ) ;
#9293 =( NAMED_UNIT ( * ) PLANE_ANGLE_UNIT ( ) SI_UNIT ( $, .RADIAN. ) );
#9294 = SURFACE_STYLE_FILL_AREA ( #4792 ) ;
#9295 = ORIENTED_EDGE ( 'NONE', *, *, #9271, .T. ) ;
#9296 = DIRECTION ( 'NONE',  ( -0.5000000000002000622, -0.8660254037843231334, 0.0000000000000000000 ) ) ;
#9297 = DIRECTION ( 'NONE',  ( 0.8660254037844380415, -0.5000000000000009992, 0.0000000000000000000 ) ) ;
#9298 = DIRECTION ( 'NONE',  ( 0.0000000000000000000, -0.9918357753074260597, -0.1275217425395260562 ) ) ;
#9299 = ADVANCED_FACE ( 'NONE', ( #8909 ), #6491, .F. ) ;
#9300 = DIRECTION ( 'NONE',  ( 0.0000000000000000000, 0.0000000000000000000, -1.000000000000000000 ) ) ;
#9301 = VERTEX_POINT ( 'NONE', #7978 ) ;
#9302 = CARTESIAN_POINT ( 'NONE',  ( 0.0000000000000000000, 7.750000000000000000, 6.200000000000001066 ) ) ;
#9303 = EDGE_CURVE ( 'NONE', #7907, #4616, #656, .T. ) ;
#9304 = VECTOR ( 'NONE', #5517, 1000.000000000000000 ) ;
#9305 = DIRECTION ( 'NONE',  ( 0.0000000000000000000, -0.1275217425395260284, 0.9918357753074259486 ) ) ;
#9306 = CARTESIAN_POINT ( 'NONE',  ( 0.9371073885687776217, 4.650000000000010125, 9.314249409997570339 ) ) ;
#9307 = CARTESIAN_POINT ( 'NONE',  ( 3.856009966283758583, 4.650000000000010125, 9.500000000000010658 ) ) ;
#9308 = STYLED_ITEM ( 'NONE', ( #9194 ), #708 ) ;
#9309 = DIRECTION ( 'NONE',  ( 0.0000000000000000000, -3.675221047034999628E-15, 1.000000000000000000 ) ) ;
#9310 = VERTEX_POINT ( 'NONE', #6437 ) ;
#9311 = CARTESIAN_POINT ( 'NONE',  ( 0.9371073885687779548, 4.650000000000010125, 9.314249409997584550 ) ) ;
#9312 = ORIENTED_EDGE ( 'NONE', *, *, #125, .F. ) ;
#9313 = ORIENTED_EDGE ( 'NONE', *, *, #5850, .F. ) ;
#9314 = AXIS2_PLACEMENT_3D ( 'NONE', #10134, #8533, #4642 ) ;
#9315 = PRESENTATION_STYLE_ASSIGNMENT (( #3109 ) ) ;
#9316 = VERTEX_POINT ( 'NONE', #4029 ) ;
#9317 = CARTESIAN_POINT ( 'NONE',  ( 0.4500000000000000666, 7.250000000000000000, 0.6500000000000010214 ) ) ;
#9318 = ORIENTED_EDGE ( 'NONE', *, *, #9524, .T. ) ;
#9319 = CARTESIAN_POINT ( 'NONE',  ( 1.001299467198440096, 6.250000000000079936, 5.536292564213420420 ) ) ;
#9320 = CARTESIAN_POINT ( 'NONE',  ( 3.549999999999999822, 6.370920840910899940, 3.569044486294639995 ) ) ;
#9321 =( GEOMETRIC_REPRESENTATION_CONTEXT ( 3 ) GLOBAL_UNCERTAINTY_ASSIGNED_CONTEXT ( ( #9282 ) ) GLOBAL_UNIT_ASSIGNED_CONTEXT ( ( #1220, #8285, #324 ) ) REPRESENTATION_CONTEXT ( 'NONE', 'WORKASPACE' ) );
#9322 = DIRECTION ( 'NONE',  ( 0.0000000000000000000, -3.675221047034999628E-15, 1.000000000000000000 ) ) ;
#9323 = CARTESIAN_POINT ( 'NONE',  ( -1.449999999999999956, 5.950000000000040146, 3.291739462922410375 ) ) ;
#9324 = EDGE_CURVE ( 'NONE', #9188, #703, #7155, .T. ) ;
#9325 = MECHANICAL_DESIGN_GEOMETRIC_PRESENTATION_REPRESENTATION (  '', ( #7047 ), #1115 ) ;
#9326 = CARTESIAN_POINT ( 'NONE',  ( -2.500000000000000000, 4.250000000000009770, 8.100000000000010303 ) ) ;
#9327 = B_SPLINE_CURVE_WITH_KNOTS ( 'NONE', 3,
 ( #1290, #5953, #3767, #2018, #4406, #4455 ),
 .UNSPECIFIED., .F., .F.,
 ( 4, 2, 4 ),
 ( 8.673617379884034509E-19, 0.0002833620155392942456, 0.0005667240310785876239 ),
 .UNSPECIFIED. ) ;
#9328 =( NAMED_UNIT ( * ) SI_UNIT ( $, .STERADIAN. ) SOLID_ANGLE_UNIT ( ) );
#9329 = EDGE_CURVE ( 'NONE', #4739, #4764, #9499, .T. ) ;
#9330 = LINE ( 'NONE', #10077, #4949 ) ;
#9331 = VERTEX_POINT ( 'NONE', #9610 ) ;
#9332 = CARTESIAN_POINT ( 'NONE',  ( 1.449999999999999956, 6.405650476444289865, 3.372082935692199968 ) ) ;
#9333 = VERTEX_POINT ( 'NONE', #5719 ) ;
#9334 = DIRECTION ( 'NONE',  ( 0.0000000000000000000, 1.000000000000000000, 0.0000000000000000000 ) ) ;
#9335 = AXIS2_PLACEMENT_3D ( 'NONE', #9347, #8635, #5511 ) ;
#9336 = ORIENTED_EDGE ( 'NONE', *, *, #9399, .T. ) ;
#9337 = DIRECTION ( 'NONE',  ( 0.0000000000000000000, 0.0000000000000000000, -1.000000000000000000 ) ) ;
#9338 = FACE_OUTER_BOUND ( 'NONE', #3839, .T. ) ;
#9339 = VERTEX_POINT ( 'NONE', #8848 ) ;
#9340 = EDGE_CURVE ( 'NONE', #2138, #7198, #1997, .T. ) ;
#9341 = EDGE_CURVE ( 'NONE', #8053, #2802, #170, .T. ) ;
#9342 = VECTOR ( 'NONE', #1394, 1000.000000000000000 ) ;
#9343 = FACE_OUTER_BOUND ( 'NONE', #5248, .T. ) ;
#9344 = AXIS2_PLACEMENT_3D ( 'NONE', #1173, #4135, #8963 ) ;
#9345 = CARTESIAN_POINT ( 'NONE',  ( 9.550000000000000711, 7.250000000000000000, 0.6500000000000020206 ) ) ;
#9346 = AXIS2_PLACEMENT_3D ( 'NONE', #6206, #3801, #5350 ) ;
#9347 = CARTESIAN_POINT ( 'NONE',  ( 2.500000000000000000, 4.250000000000009770, 8.099999999999999645 ) ) ;
#9348 = DIRECTION ( 'NONE',  ( 0.0000000000000000000, -1.000000000000000000, 0.0000000000000000000 ) ) ;
#9349 = LINE ( 'NONE', #2307, #2858 ) ;
#9350 = CARTESIAN_POINT ( 'NONE',  ( -2.500000000000000000, 5.850000000000009415, 9.500000000000010658 ) ) ;
#9351 = VERTEX_POINT ( 'NONE', #2407 ) ;
#9352 = FACE_OUTER_BOUND ( 'NONE', #7194, .T. ) ;
#9353 = CARTESIAN_POINT ( 'NONE',  ( 8.942559080254872228, 1.718879291340180027, 9.827925769509480602 ) ) ;
#9354 = AXIS2_PLACEMENT_3D ( 'NONE', #2720, #9828, #1176 ) ;
#9355 =( NAMED_UNIT ( * ) SI_UNIT ( $, .STERADIAN. ) SOLID_ANGLE_UNIT ( ) );
#9356 = TOROIDAL_SURFACE ( 'NONE', #1802, 1.413776159319739989, 0.2000000000000000111 ) ;
#9357 = STYLED_ITEM ( 'NONE', ( #8488 ), #3144 ) ;
#9358 = EDGE_CURVE ( 'NONE', #4884, #9442, #5806, .T. ) ;
#9359 = LINE ( 'NONE', #2417, #6755 ) ;
#9360 = LINE ( 'NONE', #3827, #3958 ) ;
#9361 = ORIENTED_EDGE ( 'NONE', *, *, #2584, .T. ) ;
#9362 = CARTESIAN_POINT ( 'NONE',  ( 0.9655523953999035625, 3.850000000000007638, 9.413837825582261232 ) ) ;
#9363 = CARTESIAN_POINT ( 'NONE',  ( 8.924099116621576400, 6.782835288287570208, 5.313097438219570812 ) ) ;
#9364 = AXIS2_PLACEMENT_3D ( 'NONE', #6068, #5208, #3740 ) ;
#9365 = UNCERTAINTY_MEASURE_WITH_UNIT (LENGTH_MEASURE( 1.000000000000000082E-05 ), #6232, 'distance_accuracy_value', 'NONE');
#9366 = PLANE ( 'NONE',  #7299 ) ;
#9367 = ORIENTED_EDGE ( 'NONE', *, *, #7509, .F. ) ;
#9368 = ORIENTED_EDGE ( 'NONE', *, *, #3644, .T. ) ;
#9369 = CARTESIAN_POINT ( 'NONE',  ( 4.500000000000000888, 6.620978138265459556, 5.127902589497660202 ) ) ;
#9370 = ORIENTED_EDGE ( 'NONE', *, *, #9939, .F. ) ;
#9371 = COLOUR_RGB ( '',0.2862745098039215508, 0.6431372549019607199, 0.8666666666666666963 ) ;
#9372 = AXIS2_PLACEMENT_3D ( 'NONE', #1852, #1738, #5023 ) ;
#9373 = SURFACE_STYLE_FILL_AREA ( #7840 ) ;
#9374 = EDGE_LOOP ( 'NONE', ( #3026, #10062, #5147, #1485 ) ) ;
#9375 = CARTESIAN_POINT ( 'NONE',  ( 2.500000000000000000, 4.250000000000031086, -3.850000000000000089 ) ) ;
#9376 = ORIENTED_EDGE ( 'NONE', *, *, #8474, .F. ) ;
#9377 = DIRECTION ( 'NONE',  ( 0.2716300227878299944, 0.06713375248915300075, -0.9600573889080840084 ) ) ;
#9378 = PRESENTATION_LAYER_ASSIGNMENT (  '', '', ( #5458 ) ) ;
#9379 = FACE_OUTER_BOUND ( 'NONE', #7066, .T. ) ;
#9380 = B_SPLINE_CURVE_WITH_KNOTS ( 'NONE', 3,
 ( #9908, #445, #3590, #9077, #2690, #6044 ),
 .UNSPECIFIED., .F., .F.,
 ( 4, 2, 4 ),
 ( 3.576224061345498009E-18, 0.0001520665957081934847, 0.0003041331914163833915 ),
 .UNSPECIFIED. ) ;
#9381 = SURFACE_SIDE_STYLE ('',( #2187 ) ) ;
#9382 = ORIENTED_EDGE ( 'NONE', *, *, #1602, .F. ) ;
#9383 = FACE_OUTER_BOUND ( 'NONE', #7762, .T. ) ;
#9384 = AXIS2_PLACEMENT_3D ( 'NONE', #1979, #4512, #5094 ) ;
#9385 = CARTESIAN_POINT ( 'NONE',  ( 2.500000000000000000, 4.250000000000031086, 0.7499999999999981126 ) ) ;
#9386 = DIRECTION ( 'NONE',  ( -0.2716300227878299944, -0.06713375248915300075, 0.9600573889080840084 ) ) ;
#9387 = CARTESIAN_POINT ( 'NONE',  ( 5.794121699421159732, 6.087585839000359655, 5.702638584486940054 ) ) ;
#9388 = DIRECTION ( 'NONE',  ( 0.0000000000000000000, 0.0000000000000000000, 1.000000000000000000 ) ) ;
#9389 = ORIENTED_EDGE ( 'NONE', *, *, #4236, .F. ) ;
#9390 = DIRECTION ( 'NONE',  ( 0.0000000000000000000, 1.000000000000000000, 0.0000000000000000000 ) ) ;
#9391 = ORIENTED_EDGE ( 'NONE', *, *, #451, .T. ) ;
#9392 = EDGE_CURVE ( 'NONE', #734, #7547, #9221, .T. ) ;
#9393 = AXIS2_PLACEMENT_3D ( 'NONE', #5879, #4286, #377 ) ;
#9394 = CARTESIAN_POINT ( 'NONE',  ( 0.4500000000000020095, 2.200000000000000178, 0.6500000000000040190 ) ) ;
#9395 = EDGE_LOOP ( 'NONE', ( #8024, #9022, #2176, #1208, #8938, #7836 ) ) ;
#9396 = CARTESIAN_POINT ( 'NONE',  ( 10.00000000000000000, 7.150000000000000355, 6.500000000000000888 ) ) ;
#9397 = ORIENTED_EDGE ( 'NONE', *, *, #7269, .T. ) ;
#9398 = EDGE_CURVE ( 'NONE', #5572, #1617, #2462, .T. ) ;
#9399 = EDGE_CURVE ( 'NONE', #2070, #2617, #9134, .T. ) ;
#9400 = SURFACE_SIDE_STYLE ('',( #7765 ) ) ;
#9401 = CARTESIAN_POINT ( 'NONE',  ( 3.875649002070729932, 6.820490948317419644, 5.141853884246489592 ) ) ;
#9402 =( NAMED_UNIT ( * ) SI_UNIT ( $, .STERADIAN. ) SOLID_ANGLE_UNIT ( ) );
#9403 = DIRECTION ( 'NONE',  ( 1.000000000000000000, 0.0000000000000000000, -5.152643988049929844E-16 ) ) ;
#9404 = CARTESIAN_POINT ( 'NONE',  ( 7.500000000000000000, 4.250000000000009770, 9.500000000000000000 ) ) ;
#9405 = ORIENTED_EDGE ( 'NONE', *, *, #9119, .F. ) ;
#9406 = CARTESIAN_POINT ( 'NONE',  ( -2.500000000000000000, 4.250000000000009770, 9.500000000000010658 ) ) ;
#9407 = CARTESIAN_POINT ( 'NONE',  ( 1.008157734995720034, 6.591285235931310993, 5.552530875971460667 ) ) ;
#9408 = ADVANCED_FACE ( 'NONE', ( #8509 ), #2076, .T. ) ;
#9409 = CARTESIAN_POINT ( 'NONE',  ( 0.0000000000000000000, 0.9399999999999999467, 6.200000000000001066 ) ) ;
#9410 = CARTESIAN_POINT ( 'NONE',  ( 7.500000000000000000, 4.250000000000000000, 10.00000000000000000 ) ) ;
#9411 = CARTESIAN_POINT ( 'NONE',  ( 0.4500000000000000666, 7.250000000000000000, 5.700000000000000178 ) ) ;
#9412 = PLANE ( 'NONE',  #10173 ) ;
#9413 = AXIS2_PLACEMENT_3D ( 'NONE', #2837, #4248, #8971 ) ;
#9414 = COLOUR_RGB ( '',0.2862745098039215508, 0.6431372549019607199, 0.8666666666666666963 ) ;
#9415 = ORIENTED_EDGE ( 'NONE', *, *, #6291, .F. ) ;
#9416 = VERTEX_POINT ( 'NONE', #6872 ) ;
#9417 = SHAPE_DEFINITION_REPRESENTATION ( #6964, #4147 ) ;
#9418 = EDGE_CURVE ( 'NONE', #2899, #9290, #6109, .T. ) ;
#9419 = CARTESIAN_POINT ( 'NONE',  ( 8.994607792362456777, 6.250000000000374811, 5.499015461809751315 ) ) ;
#9420 = CARTESIAN_POINT ( 'NONE',  ( 10.00000000000000000, 7.150000000000000355, 6.500000000000000888 ) ) ;
#9421 = ADVANCED_FACE ( 'NONE', ( #6651 ), #2859, .T. ) ;
#9422 = ORIENTED_EDGE ( 'NONE', *, *, #8929, .T. ) ;
#9423 = ORIENTED_EDGE ( 'NONE', *, *, #40, .T. ) ;
#9424 =( GEOMETRIC_REPRESENTATION_CONTEXT ( 3 ) GLOBAL_UNCERTAINTY_ASSIGNED_CONTEXT ( ( #4357 ) ) GLOBAL_UNIT_ASSIGNED_CONTEXT ( ( #4192, #8798, #9664 ) ) REPRESENTATION_CONTEXT ( 'NONE', 'WORKASPACE' ) );
#9425 = ORIENTED_EDGE ( 'NONE', *, *, #8313, .F. ) ;
#9426 = CARTESIAN_POINT ( 'NONE',  ( 0.4500000000000000666, 6.250000000000031086, 0.6500000000000010214 ) ) ;
#9427 = ORIENTED_EDGE ( 'NONE', *, *, #1363, .T. ) ;
#9428 = STYLED_ITEM ( 'NONE', ( #3510 ), #7611 ) ;
#9429 = DIRECTION ( 'NONE',  ( 0.0000000000000000000, 1.000000000000000000, 0.0000000000000000000 ) ) ;
#9430 =( BOUNDED_CURVE ( )  B_SPLINE_CURVE ( 3, ( #2744, #3501, #4326, #9855 ),
 .UNSPECIFIED., .F., .T. ) 
 B_SPLINE_CURVE_WITH_KNOTS ( ( 4, 4 ),
 ( 4.758910074651783617, 4.782202150464453183 ),
 .UNSPECIFIED. ) 
 CURVE ( )  GEOMETRIC_REPRESENTATION_ITEM ( )  RATIONAL_B_SPLINE_CURVE ( ( 1.000000000000000000, 0.9999547904446798308, 0.9999547904446798308, 1.000000000000000000 ) ) 
 REPRESENTATION_ITEM ( '' )  );
#9431 = CARTESIAN_POINT ( 'NONE',  ( 5.450000000000000178, 7.250000000000000000, 0.6500000000000040190 ) ) ;
#9432 = ORIENTED_EDGE ( 'NONE', *, *, #3074, .F. ) ;
#9433 = ORIENTED_EDGE ( 'NONE', *, *, #421, .T. ) ;
#9434 = CARTESIAN_POINT ( 'NONE',  ( -3.549999999999999822, -1.462314593354880232, 3.990870176997180607 ) ) ;
#9435 = ADVANCED_FACE ( 'NONE', ( #2184 ), #2228, .F. ) ;
#9436 = ORIENTED_EDGE ( 'NONE', *, *, #8097, .T. ) ;
#9437 = CARTESIAN_POINT ( 'NONE',  ( 8.550000000000000711, 6.370920840910899940, 3.569044486294639995 ) ) ;
#9438 =( LENGTH_UNIT ( ) NAMED_UNIT ( * ) SI_UNIT ( .MILLI., .METRE. ) );
#9439 = PLANE ( 'NONE',  #6585 ) ;
#9440 = ORIENTED_EDGE ( 'NONE', *, *, #7700, .T. ) ;
#9441 = DIRECTION ( 'NONE',  ( 0.0000000000000000000, -1.000000000000000000, 0.0000000000000000000 ) ) ;
#9442 = VERTEX_POINT ( 'NONE', #5384 ) ;
#9443 =( NAMED_UNIT ( * ) SI_UNIT ( $, .STERADIAN. ) SOLID_ANGLE_UNIT ( ) );
#9444 = EDGE_LOOP ( 'NONE', ( #4803, #3580, #2449, #6476, #871, #160, #4264, #9248 ) ) ;
#9445 = SURFACE_SIDE_STYLE ('',( #5710 ) ) ;
#9446 = FACE_OUTER_BOUND ( 'NONE', #4583, .T. ) ;
#9447 = ORIENTED_EDGE ( 'NONE', *, *, #4387, .F. ) ;
#9448 = LINE ( 'NONE', #4026, #7904 ) ;
#9449 = DIRECTION ( 'NONE',  ( 1.000000000000000000, 0.0000000000000000000, 0.0000000000000000000 ) ) ;
#9450 = EDGE_CURVE ( 'NONE', #9192, #6518, #8871, .T. ) ;
#9451 = DIRECTION ( 'NONE',  ( 0.0000000000000000000, -1.000000000000000000, 0.0000000000000000000 ) ) ;
#9452 = SURFACE_STYLE_USAGE ( .BOTH. , #3298 ) ;
#9453 = FACE_OUTER_BOUND ( 'NONE', #5400, .T. ) ;
#9454 = ORIENTED_EDGE ( 'NONE', *, *, #2715, .F. ) ;
#9455 = SURFACE_STYLE_FILL_AREA ( #1579 ) ;
#9456 = CARTESIAN_POINT ( 'NONE',  ( 8.924099116621579952, 6.560463200155851382, 5.313097438219569923 ) ) ;
#9457 =( GEOMETRIC_REPRESENTATION_CONTEXT ( 3 ) GLOBAL_UNCERTAINTY_ASSIGNED_CONTEXT ( ( #9094 ) ) GLOBAL_UNIT_ASSIGNED_CONTEXT ( ( #346, #5896, #4444 ) ) REPRESENTATION_CONTEXT ( 'NONE', 'WORKASPACE' ) );
#9458 = EDGE_CURVE ( 'NONE', #8712, #6998, #3325, .T. ) ;
#9459 = CARTESIAN_POINT ( 'NONE',  ( 8.976625506910858476, 6.471519156817578278, 5.653980085815039303 ) ) ;
#9460 = CARTESIAN_POINT ( 'NONE',  ( -2.500000000000000000, 4.250000000000009770, 9.300000000000009592 ) ) ;
#9461 =( LENGTH_UNIT ( ) NAMED_UNIT ( * ) SI_UNIT ( .MILLI., .METRE. ) );
#9462 = LINE ( 'NONE', #4655, #6389 ) ;
#9463 = LINE ( 'NONE', #236, #7950 ) ;
#9464 = ADVANCED_FACE ( 'NONE', ( #5060 ), #1392, .T. ) ;
#9465 = ORIENTED_EDGE ( 'NONE', *, *, #8358, .F. ) ;
#9466 = EDGE_LOOP ( 'NONE', ( #7565, #2826, #3112, #2721 ) ) ;
#9467 = ITEM_DEFINED_TRANSFORMATION ( 'NONE', 'NONE', #3630,  #7559 ) ;
#9468 = DIRECTION ( 'NONE',  ( 0.0000000000000000000, -3.675221047034999628E-15, 1.000000000000000000 ) ) ;
#9469 = ORIENTED_EDGE ( 'NONE', *, *, #8642, .T. ) ;
#9470 = ADVANCED_FACE ( 'NONE', ( #6057, #2130, #5832 ), #4473, .T. ) ;
#9471 = EDGE_CURVE ( 'NONE', #2119, #9934, #7642, .T. ) ;
#9472 = VECTOR ( 'NONE', #2230, 1000.000000000000000 ) ;
#9473 = LINE ( 'NONE', #9526, #3816 ) ;
#9474 = CARTESIAN_POINT ( 'NONE',  ( -0.5000000000000000000, 6.221952518161529611, 5.100000000000011191 ) ) ;
#9475 = ORIENTED_EDGE ( 'NONE', *, *, #7781, .T. ) ;
#9476 = CARTESIAN_POINT ( 'NONE',  ( 1.027326048814293458, 6.293418682409068765, 5.495963488081318182 ) ) ;
#9477 = VERTEX_POINT ( 'NONE', #5341 ) ;
#9478 = CIRCLE ( 'NONE', #587, 0.2999999999999999334 ) ;
#9479 = ORIENTED_EDGE ( 'NONE', *, *, #6416, .T. ) ;
#9480 = DIRECTION ( 'NONE',  ( 0.0000000000000000000, -1.000000000000000000, 0.0000000000000000000 ) ) ;
#9481 = VERTEX_POINT ( 'NONE', #6242 ) ;
#9482 = DIRECTION ( 'NONE',  ( 3.928415396526638614E-16, 0.3713906763541028888, 0.9284766908852596368 ) ) ;
#9483 =( NAMED_UNIT ( * ) SI_UNIT ( $, .STERADIAN. ) SOLID_ANGLE_UNIT ( ) );
#9484 =( NAMED_UNIT ( * ) PLANE_ANGLE_UNIT ( ) SI_UNIT ( $, .RADIAN. ) );
#9485 = ORIENTED_EDGE ( 'NONE', *, *, #1875, .F. ) ;
#9486 = CARTESIAN_POINT ( 'NONE',  ( 3.000000000000000000, 4.250000000000031086, 0.7499999999999990008 ) ) ;
#9487 = ORIENTED_EDGE ( 'NONE', *, *, #8612, .T. ) ;
#9488 = CARTESIAN_POINT ( 'NONE',  ( 1.124350997929270068, 6.820490948317419644, 5.141853884246501138 ) ) ;
#9489 = EDGE_LOOP ( 'NONE', ( #8241, #320, #5064, #8851 ) ) ;
#9490 = LINE ( 'NONE', #4066, #4568 ) ;
#9491 = COLOUR_RGB ( '',0.2862745098039215508, 0.6431372549019607199, 0.8666666666666666963 ) ;
#9492 = DIRECTION ( 'NONE',  ( 0.0000000000000000000, 0.0000000000000000000, -1.000000000000000000 ) ) ;
#9493 = EDGE_LOOP ( 'NONE', ( #1710, #1645, #1079, #238 ) ) ;
#9494 = VECTOR ( 'NONE', #6345, 1000.000000000000114 ) ;
#9495 = DIRECTION ( 'NONE',  ( 0.8660254037843231334, -0.5000000000002000622, 0.0000000000000000000 ) ) ;
#9496 = CARTESIAN_POINT ( 'NONE',  ( 2.500000000000000000, 4.250000000000009770, 9.300000000000000711 ) ) ;
#9497 = LINE ( 'NONE', #3353, #9851 ) ;
#9498 =( GEOMETRIC_REPRESENTATION_CONTEXT ( 3 ) GLOBAL_UNCERTAINTY_ASSIGNED_CONTEXT ( ( #98 ) ) GLOBAL_UNIT_ASSIGNED_CONTEXT ( ( #4342, #9878, #1996 ) ) REPRESENTATION_CONTEXT ( 'NONE', 'WORKASPACE' ) );
#9499 = LINE ( 'NONE', #20, #4489 ) ;
#9500 = EDGE_LOOP ( 'NONE', ( #4266, #2509, #8939 ) ) ;
#9501 = DIRECTION ( 'NONE',  ( 1.000000000000000000, 0.0000000000000000000, 0.0000000000000000000 ) ) ;
#9502 = ORIENTED_EDGE ( 'NONE', *, *, #6828, .T. ) ;
#9503 = FILL_AREA_STYLE ('',( #8142 ) ) ;
#9504 = CARTESIAN_POINT ( 'NONE',  ( 2.500000000000000000, 4.250000000000009770, 9.500000000000000000 ) ) ;
#9505 = VECTOR ( 'NONE', #5848, 1000.000000000000000 ) ;
#9506 = STYLED_ITEM ( 'NONE', ( #45 ), #9547 ) ;
#9507 = VECTOR ( 'NONE', #5866, 1000.000000000000000 ) ;
#9508 = EDGE_CURVE ( 'NONE', #728, #9788, #3352, .T. ) ;
#9509 = CARTESIAN_POINT ( 'NONE',  ( 9.062892611435067636, 3.850000000000010303, 9.314249409999250773 ) ) ;
#9510 = FACE_OUTER_BOUND ( 'NONE', #3177, .T. ) ;
#9511 = CARTESIAN_POINT ( 'NONE',  ( 8.976961065803179096, 6.143414106835629163, 5.701458542790279971 ) ) ;
#9512 = CARTESIAN_POINT ( 'NONE',  ( -1.124350997929270068, 6.820490948317419644, 5.141853884246489592 ) ) ;
#9513 = TOROIDAL_SURFACE ( 'NONE', #4775, 1.413776159319739989, 0.2000000000000000111 ) ;
#9514 = DIRECTION ( 'NONE',  ( 0.0000000000000000000, 1.000000000000000000, 0.0000000000000000000 ) ) ;
#9515 = VERTEX_POINT ( 'NONE', #3271 ) ;
#9516 = EDGE_LOOP ( 'NONE', ( #3568, #5638, #6383, #8336 ) ) ;
#9517 = AXIS2_PLACEMENT_3D ( 'NONE', #2873, #1227, #8333 ) ;
#9518 = DIRECTION ( 'NONE',  ( 0.0000000000000000000, -0.07124704990663610626, -0.9974586998365402302 ) ) ;
#9519 = MECHANICAL_DESIGN_GEOMETRIC_PRESENTATION_REPRESENTATION (  '', ( #7242 ), #798 ) ;
#9520 = DIRECTION ( 'NONE',  ( 0.0000000000000000000, -1.000000000000000000, 0.0000000000000000000 ) ) ;
#9521 = EDGE_CURVE ( 'NONE', #4212, #556, #7797, .T. ) ;
#9522 = ORIENTED_EDGE ( 'NONE', *, *, #7278, .T. ) ;
#9523 = STYLED_ITEM ( 'NONE', ( #4021 ), #8585 ) ;
#9524 = EDGE_CURVE ( 'NONE', #1973, #5685, #10223, .T. ) ;
#9525 = CIRCLE ( 'NONE', #9877, 1.749999999999989342 ) ;
#9526 = CARTESIAN_POINT ( 'NONE',  ( 15.00000000000000000, 7.750000000000000000, 6.200000000000001066 ) ) ;
#9527 = CARTESIAN_POINT ( 'NONE',  ( 8.550000000000000711, 6.370920840910899940, 3.569044486294639995 ) ) ;
#9528 = EDGE_LOOP ( 'NONE', ( #9555, #112, #848, #3397, #1716, #5508, #5908 ) ) ;
#9529 = CARTESIAN_POINT ( 'NONE',  ( -1.047237294152322251, 6.457752998433939240, 5.432877601037962911 ) ) ;
#9530 = CARTESIAN_POINT ( 'NONE',  ( 1.124350997929270068, 6.820490948317419644, 5.141853884246489592 ) ) ;
#9531 = AXIS2_PLACEMENT_3D ( 'NONE', #3794, #6934, #1505 ) ;
#9532 = EDGE_CURVE ( 'NONE', #9788, #3863, #359, .T. ) ;
#9533 =( GEOMETRIC_REPRESENTATION_CONTEXT ( 3 ) GLOBAL_UNCERTAINTY_ASSIGNED_CONTEXT ( ( #5372 ) ) GLOBAL_UNIT_ASSIGNED_CONTEXT ( ( #7434, #337, #1181 ) ) REPRESENTATION_CONTEXT ( 'NONE', 'WORKASPACE' ) );
#9534 = ORIENTED_EDGE ( 'NONE', *, *, #10118, .F. ) ;
#9535 = EDGE_CURVE ( 'NONE', #6579, #5522, #4079, .T. ) ;
#9536 = ORIENTED_EDGE ( 'NONE', *, *, #3812, .F. ) ;
#9537 = LINE ( 'NONE', #5755, #976 ) ;
#9538 = ADVANCED_FACE ( 'NONE', ( #5438 ), #7104, .T. ) ;
#9539 = CARTESIAN_POINT ( 'NONE',  ( 4.500000000000000888, 3.592004494644689849, 2.875961234938969824 ) ) ;
#9540 = VECTOR ( 'NONE', #9658, 1000.000000000000227 ) ;
#9541 = DIRECTION ( 'NONE',  ( -0.8660254037843231334, 0.5000000000002000622, 0.0000000000000000000 ) ) ;
#9542 = CARTESIAN_POINT ( 'NONE',  ( 9.550000000000000711, 2.200000000000000178, 5.700000000000000178 ) ) ;
#9543 = VERTEX_POINT ( 'NONE', #3845 ) ;
#9544 = ORIENTED_EDGE ( 'NONE', *, *, #6679, .T. ) ;
#9545 = CARTESIAN_POINT ( 'NONE',  ( -5.000000000000000000, 7.750000000000000000, 6.200000000000001066 ) ) ;
#9546 = ORIENTED_EDGE ( 'NONE', *, *, #5053, .F. ) ;
#9547 = ADVANCED_FACE ( 'NONE', ( #3949 ), #93, .T. ) ;
#9548 = CARTESIAN_POINT ( 'NONE',  ( 9.550000000000000711, 2.200000000000000178, 0.6500000000000020206 ) ) ;
#9549 = ADVANCED_FACE ( 'NONE', ( #10114 ), #5489, .F. ) ;
#9550 = ORIENTED_EDGE ( 'NONE', *, *, #776, .F. ) ;
#9551 = DIRECTION ( 'NONE',  ( 0.0000000000000000000, 0.0000000000000000000, -1.000000000000000000 ) ) ;
#9552 =( GEOMETRIC_REPRESENTATION_CONTEXT ( 3 ) GLOBAL_UNCERTAINTY_ASSIGNED_CONTEXT ( ( #1482 ) ) GLOBAL_UNIT_ASSIGNED_CONTEXT ( ( #177, #1683, #4851 ) ) REPRESENTATION_CONTEXT ( 'NONE', 'WORKASPACE' ) );
#9553 = ADVANCED_FACE ( 'NONE', ( #5697 ), #6465, .T. ) ;
#9554 = COLOUR_RGB ( '',0.2862745098039215508, 0.6431372549019607199, 0.8666666666666666963 ) ;
#9555 = ORIENTED_EDGE ( 'NONE', *, *, #1977, .T. ) ;
#9556 = FACE_OUTER_BOUND ( 'NONE', #9115, .T. ) ;
#9557 = FACE_OUTER_BOUND ( 'NONE', #4698, .T. ) ;
#9558 = DIRECTION ( 'NONE',  ( 7.228014483236697541E-16, 0.0000000000000000000, -1.000000000000000000 ) ) ;
#9559 = AXIS2_PLACEMENT_3D ( 'NONE', #8956, #8698, #6535 ) ;
#9560 = CARTESIAN_POINT ( 'NONE',  ( 3.549145049325979961, 6.700698492242080029, 3.987848413411089865 ) ) ;
#9561 = CARTESIAN_POINT ( 'NONE',  ( 8.970979442870280707, 6.380815304788059805, 5.542356440406270401 ) ) ;
#9562 = ORIENTED_EDGE ( 'NONE', *, *, #8169, .F. ) ;
#9563 = DIRECTION ( 'NONE',  ( 0.0000000000000000000, 0.0000000000000000000, 1.000000000000000000 ) ) ;
#9564 = ORIENTED_EDGE ( 'NONE', *, *, #5646, .F. ) ;
#9565 = CARTESIAN_POINT ( 'NONE',  ( 7.500000000000000000, 4.250000000000009770, 8.000000000000000000 ) ) ;
#9566 = AXIS2_PLACEMENT_3D ( 'NONE', #5865, #8009, #5044 ) ;
#9567 = EDGE_CURVE ( 'NONE', #2973, #4009, #4263, .T. ) ;
#9568 = SURFACE_SIDE_STYLE ('',( #8032 ) ) ;
#9569 = CARTESIAN_POINT ( 'NONE',  ( -5.000000000000000000, 7.450000000000000178, 6.200000000000001066 ) ) ;
#9570 = CARTESIAN_POINT ( 'NONE',  ( -1.041844086465805175, 6.384612859888997960, 5.465433459372714964 ) ) ;
#9571 = CARTESIAN_POINT ( 'NONE',  ( 8.856009966283759027, 3.850000000000010303, 9.500000000000000000 ) ) ;
#9572 = DIRECTION ( 'NONE',  ( 0.0000000000000000000, 0.0000000000000000000, -1.000000000000000000 ) ) ;
#9573 = ORIENTED_EDGE ( 'NONE', *, *, #8250, .T. ) ;
#9574 = VECTOR ( 'NONE', #8267, 999.9999999999998863 ) ;
#9575 = DIRECTION ( 'NONE',  ( -1.717547996016639994E-16, 0.0000000000000000000, -1.000000000000000000 ) ) ;
#9576 = ORIENTED_EDGE ( 'NONE', *, *, #8213, .F. ) ;
#9577 = ORIENTED_EDGE ( 'NONE', *, *, #7145, .F. ) ;
#9578 = SURFACE_SIDE_STYLE ('',( #2533 ) ) ;
#9579 = ORIENTED_EDGE ( 'NONE', *, *, #4595, .T. ) ;
#9580 = CARTESIAN_POINT ( 'NONE',  ( -2.500000000000000000, 4.250000000000000000, 9.999999999999989342 ) ) ;
#9581 = FACE_BOUND ( 'NONE', #7280, .T. ) ;
#9582 = FACE_OUTER_BOUND ( 'NONE', #2226, .T. ) ;
#9583 = VERTEX_POINT ( 'NONE', #8160 ) ;
#9584 = CARTESIAN_POINT ( 'NONE',  ( -3.549999999999999822, 6.900812423267500328, 3.990870176997180607 ) ) ;
#9585 = EDGE_CURVE ( 'NONE', #4435, #1187, #2120, .T. ) ;
#9586 = VECTOR ( 'NONE', #3196, 1000.000000000000000 ) ;
#9587 = ORIENTED_EDGE ( 'NONE', *, *, #7101, .T. ) ;
#9588 = VERTEX_POINT ( 'NONE', #5751 ) ;
#9589 = CARTESIAN_POINT ( 'NONE',  ( 0.9371073885687779548, 4.650000000000010125, 9.314249409997584550 ) ) ;
#9590 = UNCERTAINTY_MEASURE_WITH_UNIT (LENGTH_MEASURE( 1.000000000000000082E-05 ), #5760, 'distance_accuracy_value', 'NONE');
#9591 = AXIS2_PLACEMENT_3D ( 'NONE', #3343, #8016, #3285 ) ;
#9592 =( LENGTH_UNIT ( ) NAMED_UNIT ( * ) SI_UNIT ( .MILLI., .METRE. ) );
#9593 = DIRECTION ( 'NONE',  ( 0.0000000000000000000, 0.0000000000000000000, -1.000000000000000000 ) ) ;
#9594 = LINE ( 'NONE', #6578, #2124 ) ;
#9595 = ORIENTED_EDGE ( 'NONE', *, *, #6265, .F. ) ;
#9596 = DIRECTION ( 'NONE',  ( 0.0000000000000000000, 1.000000000000000000, 0.0000000000000000000 ) ) ;
#9597 = ADVANCED_FACE ( 'NONE', ( #250 ), #3549, .F. ) ;
#9598 = VERTEX_POINT ( 'NONE', #6675 ) ;
#9599 = CARTESIAN_POINT ( 'NONE',  ( 1.091470100434432045, 6.803742317568937104, 5.258069125366945151 ) ) ;
#9600 = DIRECTION ( 'NONE',  ( -0.2716300227878299944, 0.06713375248915300075, -0.9600573889080840084 ) ) ;
#9601 = PLANE ( 'NONE',  #4966 ) ;
#9602 = VERTEX_POINT ( 'NONE', #1821 ) ;
#9603 = ORIENTED_EDGE ( 'NONE', *, *, #2380, .T. ) ;
#9604 =( NAMED_UNIT ( * ) SI_UNIT ( $, .STERADIAN. ) SOLID_ANGLE_UNIT ( ) );
#9605 = ADVANCED_FACE ( 'NONE', ( #2539 ), #5858, .T. ) ;
#9606 = DIRECTION ( 'NONE',  ( 0.0000000000000000000, 1.000000000000000000, 0.0000000000000000000 ) ) ;
#9607 = EDGE_CURVE ( 'NONE', #5132, #9188, #5906, .T. ) ;
#9608 = DIRECTION ( 'NONE',  ( 0.0000000000000000000, 0.0000000000000000000, -1.000000000000000000 ) ) ;
#9609 = ORIENTED_EDGE ( 'NONE', *, *, #9287, .F. ) ;
#9610 = CARTESIAN_POINT ( 'NONE',  ( 9.100781059358210356, 3.850000000000010303, 8.800000000000000711 ) ) ;
#9611 = DIRECTION ( 'NONE',  ( 0.0000000000000000000, 0.9284766908852596368, 0.3713906763541028888 ) ) ;
#9612 = CARTESIAN_POINT ( 'NONE',  ( 8.970471856080228790, 6.144996693392779541, 5.536046900691029116 ) ) ;
#9613 = ORIENTED_EDGE ( 'NONE', *, *, #5319, .T. ) ;
#9614 = ORIENTED_EDGE ( 'NONE', *, *, #4657, .T. ) ;
#9615 = DIRECTION ( 'NONE',  ( -1.000000000000000000, 0.0000000000000000000, 0.0000000000000000000 ) ) ;
#9616 = DIRECTION ( 'NONE',  ( 4.311199699514559827E-15, -1.000000000000000000, 0.0000000000000000000 ) ) ;
#9617 = CARTESIAN_POINT ( 'NONE',  ( 10.30499999999999972, 1.726091832102840007, 6.200000000000001066 ) ) ;
#9618 = DIRECTION ( 'NONE',  ( -1.000000000000000000, 0.0000000000000000000, -3.641714079092569968E-16 ) ) ;
#9619 = EDGE_LOOP ( 'NONE', ( #683, #10140, #7467, #3227 ) ) ;
#9620 = B_SPLINE_CURVE_WITH_KNOTS ( 'NONE', 3,
 ( #10051, #437, #4365, #1240 ),
 .UNSPECIFIED., .F., .F.,
 ( 4, 4 ),
 ( 1.788112030672749005E-18, 0.0001440220723645873019 ),
 .UNSPECIFIED. ) ;
#9621 = CARTESIAN_POINT ( 'NONE',  ( 1.449999999999999956, 6.301461569844129862, 3.962967587499520050 ) ) ;
#9622 =( LENGTH_UNIT ( ) NAMED_UNIT ( * ) SI_UNIT ( .MILLI., .METRE. ) );
#9623 = CARTESIAN_POINT ( 'NONE',  ( 4.200000000000000178, 3.850000000000010303, 9.500000000000000000 ) ) ;
#9624 = VERTEX_POINT ( 'NONE', #6517 ) ;
#9625 = ORIENTED_EDGE ( 'NONE', *, *, #825, .T. ) ;
#9626 = FACE_OUTER_BOUND ( 'NONE', #3249, .T. ) ;
#9627 = CARTESIAN_POINT ( 'NONE',  ( 9.034447604600114090, 4.650000000000011902, 9.413837825582238139 ) ) ;
#9628 = CARTESIAN_POINT ( 'NONE',  ( -2.500000000000000000, 4.250000000000000000, 9.999999999999989342 ) ) ;
#9629 = ORIENTED_EDGE ( 'NONE', *, *, #278, .F. ) ;
#9630 = VECTOR ( 'NONE', #3581, 1000.000000000000000 ) ;
#9631 = ORIENTED_EDGE ( 'NONE', *, *, #8655, .T. ) ;
#9632 = CARTESIAN_POINT ( 'NONE',  ( -1.041844086465805175, 6.384612859888997960, 5.465433459372714964 ) ) ;
#9633 = DIRECTION ( 'NONE',  ( 0.0000000000000000000, -3.675221047034999628E-15, 1.000000000000000000 ) ) ;
#9634 =( NAMED_UNIT ( * ) PLANE_ANGLE_UNIT ( ) SI_UNIT ( $, .RADIAN. ) );
#9635 = CARTESIAN_POINT ( 'NONE',  ( 6.047237146905950489, 6.457750997099076962, 5.432878492312125829 ) ) ;
#9636 = ORIENTED_EDGE ( 'NONE', *, *, #5405, .F. ) ;
#9637 = DIRECTION ( 'NONE',  ( -0.3481553119113961481, -0.8703882797784894265, 0.3481553119113950934 ) ) ;
#9638 = ORIENTED_EDGE ( 'NONE', *, *, #7589, .T. ) ;
#9639 = EDGE_LOOP ( 'NONE', ( #5231, #329, #1159, #1153 ) ) ;
#9640 = DIRECTION ( 'NONE',  ( 0.0000000000000000000, -1.000000000000000000, 0.0000000000000000000 ) ) ;
#9642 = AXIS2_PLACEMENT_3D ( 'NONE', #6733, #2863, #5971 ) ;
#9641 =( BOUNDED_CURVE ( )  B_SPLINE_CURVE ( 3, ( #2560, #8137, #2515, #1052 ),
 .UNSPECIFIED., .F., .T. ) 
 B_SPLINE_CURVE_WITH_KNOTS ( ( 4, 4 ),
 ( 4.150549750469691546, 4.642575810304920836 ),
 .UNSPECIFIED. ) 
 CURVE ( )  GEOMETRIC_REPRESENTATION_ITEM ( )  RATIONAL_B_SPLINE_CURVE ( ( 1.000000000000000000, 0.9799274069394408038, 0.9799274069394408038, 1.000000000000000000 ) ) 
 REPRESENTATION_ITEM ( '' )  );
#9643 = ORIENTED_EDGE ( 'NONE', *, *, #2053, .F. ) ;
#9644 = LINE ( 'NONE', #4113, #9726 ) ;
#9645 = CARTESIAN_POINT ( 'NONE',  ( 6.092568578620795705, 3.850000000000008527, 9.500000000000003553 ) ) ;
#9646 = VERTEX_POINT ( 'NONE', #4994 ) ;
#9647 = VECTOR ( 'NONE', #9783, 1000.000000000000000 ) ;
#9648 = CARTESIAN_POINT ( 'NONE',  ( 4.059110900119891951, 3.850000000000010303, 9.365540160509153722 ) ) ;
#9649 = ORIENTED_EDGE ( 'NONE', *, *, #2585, .F. ) ;
#9650 = CARTESIAN_POINT ( 'NONE',  ( 1.128298252077120090, 6.620978138265459556, 5.127902589497660202 ) ) ;
#9651 = VERTEX_POINT ( 'NONE', #3329 ) ;
#9652 = CARTESIAN_POINT ( 'NONE',  ( 2.500000000000000000, 2.650000000000010125, 8.100000000000010303 ) ) ;
#9653 = CARTESIAN_POINT ( 'NONE',  ( -1.023038934196819794, 6.143414106835629163, 5.701458542790289741 ) ) ;
#9654 = ORIENTED_EDGE ( 'NONE', *, *, #3759, .F. ) ;
#9655 = ORIENTED_EDGE ( 'NONE', *, *, #7088, .F. ) ;
#9656 = VECTOR ( 'NONE', #7976, 1000.000000000000000 ) ;
#9657 = EDGE_CURVE ( 'NONE', #1568, #5754, #7342, .T. ) ;
#9658 = DIRECTION ( 'NONE',  ( 0.0000000000000000000, 0.07124704990663610626, -0.9974586998365402302 ) ) ;
#9659 = CARTESIAN_POINT ( 'NONE',  ( 0.4500000000000040079, 2.200000000000000178, 5.700000000000000178 ) ) ;
#9660 = SURFACE_STYLE_USAGE ( .BOTH. , #6344 ) ;
#9661 = LINE ( 'NONE', #5777, #940 ) ;
#9662 = ORIENTED_EDGE ( 'NONE', *, *, #9535, .T. ) ;
#9663 = DIRECTION ( 'NONE',  ( -0.2716300227878299944, 0.06713375248915300075, -0.9600573889080840084 ) ) ;
#9664 =( NAMED_UNIT ( * ) SI_UNIT ( $, .STERADIAN. ) SOLID_ANGLE_UNIT ( ) );
#9665 = CARTESIAN_POINT ( 'NONE',  ( 7.500000000000000000, 4.250000000000009770, 9.500000000000000000 ) ) ;
#9666 = VERTEX_POINT ( 'NONE', #8984 ) ;
#9667 = CARTESIAN_POINT ( 'NONE',  ( 7.500000000000000000, 4.250000000000009770, 8.800000000000000711 ) ) ;
#9668 = ORIENTED_EDGE ( 'NONE', *, *, #1327, .F. ) ;
#9669 = CARTESIAN_POINT ( 'NONE',  ( 0.0000000000000000000, 6.733652732787760442, 9.738256522761849610 ) ) ;
#9670 = DIRECTION ( 'NONE',  ( 0.0000000000000000000, 0.0000000000000000000, 1.000000000000000000 ) ) ;
#9671 = EDGE_CURVE ( 'NONE', #6974, #10155, #4166, .T. ) ;
#9672 = EDGE_CURVE ( 'NONE', #10107, #3626, #8827, .T. ) ;
#9673 = DIRECTION ( 'NONE',  ( -1.000000000000000000, 0.0000000000000000000, 5.152643988049929844E-16 ) ) ;
#9674 = ORIENTED_EDGE ( 'NONE', *, *, #8843, .F. ) ;
#9675 = VECTOR ( 'NONE', #4042, 1000.000000000000000 ) ;
#9676 = CARTESIAN_POINT ( 'NONE',  ( 5.997691185957250148, 6.250000000000079936, 5.579085650507749961 ) ) ;
#9677 = UNCERTAINTY_MEASURE_WITH_UNIT (LENGTH_MEASURE( 1.000000000000000082E-05 ), #9438, 'distance_accuracy_value', 'NONE');
#9678 = CARTESIAN_POINT ( 'NONE',  ( 4.087037305134390230, 3.850000000000010303, 8.986637655680240755 ) ) ;
#9679 = EDGE_LOOP ( 'NONE', ( #5903, #10061, #2717, #1494 ) ) ;
#9680 = FACE_OUTER_BOUND ( 'NONE', #1172, .T. ) ;
#9681 = SURFACE_SIDE_STYLE ('',( #8869 ) ) ;
#9682 = CONICAL_SURFACE ( 'NONE', #8048, 0.2499999999999997780, 0.4636476084710116075 ) ;
#9683 = DIRECTION ( 'NONE',  ( 0.0000000000000000000, 1.000000000000000000, 0.0000000000000000000 ) ) ;
#9684 = AXIS2_PLACEMENT_3D ( 'NONE', #2860, #3323, #1701 ) ;
#9685 = STYLED_ITEM ( 'NONE', ( #7423 ), #2502 ) ;
#9686 = ORIENTED_EDGE ( 'NONE', *, *, #8630, .F. ) ;
#9687 = EDGE_CURVE ( 'NONE', #1676, #7075, #1871, .T. ) ;
#9688 = FACE_OUTER_BOUND ( 'NONE', #3725, .T. ) ;
#9689 =( GEOMETRIC_REPRESENTATION_CONTEXT ( 3 ) GLOBAL_UNCERTAINTY_ASSIGNED_CONTEXT ( ( #388 ) ) GLOBAL_UNIT_ASSIGNED_CONTEXT ( ( #4036, #8542, #1532 ) ) REPRESENTATION_CONTEXT ( 'NONE', 'WORKASPACE' ) );
#9690 = MECHANICAL_DESIGN_GEOMETRIC_PRESENTATION_REPRESENTATION (  '', ( #9506 ), #9187 ) ;
#9691 = FACE_OUTER_BOUND ( 'NONE', #7590, .T. ) ;
#9692 = FILL_AREA_STYLE ('',( #6512 ) ) ;
#9693 = AXIS2_PLACEMENT_3D ( 'NONE', #4195, #2616, #181 ) ;
#9694 = AXIS2_PLACEMENT_3D ( 'NONE', #3162, #4754, #7776 ) ;
#9695 = AXIS2_PLACEMENT_3D ( 'NONE', #7652, #4576, #7697 ) ;
#9696 = DIRECTION ( 'NONE',  ( 0.0000000000000000000, -1.000000000000000000, -3.965082230804130614E-15 ) ) ;
#9697 = ORIENTED_EDGE ( 'NONE', *, *, #7724, .F. ) ;
#9698 = DIRECTION ( 'NONE',  ( 1.000000000000000000, 0.0000000000000000000, 0.0000000000000000000 ) ) ;
#9699 = DIRECTION ( 'NONE',  ( 0.0000000000000000000, 0.9975640502598243087, 0.06975647374412512203 ) ) ;
#9700 = EDGE_LOOP ( 'NONE', ( #958, #6632, #5724, #2467 ) ) ;
#9701 = ORIENTED_EDGE ( 'NONE', *, *, #6464, .F. ) ;
#9702 = CARTESIAN_POINT ( 'NONE',  ( 0.9060895252061991201, 3.850000000000010303, 8.893318922984189356 ) ) ;
#9703 = CIRCLE ( 'NONE', #1145, 1.649999999999999467 ) ;
#9704 = ADVANCED_FACE ( 'NONE', ( #4107 ), #975, .T. ) ;
#9705 = PLANE ( 'NONE',  #4993 ) ;
#9706 = CARTESIAN_POINT ( 'NONE',  ( 6.042075563605189714, 6.384681409738329982, 5.464040510342130119 ) ) ;
#9707 = CARTESIAN_POINT ( 'NONE',  ( 4.198613071924840234, 6.089357680825980168, 5.509810034670159951 ) ) ;
#9708 = EDGE_LOOP ( 'NONE', ( #7863, #795 ) ) ;
#9709 = AXIS2_PLACEMENT_3D ( 'NONE', #9665, #5016, #5884 ) ;
#9710 = FACE_OUTER_BOUND ( 'NONE', #626, .T. ) ;
#9711 = DIRECTION ( 'NONE',  ( 1.000000000000000000, 0.0000000000000000000, 0.0000000000000000000 ) ) ;
#9712 = CARTESIAN_POINT ( 'NONE',  ( 0.0000000000000000000, 7.450000000000000178, 6.200000000000001066 ) ) ;
#9713 = ADVANCED_FACE ( 'NONE', ( #6922 ), #402, .F. ) ;
#9714 = SURFACE_STYLE_FILL_AREA ( #3607 ) ;
#9715 = FILL_AREA_STYLE_COLOUR ( '', #8063 ) ;
#9716 = MECHANICAL_DESIGN_GEOMETRIC_PRESENTATION_REPRESENTATION (  '', ( #813 ), #4144 ) ;
#9717 = PRESENTATION_LAYER_ASSIGNMENT (  '', '', ( #4157 ) ) ;
#9718 = CARTESIAN_POINT ( 'NONE',  ( -2.500000000000000000, 4.250000000000031086, -3.850000000000000089 ) ) ;
#9719 = CARTESIAN_POINT ( 'NONE',  ( -3.553947254147849844, 6.900000000000019895, 4.004821471746000228 ) ) ;
#9720 = PLANE ( 'NONE',  #9393 ) ;
#9721 = CARTESIAN_POINT ( 'NONE',  ( -2.500000000000000000, 9.550000000000029132, 2.750000000000000000 ) ) ;
#9722 = ADVANCED_FACE ( 'NONE', ( #9127 ), #8404, .F. ) ;
#9723 =( NAMED_UNIT ( * ) SI_UNIT ( $, .STERADIAN. ) SOLID_ANGLE_UNIT ( ) );
#9724 = CARTESIAN_POINT ( 'NONE',  ( 1.001299467198440096, 6.250000000000079936, 5.536292564213430190 ) ) ;
#9725 = EDGE_LOOP ( 'NONE', ( #9479, #892, #7237, #3260, #5076, #3434 ) ) ;
#9726 = VECTOR ( 'NONE', #7244, 1000.000000000000000 ) ;
#9727 = ORIENTED_EDGE ( 'NONE', *, *, #232, .F. ) ;
#9728 = CARTESIAN_POINT ( 'NONE',  ( 6.999999999999999112, 4.250000000000031086, 0.7499999999999960032 ) ) ;
#9729 = EDGE_CURVE ( 'NONE', #9666, #8432, #548, .T. ) ;
#9730 = FACE_OUTER_BOUND ( 'NONE', #1663, .T. ) ;
#9731 = AXIS2_PLACEMENT_3D ( 'NONE', #3897, #7021, #7183 ) ;
#9732 = AXIS2_PLACEMENT_3D ( 'NONE', #7230, #7285, #7951 ) ;
#9733 = FACE_OUTER_BOUND ( 'NONE', #1911, .T. ) ;
#9734 = DIRECTION ( 'NONE',  ( 0.0000000000000000000, 0.0000000000000000000, -1.000000000000000000 ) ) ;
#9735 = DIRECTION ( 'NONE',  ( 0.0000000000000000000, 0.0000000000000000000, 1.000000000000000000 ) ) ;
#9736 = FILL_AREA_STYLE_COLOUR ( '', #4984 ) ;
#9737 = ORIENTED_EDGE ( 'NONE', *, *, #278, .T. ) ;
#9738 = VERTEX_POINT ( 'NONE', #3685 ) ;
#9739 = CYLINDRICAL_SURFACE ( 'NONE', #9841, 1.400000000000000133 ) ;
#9740 = DIRECTION ( 'NONE',  ( -1.000000000000000000, 0.0000000000000000000, 0.0000000000000000000 ) ) ;
#9741 = EDGE_CURVE ( 'NONE', #10129, #2332, #5123, .T. ) ;
#9742 = FILL_AREA_STYLE_COLOUR ( '', #2943 ) ;
#9743 = PRESENTATION_LAYER_ASSIGNMENT (  '', '', ( #7937 ) ) ;
#9744 = CARTESIAN_POINT ( 'NONE',  ( 2.500000000000000000, 4.250000000000031086, 0.7499999999999981126 ) ) ;
#9745 = VERTEX_POINT ( 'NONE', #5956 ) ;
#9746 = CYLINDRICAL_SURFACE ( 'NONE', #273, 1.400000000000000133 ) ;
#9747 = EDGE_CURVE ( 'NONE', #7453, #571, #6812, .T. ) ;
#9748 = ADVANCED_FACE ( 'NONE', ( #4373 ), #7499, .F. ) ;
#9749 = CYLINDRICAL_SURFACE ( 'NONE', #1198, 1.400000000000000133 ) ;
#9750 = EDGE_LOOP ( 'NONE', ( #434, #612, #1102, #7520 ) ) ;
#9751 = EDGE_CURVE ( 'NONE', #1713, #2648, #6719, .T. ) ;
#9752 = FACE_OUTER_BOUND ( 'NONE', #7093, .T. ) ;
#9753 = CARTESIAN_POINT ( 'NONE',  ( 7.423020349793491235, -1.462314593354880232, 5.694239332014509714 ) ) ;
#9754 = ORIENTED_EDGE ( 'NONE', *, *, #2220, .T. ) ;
#9755 = CARTESIAN_POINT ( 'NONE',  ( 8.924099116621579952, 6.560463200155851382, 5.313097438219569923 ) ) ;
#9756 = AXIS2_PLACEMENT_3D ( 'NONE', #4825, #6461, #6514 ) ;
#9757 = DIRECTION ( 'NONE',  ( 0.0000000000000000000, 1.000000000000000000, 0.0000000000000000000 ) ) ;
#9758 = CARTESIAN_POINT ( 'NONE',  ( -3.549999999999999822, 6.900812423267500328, 3.990870176997180607 ) ) ;
#9759 = CARTESIAN_POINT ( 'NONE',  ( 3.549999999999999822, 6.700487189948059807, 3.990870176997169949 ) ) ;
#9760 = MECHANICAL_DESIGN_GEOMETRIC_PRESENTATION_REPRESENTATION (  '', ( #4675 ), #6656 ) ;
#9761 = ORIENTED_EDGE ( 'NONE', *, *, #6352, .T. ) ;
#9762 = VECTOR ( 'NONE', #1188, 1000.000000000000000 ) ;
#9763 = CARTESIAN_POINT ( 'NONE',  ( 2.500000000000000000, 4.250000000000009770, 9.314249409997579221 ) ) ;
#9764 = ORIENTED_EDGE ( 'NONE', *, *, #1298, .T. ) ;
#9765 = ADVANCED_FACE ( 'NONE', ( #6766 ), #9850, .T. ) ;
#9766 = ORIENTED_EDGE ( 'NONE', *, *, #6783, .T. ) ;
#9767 = LINE ( 'NONE', #8365, #914 ) ;
#9768 = CYLINDRICAL_SURFACE ( 'NONE', #4309, 0.5000000000000000000 ) ;
#9769 = ORIENTED_EDGE ( 'NONE', *, *, #2246, .F. ) ;
#9770 = AXIS2_PLACEMENT_3D ( 'NONE', #8441, #3818, #1374 ) ;
#9771 = CARTESIAN_POINT ( 'NONE',  ( 8.000000000000000000, 4.250000000000031086, 0.7499999999999960032 ) ) ;
#9772 = CARTESIAN_POINT ( 'NONE',  ( 5.925592927451249992, 4.650000000000010125, 9.158054070483650833 ) ) ;
#9773 = CARTESIAN_POINT ( 'NONE',  ( 0.8013880889269699992, 6.089357963934170392, 5.509803114629500342 ) ) ;
#9774 = EDGE_CURVE ( 'NONE', #8244, #2218, #2926, .T. ) ;
#9775 = CARTESIAN_POINT ( 'NONE',  ( 10.00000000000000000, 7.150000000000000355, 6.500000000000000888 ) ) ;
#9776 = SURFACE_STYLE_FILL_AREA ( #5207 ) ;
#9777 = CARTESIAN_POINT ( 'NONE',  ( 0.9942342462682710602, 6.250000000000079936, 5.651381332702870353 ) ) ;
#9778 = ORIENTED_EDGE ( 'NONE', *, *, #5494, .F. ) ;
#9779 = MECHANICAL_DESIGN_GEOMETRIC_PRESENTATION_REPRESENTATION (  '', ( #9428 ), #6814 ) ;
#9780 = CARTESIAN_POINT ( 'NONE',  ( 5.925592927451260650, 3.850000000000010303, 9.158054070483689912 ) ) ;
#9781 = CARTESIAN_POINT ( 'NONE',  ( 8.254835393828189538, 6.973925928331420110, 2.947631442961020198 ) ) ;
#9782 = CARTESIAN_POINT ( 'NONE',  ( -2.999999999668877759, 4.250000000000031086, -3.850000000000000089 ) ) ;
#9783 = DIRECTION ( 'NONE',  ( -1.717547996016639994E-16, 0.0000000000000000000, -1.000000000000000000 ) ) ;
#9784 = FACE_OUTER_BOUND ( 'NONE', #3241, .T. ) ;
#9785 = DIRECTION ( 'NONE',  ( -1.717547996016639994E-16, 0.0000000000000000000, -1.000000000000000000 ) ) ;
#9786 = DIRECTION ( 'NONE',  ( 0.0000000000000000000, 0.0000000000000000000, 1.000000000000000000 ) ) ;
#9787 = VERTEX_POINT ( 'NONE', #6349 ) ;
#9788 = VERTEX_POINT ( 'NONE', #3939 ) ;
#9789 = FACE_OUTER_BOUND ( 'NONE', #699, .T. ) ;
#9790 =( LENGTH_UNIT ( ) NAMED_UNIT ( * ) SI_UNIT ( .MILLI., .METRE. ) );
#9791 = COLOUR_RGB ( '',0.2862745098039215508, 0.6431372549019607199, 0.8666666666666666963 ) ;
#9792 = EDGE_CURVE ( 'NONE', #4764, #9316, #7174, .T. ) ;
#9793 = EDGE_CURVE ( 'NONE', #5040, #1381, #8650, .T. ) ;
#9794 = FACE_OUTER_BOUND ( 'NONE', #2556, .T. ) ;
#9795 = AXIS2_PLACEMENT_3D ( 'NONE', #193, #2482, #7334 ) ;
#9796 = CARTESIAN_POINT ( 'NONE',  ( 5.817239423961069633, 6.093223782856449944, 5.414712191412339948 ) ) ;
#9797 = EDGE_LOOP ( 'NONE', ( #6894, #5279, #5624, #2718 ) ) ;
#9798 = CARTESIAN_POINT ( 'NONE',  ( 7.500000000000000000, 4.250000000000009770, 8.099999999999999645 ) ) ;
#9799 = ORIENTED_EDGE ( 'NONE', *, *, #700, .T. ) ;
#9800 = DIRECTION ( 'NONE',  ( -0.3481553119113939276, -0.8703882797784897596, 0.3481553119113959260 ) ) ;
#9801 = EDGE_CURVE ( 'NONE', #8947, #10225, #3168, .T. ) ;
#9802 = EDGE_CURVE ( 'NONE', #8825, #5415, #6146, .T. ) ;
#9803 = DIRECTION ( 'NONE',  ( 8.725247161685363089E-18, -0.07124704990663610626, -0.9974586998365402302 ) ) ;
#9804 = COLOUR_RGB ( '',0.2862745098039215508, 0.6431372549019607199, 0.8666666666666666963 ) ;
#9805 = VECTOR ( 'NONE', #9920, 1000.000000000000000 ) ;
#9806 =( NAMED_UNIT ( * ) SI_UNIT ( $, .STERADIAN. ) SOLID_ANGLE_UNIT ( ) );
#9807 = ORIENTED_EDGE ( 'NONE', *, *, #2543, .T. ) ;
#9808 = LINE ( 'NONE', #459, #8694 ) ;
#9809 = DIRECTION ( 'NONE',  ( 0.0000000000000000000, 1.000000000000000000, 0.0000000000000000000 ) ) ;
#9810 = ORIENTED_EDGE ( 'NONE', *, *, #8169, .T. ) ;
#9811 = DIRECTION ( 'NONE',  ( -1.000000000000000000, 0.0000000000000000000, 0.0000000000000000000 ) ) ;
#9812 = ORIENTED_EDGE ( 'NONE', *, *, #1402, .F. ) ;
#9813 = CARTESIAN_POINT ( 'NONE',  ( 2.500000000000000000, 6.250000000000031086, 2.750000000000000000 ) ) ;
#9814 = FACE_OUTER_BOUND ( 'NONE', #1113, .T. ) ;
#9815 = ORIENTED_EDGE ( 'NONE', *, *, #7724, .T. ) ;
#9816 = EDGE_LOOP ( 'NONE', ( #575, #586, #8011, #3200 ) ) ;
#9817 =( NAMED_UNIT ( * ) PLANE_ANGLE_UNIT ( ) SI_UNIT ( $, .RADIAN. ) );
#9818 = CARTESIAN_POINT ( 'NONE',  ( 8.924099116621576400, 6.560463200155850494, 5.313097438219570812 ) ) ;
#9819 = VECTOR ( 'NONE', #9600, 1000.000000000000000 ) ;
#9820 = ORIENTED_EDGE ( 'NONE', *, *, #6414, .F. ) ;
#9821 = PLANE ( 'NONE',  #10204 ) ;
#9822 = CARTESIAN_POINT ( 'NONE',  ( 3.957786553235370430, 4.650000000000011013, 9.481490714224456440 ) ) ;
#9823 = ORIENTED_EDGE ( 'NONE', *, *, #9324, .T. ) ;
#9824 =( NAMED_UNIT ( * ) PLANE_ANGLE_UNIT ( ) SI_UNIT ( $, .RADIAN. ) );
#9825 = B_SPLINE_CURVE_WITH_KNOTS ( 'NONE', 3,
 ( #5989, #8338, #3576, #10042 ),
 .UNSPECIFIED., .F., .F.,
 ( 4, 4 ),
 ( 2.431334100318663339E-11, 0.0001342749659835592918 ),
 .UNSPECIFIED. ) ;
#9826 = PRESENTATION_STYLE_ASSIGNMENT (( #5120 ) ) ;
#9827 = APPLICATION_CONTEXT ( 'automotive_design' ) ;
#9828 = DIRECTION ( 'NONE',  ( 1.000000000000000000, 0.0000000000000000000, 0.0000000000000000000 ) ) ;
#9829 = EDGE_CURVE ( 'NONE', #2599, #10183, #2263, .T. ) ;
#9830 = AXIS2_PLACEMENT_3D ( 'NONE', #338, #9892, #7569 ) ;
#9831 = SURFACE_STYLE_USAGE ( .BOTH. , #5361 ) ;
#9832 = DIRECTION ( 'NONE',  ( 0.0000000000000000000, 0.0000000000000000000, -1.000000000000000000 ) ) ;
#9833 = CARTESIAN_POINT ( 'NONE',  ( -1.038572353324233255, 6.340242470872315295, 5.485183436973982474 ) ) ;
#9834 =( BOUNDED_CURVE ( )  B_SPLINE_CURVE ( 3, ( #2412, #5564, #6177, #4751 ),
 .UNSPECIFIED., .F., .T. ) 
 B_SPLINE_CURVE_WITH_KNOTS ( ( 4, 4 ),
 ( 3.152431614607970722, 3.305761861899165321 ),
 .UNSPECIFIED. ) 
 CURVE ( )  GEOMETRIC_REPRESENTATION_ITEM ( )  RATIONAL_B_SPLINE_CURVE ( ( 1.000000000000000000, 0.9980417790144403556, 0.9980417790144403556, 1.000000000000000000 ) ) 
 REPRESENTATION_ITEM ( '' )  );
#9835 = FILL_AREA_STYLE_COLOUR ( '', #4199 ) ;
#9836 = ORIENTED_EDGE ( 'NONE', *, *, #6347, .T. ) ;
#9837 = FACE_OUTER_BOUND ( 'NONE', #7653, .T. ) ;
#9838 = PLANE ( 'NONE',  #1397 ) ;
#9839 = CARTESIAN_POINT ( 'NONE',  ( 9.093910474793799992, 3.850000000000010303, 8.893318922984189356 ) ) ;
#9840 = EDGE_CURVE ( 'NONE', #9515, #5040, #598, .T. ) ;
#9841 = AXIS2_PLACEMENT_3D ( 'NONE', #3316, #1697, #2633 ) ;
#9842 = FILL_AREA_STYLE ('',( #6806 ) ) ;
#9843 = LINE ( 'NONE', #4405, #8746 ) ;
#9844 = FILL_AREA_STYLE ('',( #2940 ) ) ;
#9845 = PLANE ( 'NONE',  #5491 ) ;
#9846 = ORIENTED_EDGE ( 'NONE', *, *, #4612, .F. ) ;
#9847 = B_SPLINE_CURVE_WITH_KNOTS ( 'NONE', 3,
 ( #1693, #8037, #3416, #3312, #4866, #9571 ),
 .UNSPECIFIED., .F., .F.,
 ( 4, 2, 4 ),
 ( 4.720615760976057157E-16, 0.0001520665957078345596, 0.0003041331914151970575 ),
 .UNSPECIFIED. ) ;
#9848 = FILL_AREA_STYLE_COLOUR ( '', #3479 ) ;
#9849 = EDGE_CURVE ( 'NONE', #260, #2295, #5306, .T. ) ;
#9850 = PLANE ( 'NONE',  #1774 ) ;
#9851 = VECTOR ( 'NONE', #2513, 1000.000000000000000 ) ;
#9853 = ORIENTED_EDGE ( 'NONE', *, *, #6218, .F. ) ;
#9852 = EDGE_CURVE ( 'NONE', #2705, #5398, #1111, .T. ) ;
#9854 = EDGE_CURVE ( 'NONE', #8677, #6723, #10216, .T. ) ;
#9855 = CARTESIAN_POINT ( 'NONE',  ( 3.553947254147849844, 6.900000000000019895, 4.004821471746000228 ) ) ;
#9856 = VECTOR ( 'NONE', #2936, 1000.000000000000000 ) ;
#9857 = PRESENTATION_LAYER_ASSIGNMENT (  '', '', ( #2622 ) ) ;
#9858 = VECTOR ( 'NONE', #5821, 1000.000000000000000 ) ;
#9859 = MECHANICAL_DESIGN_GEOMETRIC_PRESENTATION_REPRESENTATION (  '', ( #8534 ), #7712 ) ;
#9860 = VERTEX_POINT ( 'NONE', #1647 ) ;
#9861 = CARTESIAN_POINT ( 'NONE',  ( 3.976962475704029831, 6.379043491581979808, 5.701173905684830068 ) ) ;
#9862 = ORIENTED_EDGE ( 'NONE', *, *, #4540, .F. ) ;
#9863 = CARTESIAN_POINT ( 'NONE',  ( 2.500000000000000000, 4.250000000000009770, 8.100000000000010303 ) ) ;
#9864 = EDGE_CURVE ( 'NONE', #4616, #3078, #4048, .T. ) ;
#9865 = VECTOR ( 'NONE', #9008, 1000.000000000000000 ) ;
#9866 = LINE ( 'NONE', #2812, #126 ) ;
#9867 = CARTESIAN_POINT ( 'NONE',  ( 10.50000000000000000, 0.6613248654051859798, 6.200000000000001066 ) ) ;
#9868 = VECTOR ( 'NONE', #10055, 1000.000000000000000 ) ;
#9869 = PLANE ( 'NONE',  #6330 ) ;
#9870 = AXIS2_PLACEMENT_3D ( 'NONE', #3432, #7498, #1971 ) ;
#9871 = FILL_AREA_STYLE_COLOUR ( '', #1580 ) ;
#9872 = ADVANCED_FACE ( 'NONE', ( #705 ), #7945, .T. ) ;
#9873 =( NAMED_UNIT ( * ) SI_UNIT ( $, .STERADIAN. ) SOLID_ANGLE_UNIT ( ) );
#9874 = CARTESIAN_POINT ( 'NONE',  ( -2.500000000000000000, 4.250000000000031086, 0.7500000000000009992 ) ) ;
#9875 = VECTOR ( 'NONE', #10054, 1000.000000000000000 ) ;
#9876 = CARTESIAN_POINT ( 'NONE',  ( 9.068650814749700473, 4.650000000000010125, 9.236151811974439241 ) ) ;
#9877 = AXIS2_PLACEMENT_3D ( 'NONE', #3152, #2308, #3038 ) ;
#9878 =( NAMED_UNIT ( * ) PLANE_ANGLE_UNIT ( ) SI_UNIT ( $, .RADIAN. ) );
#9880 = EDGE_CURVE ( 'NONE', #7379, #6680, #6141, .T. ) ;
#9879 = ORIENTED_EDGE ( 'NONE', *, *, #2441, .F. ) ;
#9881 = EDGE_CURVE ( 'NONE', #8738, #5230, #8499, .T. ) ;
#9882 = CARTESIAN_POINT ( 'NONE',  ( 8.972678822233662643, 6.293409039702022589, 5.495964165885547814 ) ) ;
#9883 = CARTESIAN_POINT ( 'NONE',  ( 4.062892611431221823, 4.650000000000010125, 9.314249409997579221 ) ) ;
#9884 = ORIENTED_EDGE ( 'NONE', *, *, #3173, .F. ) ;
#9885 = EDGE_CURVE ( 'NONE', #8432, #8595, #3833, .T. ) ;
#9886 = CARTESIAN_POINT ( 'NONE',  ( 0.0000000000000000000, 0.0000000000000000000, 0.0000000000000000000 ) ) ;
#9887 = PRESENTATION_STYLE_ASSIGNMENT (( #3572 ) ) ;
#9888 = AXIS2_PLACEMENT_3D ( 'NONE', #302, #5146, #5860 ) ;
#9889 = DIRECTION ( 'NONE',  ( 3.641714079092569968E-16, 0.0000000000000000000, -1.000000000000000000 ) ) ;
#9890 = AXIS2_PLACEMENT_3D ( 'NONE', #4641, #9296, #9495 ) ;
#9891 = ORIENTED_EDGE ( 'NONE', *, *, #1094, .T. ) ;
#9892 = DIRECTION ( 'NONE',  ( 0.0000000000000000000, 0.9045256429962995615, -0.4264192316982558517 ) ) ;
#9893 = VECTOR ( 'NONE', #6131, 1000.000000000000000 ) ;
#9894 = FACE_OUTER_BOUND ( 'NONE', #8045, .T. ) ;
#9895 = CIRCLE ( 'NONE', #2818, 1.749999999999999778 ) ;
#9896 = CARTESIAN_POINT ( 'NONE',  ( 5.906089525206200008, 4.650000000000010125, 8.893318922984189356 ) ) ;
#9897 = UNCERTAINTY_MEASURE_WITH_UNIT (LENGTH_MEASURE( 1.000000000000000082E-05 ), #3290, 'distance_accuracy_value', 'NONE');
#9898 = LINE ( 'NONE', #9114, #31 ) ;
#9899 = ORIENTED_EDGE ( 'NONE', *, *, #5728, .F. ) ;
#9900 = DIRECTION ( 'NONE',  ( -0.4999999999998217537, 0.8660254037845416253, 0.0000000000000000000 ) ) ;
#9901 = CARTESIAN_POINT ( 'NONE',  ( -0.5000000000000000000, 5.950000000000040146, 3.291739462922410375 ) ) ;
#9902 = EDGE_CURVE ( 'NONE', #9588, #6968, #3884, .T. ) ;
#9903 = AXIS2_PLACEMENT_3D ( 'NONE', #10011, #8958, #1893 ) ;
#9904 = COLOUR_RGB ( '',0.2862745098039215508, 0.6431372549019607199, 0.8666666666666666963 ) ;
#9905 = CARTESIAN_POINT ( 'NONE',  ( 25.00000000000000000, 7.750000000000000000, 5.900000000000000355 ) ) ;
#9906 =( NAMED_UNIT ( * ) SI_UNIT ( $, .STERADIAN. ) SOLID_ANGLE_UNIT ( ) );
#9907 =( BOUNDED_SURFACE ( )  B_SPLINE_SURFACE ( 3, 2, ( 
 ( #5991, #5891, #3476 ),
 ( #5179, #389, #5260 ),
 ( #1953, #7573, #3578 ),
 ( #7438, #5844, #7486 ) ),
 .UNSPECIFIED., .F., .F., .F. ) 
 B_SPLINE_SURFACE_WITH_KNOTS ( ( 4, 4 ),
 ( 3, 3 ),
 ( 0.0000000000000000000, 1.000000000000000000 ),
 ( 0.0000000000000000000, 1.000000000000000000 ),
 .UNSPECIFIED. ) 
 GEOMETRIC_REPRESENTATION_ITEM ( )  RATIONAL_B_SPLINE_SURFACE ( (
 ( 1.000000000000000000, 0.7864262337499590139, 1.000000000000000000),
 ( 1.000000000000000000, 0.7864474701795289846, 1.000000000000000000),
 ( 1.000000000000000000, 0.7861046529251329851, 1.000000000000000000),
 ( 1.000000000000000000, 0.7854013110680500009, 1.000000000000000000) ) ) 
 REPRESENTATION_ITEM ( '' )  SURFACE ( )  );
#9908 = CARTESIAN_POINT ( 'NONE',  ( 5.937107388568777289, 4.650000000000010125, 9.314249409997573892 ) ) ;
#9909 = EDGE_LOOP ( 'NONE', ( #9172, #4459, #2484, #547 ) ) ;
#9910 = MECHANICAL_DESIGN_GEOMETRIC_PRESENTATION_REPRESENTATION (  '', ( #2991 ), #6292 ) ;
#9911 = ORIENTED_EDGE ( 'NONE', *, *, #6785, .F. ) ;
#9912 = COLOUR_RGB ( '',0.2862745098039215508, 0.6431372549019607199, 0.8666666666666666963 ) ;
#9913 = ORIENTED_EDGE ( 'NONE', *, *, #2147, .F. ) ;
#9914 = CARTESIAN_POINT ( 'NONE',  ( 3.977386614090289818, 6.143310324244612097, 5.618805837179500884 ) ) ;
#9915 = VERTEX_POINT ( 'NONE', #8813 ) ;
#9916 =( LENGTH_UNIT ( ) NAMED_UNIT ( * ) SI_UNIT ( .MILLI., .METRE. ) );
#9917 = EDGE_CURVE ( 'NONE', #4212, #2251, #961, .T. ) ;
#9918 = CARTESIAN_POINT ( 'NONE',  ( -0.5000000000000000000, 6.221952518161529611, 5.100000000000011191 ) ) ;
#9919 = CARTESIAN_POINT ( 'NONE',  ( 7.500000000000000000, 4.250000000000000000, 10.00000000000000000 ) ) ;
#9920 = DIRECTION ( 'NONE',  ( 0.0000000000000000000, 0.0000000000000000000, -1.000000000000000000 ) ) ;
#9921 = AXIS2_PLACEMENT_3D ( 'NONE', #1756, #4052, #8934 ) ;
#9922 = CARTESIAN_POINT ( 'NONE',  ( 9.006141391221529346, 6.250000000000030198, 5.699344090454331990 ) ) ;
#9923 = B_SPLINE_CURVE_WITH_KNOTS ( 'NONE', 3,
 ( #802, #747, #2318, #5418 ),
 .UNSPECIFIED., .F., .F.,
 ( 4, 4 ),
 ( 8.451082728519452952E-14, 0.0002372982933281728851 ),
 .UNSPECIFIED. ) ;
#9924 = DIRECTION ( 'NONE',  ( 0.0000000000000000000, 0.0000000000000000000, -1.000000000000000000 ) ) ;
#9925 = DIRECTION ( 'NONE',  ( -0.3713906763541049427, 0.9284766908852587486, 7.857794173099917901E-32 ) ) ;
#9926 = UNCERTAINTY_MEASURE_WITH_UNIT (LENGTH_MEASURE( 1.000000000000000082E-05 ), #9258, 'distance_accuracy_value', 'NONE');
#9927 = MECHANICAL_DESIGN_GEOMETRIC_PRESENTATION_REPRESENTATION (  '', ( #8765 ), #9096 ) ;
#9928 = ORIENTED_EDGE ( 'NONE', *, *, #1977, .F. ) ;
#9929 = FACE_OUTER_BOUND ( 'NONE', #10214, .T. ) ;
#9930 = CARTESIAN_POINT ( 'NONE',  ( 6.999999999999999112, 4.250000000000031086, 0.0000000000000000000 ) ) ;
#9931 = DIRECTION ( 'NONE',  ( 0.0000000000000000000, 0.0000000000000000000, 1.000000000000000000 ) ) ;
#9932 = EDGE_CURVE ( 'NONE', #6726, #156, #1067, .T. ) ;
#9933 = DIRECTION ( 'NONE',  ( -0.2716300227878299944, -0.06713375248915300075, 0.9600573889080840084 ) ) ;
#9934 = VERTEX_POINT ( 'NONE', #8762 ) ;
#9935 = CARTESIAN_POINT ( 'NONE',  ( 5.899218940641789644, 3.850000000000010303, 8.800000000000000711 ) ) ;
#9936 = DIRECTION ( 'NONE',  ( 0.0000000000000000000, 0.0000000000000000000, -1.000000000000000000 ) ) ;
#9937 = EDGE_LOOP ( 'NONE', ( #2155, #5104, #6921, #5740 ) ) ;
#9938 = EDGE_CURVE ( 'NONE', #2749, #2243, #3777, .T. ) ;
#9939 = EDGE_CURVE ( 'NONE', #143, #4875, #6615, .T. ) ;
#9940 = PLANE ( 'NONE',  #7739 ) ;
#9941 =( NAMED_UNIT ( * ) SI_UNIT ( $, .STERADIAN. ) SOLID_ANGLE_UNIT ( ) );
#9942 = FILL_AREA_STYLE ('',( #7665 ) ) ;
#9943 = CIRCLE ( 'NONE', #3375, 1.749999999999989342 ) ;
#9944 = AXIS2_PLACEMENT_3D ( 'NONE', #8302, #6852, #4400 ) ;
#9945 = DIRECTION ( 'NONE',  ( 5.421010862427519212E-16, 0.0000000000000000000, -1.000000000000000000 ) ) ;
#9946 = SURFACE_STYLE_USAGE ( .BOTH. , #1282 ) ;
#9947 = ORIENTED_EDGE ( 'NONE', *, *, #399, .F. ) ;
#9948 =( LENGTH_UNIT ( ) NAMED_UNIT ( * ) SI_UNIT ( .MILLI., .METRE. ) );
#9949 = CARTESIAN_POINT ( 'NONE',  ( 8.890407047718351663, 6.616355096402059210, 5.194015168276943761 ) ) ;
#9950 = CARTESIAN_POINT ( 'NONE',  ( 5.799999999999999822, 3.850000000000010303, 8.800000000000000711 ) ) ;
#9951 = CARTESIAN_POINT ( 'NONE',  ( 3.994607792362468768, 6.250000000000364153, 5.499015461809754868 ) ) ;
#9952 = ORIENTED_EDGE ( 'NONE', *, *, #2503, .F. ) ;
#9953 = CARTESIAN_POINT ( 'NONE',  ( 8.550000000000000711, 5.950000000000040146, 3.291739462922410375 ) ) ;
#9954 = DIRECTION ( 'NONE',  ( -1.000000000000000000, -5.580452358381269806E-16, 0.0000000000000000000 ) ) ;
#9955 = SURFACE_STYLE_USAGE ( .BOTH. , #3683 ) ;
#9956 = VERTEX_POINT ( 'NONE', #4869 ) ;
#9957 = VERTEX_POINT ( 'NONE', #5077 ) ;
#9958 = ORIENTED_EDGE ( 'NONE', *, *, #2756, .F. ) ;
#9959 = CARTESIAN_POINT ( 'NONE',  ( 4.206355740440960389, 6.087469401107320266, 5.606250910350279781 ) ) ;
#9960 = VERTEX_POINT ( 'NONE', #6554 ) ;
#9961 = SURFACE_STYLE_FILL_AREA ( #9035 ) ;
#9962 = DIRECTION ( 'NONE',  ( 0.0000000000000000000, -1.000000000000000000, 0.0000000000000000000 ) ) ;
#9963 = CARTESIAN_POINT ( 'NONE',  ( 5.450000000000009948, 2.200000000000000178, 5.799999999999999822 ) ) ;
#9964 = CYLINDRICAL_SURFACE ( 'NONE', #6028, 1.749999999999990230 ) ;
#9965 = CARTESIAN_POINT ( 'NONE',  ( 10.50000000000000000, 0.8864914703891380032, 6.200000000000001066 ) ) ;
#9966 = ADVANCED_FACE ( 'NONE', ( #9680 ), #9739, .T. ) ;
#9967 = CONICAL_SURFACE ( 'NONE', #5059, 0.2499999999999997780, 0.4636476084710116075 ) ;
#9968 = CLOSED_SHELL ( 'NONE', ( #5283, #343, #5611, #5659, #2686, #4915, #5102, #88, #3773, #6435, #3067, #6813, #3538, #3131, #2060, #9408, #9597, #6033, #4303, #9748, #8163, #8202, #3584, #9872, #9605, #9988, #3439, #5352, #6668, #5174, #523, #6981, #1876, #3075, #5460, #2003, #5285, #6191, #5579, #3146, #3362, #3762, #6970, #9464, #2699, #6356, #4417, #6279, #4935, #4625, #8585, #8943, #5587, #2735, #4082, #7544, #6691, #7473, #9039, #7151, #1527, #2502, #7035, #1059, #1721, #6385, #6166, #6024, #3124, #755, #241, #535, #3899, #6220, #4846, #8868, #7660, #1088, #5641, #2302, #2776, #1311, #2545, #4724, #4004, #10108, #8467, #405, #1044, #9202, #9547, #8028, #2890, #9549, #9299, #5298, #1018, #6478, #4287, #9435, #3016, #1782, #880, #4726, #1356, #1806, #4546, #1913, #2229, #5986, #5479, #3252, #5022, #9470, #4784, #7850, #3901 ) ) ;
#9969 = CARTESIAN_POINT ( 'NONE',  ( 1.075900883378423156, 6.560463200155847829, 5.313097438219579693 ) ) ;
#9970 = CARTESIAN_POINT ( 'NONE',  ( -4.200000000000000178, 4.650000000000010125, 8.800000000000009592 ) ) ;
#9971 = LINE ( 'NONE', #4384, #3825 ) ;
#9972 = LINE ( 'NONE', #2146, #6734 ) ;
#9973 = ORIENTED_EDGE ( 'NONE', *, *, #3837, .F. ) ;
#9974 = FACE_OUTER_BOUND ( 'NONE', #3444, .T. ) ;
#9975 = ORIENTED_EDGE ( 'NONE', *, *, #8290, .T. ) ;
#9976 = ADVANCED_FACE ( 'NONE', ( #3370 ), #6508, .T. ) ;
#9977 = CARTESIAN_POINT ( 'NONE',  ( 0.4500000000000000666, 2.200000000000000178, 0.6500000000000010214 ) ) ;
#9978 = CARTESIAN_POINT ( 'NONE',  ( 3.254835393828189982, 6.973925928331420110, 2.947631442961020198 ) ) ;
#9979 = ORIENTED_EDGE ( 'NONE', *, *, #5519, .F. ) ;
#9980 = EDGE_CURVE ( 'NONE', #2869, #7916, #8103, .T. ) ;
#9981 = VECTOR ( 'NONE', #7969, 1000.000000000000000 ) ;
#9982 = CARTESIAN_POINT ( 'NONE',  ( 3.549999999999999822, 3.592004494644689849, 2.875961234938980038 ) ) ;
#9983 = DIRECTION ( 'NONE',  ( 0.0000000000000000000, 0.0000000000000000000, -1.000000000000000000 ) ) ;
#9984 = CYLINDRICAL_SURFACE ( 'NONE', #8859, 1.400000000000000133 ) ;
#9985 = FACE_OUTER_BOUND ( 'NONE', #290, .T. ) ;
#9986 = CARTESIAN_POINT ( 'NONE',  ( 2.500000000000000000, 4.250000000000009770, 8.100000000000010303 ) ) ;
#9987 = ORIENTED_EDGE ( 'NONE', *, *, #6870, .T. ) ;
#9988 = ADVANCED_FACE ( 'NONE', ( #9626 ), #7441, .T. ) ;
#9989 = SURFACE_STYLE_USAGE ( .BOTH. , #5134 ) ;
#9990 = EDGE_CURVE ( 'NONE', #1404, #5530, #6513, .T. ) ;
#9991 = AXIS2_PLACEMENT_3D ( 'NONE', #2304, #3147, #3921 ) ;
#9992 = DIRECTION ( 'NONE',  ( 0.0000000000000000000, 1.000000000000000000, 0.0000000000000000000 ) ) ;
#9993 = CARTESIAN_POINT ( 'NONE',  ( 2.000000000000000000, 4.250000000000031086, -7.780492421955380190E-15 ) ) ;
#9994 =( NAMED_UNIT ( * ) PLANE_ANGLE_UNIT ( ) SI_UNIT ( $, .RADIAN. ) );
#9995 = FACE_BOUND ( 'NONE', #1637, .T. ) ;
#9996 = DIRECTION ( 'NONE',  ( -1.000000000000000000, 0.0000000000000000000, 1.717547996016639994E-16 ) ) ;
#9997 = ORIENTED_EDGE ( 'NONE', *, *, #2585, .T. ) ;
#9998 = ADVANCED_FACE ( 'NONE', ( #4152 ), #2574, .F. ) ;
#9999 = DIRECTION ( 'NONE',  ( -5.421010862427519212E-16, 0.0000000000000000000, -1.000000000000000000 ) ) ;
#10000 = EDGE_CURVE ( 'NONE', #2353, #8961, #5686, .T. ) ;
#10001 = AXIS2_PLACEMENT_3D ( 'NONE', #1386, #4556, #447 ) ;
#10002 = EDGE_CURVE ( 'NONE', #7336, #10181, #8391, .T. ) ;
#10003 = VERTEX_POINT ( 'NONE', #2061 ) ;
#10004 = AXIS2_PLACEMENT_3D ( 'NONE', #7675, #5998, #595 ) ;
#10005 = EDGE_LOOP ( 'NONE', ( #8581, #7196, #1365 ) ) ;
#10006 = CARTESIAN_POINT ( 'NONE',  ( 7.500000000000000000, 4.250000000000009770, 9.300000000000000711 ) ) ;
#10007 = PRESENTATION_LAYER_ASSIGNMENT (  '', '', ( #9685 ) ) ;
#10008 = ORIENTED_EDGE ( 'NONE', *, *, #390, .F. ) ;
#10009 = LINE ( 'NONE', #457, #1347 ) ;
#10010 =( LENGTH_UNIT ( ) NAMED_UNIT ( * ) SI_UNIT ( .MILLI., .METRE. ) );
#10011 = CARTESIAN_POINT ( 'NONE',  ( -0.5000000000000000000, 6.370920840910899940, 3.569044486294639995 ) ) ;
#10012 = LINE ( 'NONE', #4049, #6840 ) ;
#10013 = B_SPLINE_CURVE_WITH_KNOTS ( 'NONE', 3,
 ( #90, #9635, #5642, #8769 ),
 .UNSPECIFIED., .F., .F.,
 ( 4, 4 ),
 ( 8.469785172630072355E-14, 0.0002372982933281810708 ),
 .UNSPECIFIED. ) ;
#10014 = DIRECTION ( 'NONE',  ( -1.000000000000000000, 0.0000000000000000000, 0.0000000000000000000 ) ) ;
#10015 = PRESENTATION_LAYER_ASSIGNMENT (  '', '', ( #7229 ) ) ;
#10016 = CARTESIAN_POINT ( 'NONE',  ( 3.892263480588886715, 6.816384655952809624, 5.200576600905334246 ) ) ;
#10017 = TOROIDAL_SURFACE ( 'NONE', #1132, 1.600000000000000089, 0.1000000000000000056 ) ;
#10018 = ADVANCED_FACE ( 'NONE', ( #9837 ), #2011, .T. ) ;
#10019 = PRESENTATION_LAYER_ASSIGNMENT (  '', '', ( #770 ) ) ;
#10020 = EDGE_CURVE ( 'NONE', #1565, #922, #9062, .T. ) ;
#10021 = DIRECTION ( 'NONE',  ( 0.0000000000000000000, 0.0000000000000000000, 1.000000000000000000 ) ) ;
#10022 = DIRECTION ( 'NONE',  ( 0.0000000000000000000, 1.000000000000000000, 0.0000000000000000000 ) ) ;
#10023 = VECTOR ( 'NONE', #4536, 1000.000000000000000 ) ;
#10024 = DIRECTION ( 'NONE',  ( -0.3713906763541020561, 0.9284766908852600809, -5.238529448733281520E-32 ) ) ;
#10025 = CARTESIAN_POINT ( 'NONE',  ( 10.50000000000000000, 1.838675134594820015, 0.0000000000000000000 ) ) ;
#10026 = ORIENTED_EDGE ( 'NONE', *, *, #908, .F. ) ;
#10027 = MECHANICAL_DESIGN_GEOMETRIC_PRESENTATION_REPRESENTATION (  '', ( #2122 ), #623 ) ;
#10028 = AXIS2_PLACEMENT_3D ( 'NONE', #2024, #298, #3548 ) ;
#10029 = LINE ( 'NONE', #4532, #8551 ) ;
#10030 = ORIENTED_EDGE ( 'NONE', *, *, #1670, .T. ) ;
#10031 = CARTESIAN_POINT ( 'NONE',  ( -2.500000000000000000, 6.250000000000031086, 4.150000000000000355 ) ) ;
#10032 = ORIENTED_EDGE ( 'NONE', *, *, #4644, .T. ) ;
#10033 =( LENGTH_UNIT ( ) NAMED_UNIT ( * ) SI_UNIT ( .MILLI., .METRE. ) );
#10034 =( NAMED_UNIT ( * ) PLANE_ANGLE_UNIT ( ) SI_UNIT ( $, .RADIAN. ) );
#10035 = ORIENTED_EDGE ( 'NONE', *, *, #737, .T. ) ;
#10036 = PRESENTATION_LAYER_ASSIGNMENT (  '', '', ( #9047 ) ) ;
#10037 = STYLED_ITEM ( 'NONE', ( #6449 ), #4724 ) ;
#10038 =( GEOMETRIC_REPRESENTATION_CONTEXT ( 3 ) GLOBAL_UNCERTAINTY_ASSIGNED_CONTEXT ( ( #7119 ) ) GLOBAL_UNIT_ASSIGNED_CONTEXT ( ( #354, #6718, #5465 ) ) REPRESENTATION_CONTEXT ( 'NONE', 'WORKASPACE' ) );
#10039 = EDGE_CURVE ( 'NONE', #8005, #654, #8345, .T. ) ;
#10040 = FILL_AREA_STYLE_COLOUR ( '', #8249 ) ;
#10041 = DIRECTION ( 'NONE',  ( -0.4472135950260953119, 0.0000000000000000000, 0.8944271912368472188 ) ) ;
#10042 = CARTESIAN_POINT ( 'NONE',  ( 0.9938586087084645415, 6.250000000000043521, 5.699344090454423473 ) ) ;
#10043 = VECTOR ( 'NONE', #923, 1000.000000000000000 ) ;
#10044 = SURFACE_STYLE_FILL_AREA ( #6132 ) ;
#10045 = EDGE_CURVE ( 'NONE', #3080, #6143, #6802, .T. ) ;
#10046 = ORIENTED_EDGE ( 'NONE', *, *, #1104, .T. ) ;
#10047 = AXIS2_PLACEMENT_3D ( 'NONE', #6658, #384, #5068 ) ;
#10048 = SURFACE_SIDE_STYLE ('',( #5516 ) ) ;
#10049 = VECTOR ( 'NONE', #9596, 1000.000000000000000 ) ;
#10050 = CARTESIAN_POINT ( 'NONE',  ( -1.745164606171810018, 6.973925928331420110, 2.947631442961020198 ) ) ;
#10051 = CARTESIAN_POINT ( 'NONE',  ( 1.005392207408169147, 6.250000000000031086, 5.499015461808847149 ) ) ;
#10052 = CIRCLE ( 'NONE', #4808, 1.400000000000000133 ) ;
#10053 = AXIS2_PLACEMENT_3D ( 'NONE', #7030, #3853, #9283 ) ;
#10054 = DIRECTION ( 'NONE',  ( 3.641714079092569968E-16, 0.0000000000000000000, -1.000000000000000000 ) ) ;
#10055 = DIRECTION ( 'NONE',  ( -0.3481553119113969808, -0.8703882797784889824, -0.3481553119113949823 ) ) ;
#10056 = ORIENTED_EDGE ( 'NONE', *, *, #9418, .F. ) ;
#10057 = LINE ( 'NONE', #6092, #502 ) ;
#10058 = CARTESIAN_POINT ( 'NONE',  ( 3.958155913534195935, 6.384612859889001513, 5.465433459372714076 ) ) ;
#10059 = EDGE_CURVE ( 'NONE', #9333, #321, #435, .T. ) ;
#10060 = ORIENTED_EDGE ( 'NONE', *, *, #10105, .T. ) ;
#10061 = ORIENTED_EDGE ( 'NONE', *, *, #7282, .F. ) ;
#10062 = ORIENTED_EDGE ( 'NONE', *, *, #7361, .T. ) ;
#10063 = EDGE_CURVE ( 'NONE', #1946, #6260, #6152, .T. ) ;
#10064 = ADVANCED_FACE ( 'NONE', ( #9789 ), #5219, .F. ) ;
#10065 = ADVANCED_FACE ( 'NONE', ( #7110 ), #5367, .T. ) ;
#10066 =( NAMED_UNIT ( * ) SI_UNIT ( $, .STERADIAN. ) SOLID_ANGLE_UNIT ( ) );
#10067 = ORIENTED_EDGE ( 'NONE', *, *, #1890, .T. ) ;
#10068 = CARTESIAN_POINT ( 'NONE',  ( 5.799999999999999822, 4.650000000000010125, 8.800000000000000711 ) ) ;
#10069 = VERTEX_POINT ( 'NONE', #6288 ) ;
#10070 = FILL_AREA_STYLE ('',( #3061 ) ) ;
#10071 = CARTESIAN_POINT ( 'NONE',  ( 7.500000000000000000, 5.950000000000040146, 1.349999999999999867 ) ) ;
#10072 = ORIENTED_EDGE ( 'NONE', *, *, #4465, .T. ) ;
#10073 = DIRECTION ( 'NONE',  ( -5.152643988049919983E-16, 0.0000000000000000000, -1.000000000000000000 ) ) ;
#10074 = CARTESIAN_POINT ( 'NONE',  ( 8.553947254147852064, 6.900000000000019895, 4.004821471746000228 ) ) ;
#10075 = UNCERTAINTY_MEASURE_WITH_UNIT (LENGTH_MEASURE( 1.000000000000000082E-05 ), #893, 'distance_accuracy_value', 'NONE');
#10076 = CARTESIAN_POINT ( 'NONE',  ( 10.00000000000000000, 6.436102000195529804, 9.700000000000001066 ) ) ;
#10077 = CARTESIAN_POINT ( 'NONE',  ( -5.500000000000000000, 6.405650476444289865, 3.372082935692199968 ) ) ;
#10078 = CARTESIAN_POINT ( 'NONE',  ( 6.001299467198440318, 6.250000000000079936, 5.536292564213420420 ) ) ;
#10079 = VERTEX_POINT ( 'NONE', #3208 ) ;
#10080 = CARTESIAN_POINT ( 'NONE',  ( 9.550000000000000711, 6.250000000000031086, 5.700000000000000178 ) ) ;
#10081 = EDGE_LOOP ( 'NONE', ( #5633, #6049, #7160, #8218, #8130, #2549 ) ) ;
#10082 = FACE_OUTER_BOUND ( 'NONE', #9750, .T. ) ;
#10083 = ORIENTED_EDGE ( 'NONE', *, *, #10039, .F. ) ;
#10084 = PRESENTATION_LAYER_ASSIGNMENT (  '', '', ( #4675 ) ) ;
#10085 = CARTESIAN_POINT ( 'NONE',  ( -3.994607792591831519, 6.250000000000031086, 5.499015461808847149 ) ) ;
#10086 = FACE_OUTER_BOUND ( 'NONE', #9128, .T. ) ;
#10087 = FACE_OUTER_BOUND ( 'NONE', #8898, .T. ) ;
#10088 = CARTESIAN_POINT ( 'NONE',  ( 6.041844085658512498, 6.384612859941942276, 5.465433459296741958 ) ) ;
#10089 = SURFACE_SIDE_STYLE ('',( #10044 ) ) ;
#10090 = DIRECTION ( 'NONE',  ( 1.000000000000000000, 0.0000000000000000000, 0.0000000000000000000 ) ) ;
#10091 = EDGE_LOOP ( 'NONE', ( #987, #2552, #5355, #191 ) ) ;
#10092 = CIRCLE ( 'NONE', #9770, 1.599999999999999867 ) ;
#10093 = CARTESIAN_POINT ( 'NONE',  ( 10.00000000000000000, 1.800000000000000266, 10.00000000000000000 ) ) ;
#10094 = LINE ( 'NONE', #9353, #9304 ) ;
#10095 = DIRECTION ( 'NONE',  ( 0.9284766908852600809, 0.3713906763541020561, -4.784109839334421468E-16 ) ) ;
#10096 = PRESENTATION_LAYER_ASSIGNMENT (  '', '', ( #2702 ) ) ;
#10097 = FACE_OUTER_BOUND ( 'NONE', #3484, .T. ) ;
#10098 = CARTESIAN_POINT ( 'NONE',  ( 0.4500000000000020095, 7.250000000000000000, 0.6500000000000040190 ) ) ;
#10099 = ORIENTED_EDGE ( 'NONE', *, *, #6155, .F. ) ;
#10100 = FILL_AREA_STYLE_COLOUR ( '', #336 ) ;
#10101 = LINE ( 'NONE', #855, #5752 ) ;
#10102 = CARTESIAN_POINT ( 'NONE',  ( 3.958131431689484003, 3.850000000000009859, 9.481228347016307012 ) ) ;
#10103 = ORIENTED_EDGE ( 'NONE', *, *, #8482, .T. ) ;
#10104 = DIRECTION ( 'NONE',  ( 0.0000000000000000000, 0.0000000000000000000, -1.000000000000000000 ) ) ;
#10105 = EDGE_CURVE ( 'NONE', #943, #4323, #3710, .T. ) ;
#10106 = ORIENTED_EDGE ( 'NONE', *, *, #9228, .T. ) ;
#10107 = VERTEX_POINT ( 'NONE', #6903 ) ;
#10108 = ADVANCED_FACE ( 'NONE', ( #8639 ), #3927, .T. ) ;
#10109 = CARTESIAN_POINT ( 'NONE',  ( 9.750000000000000000, 7.750000000000000000, 9.017126979087359724E-16 ) ) ;
#10110 = EDGE_LOOP ( 'NONE', ( #929, #2493 ) ) ;
#10111 = CARTESIAN_POINT ( 'NONE',  ( 3.875649002070729932, 6.820490948317419644, 5.141853884246479822 ) ) ;
#10112 = ORIENTED_EDGE ( 'NONE', *, *, #3596, .F. ) ;
#10113 = FACE_OUTER_BOUND ( 'NONE', #7290, .T. ) ;
#10114 = FACE_OUTER_BOUND ( 'NONE', #8300, .T. ) ;
#10115 = PLANE ( 'NONE',  #5441 ) ;
#10116 = EDGE_CURVE ( 'NONE', #7071, #4732, #5124, .T. ) ;
#10117 = FILL_AREA_STYLE ('',( #9235 ) ) ;
#10118 = EDGE_CURVE ( 'NONE', #5964, #6717, #7772, .T. ) ;
#10119 = FACE_OUTER_BOUND ( 'NONE', #7757, .T. ) ;
#10120 = LINE ( 'NONE', #769, #5446 ) ;
#10121 = UNCERTAINTY_MEASURE_WITH_UNIT (LENGTH_MEASURE( 1.000000000000000082E-05 ), #7650, 'distance_accuracy_value', 'NONE');
#10122 = DIRECTION ( 'NONE',  ( 0.0000000000000000000, -1.000000000000000000, 0.0000000000000000000 ) ) ;
#10123 = DIRECTION ( 'NONE',  ( 0.0000000000000000000, 0.0000000000000000000, -1.000000000000000000 ) ) ;
#10124 = LINE ( 'NONE', #7858, #3959 ) ;
#10125 = ORIENTED_EDGE ( 'NONE', *, *, #9801, .F. ) ;
#10126 = LINE ( 'NONE', #3193, #7730 ) ;
#10127 = EDGE_LOOP ( 'NONE', ( #10178, #3238, #10030, #6705 ) ) ;
#10128 = CARTESIAN_POINT ( 'NONE',  ( 4.500000000000000888, 6.700487189948059807, 3.990870176997169949 ) ) ;
#10129 = VERTEX_POINT ( 'NONE', #6227 ) ;
#10130 = CARTESIAN_POINT ( 'NONE',  ( 7.500000000000000000, 9.550000000000029132, 2.750000000000000000 ) ) ;
#10131 = ADVANCED_FACE ( 'NONE', ( #9352 ), #2310, .F. ) ;
#10132 = VERTEX_POINT ( 'NONE', #3357 ) ;
#10133 = CARTESIAN_POINT ( 'NONE',  ( 7.500000000000000000, 4.250000000000031086, -4.349999999999999645 ) ) ;
#10134 = CARTESIAN_POINT ( 'NONE',  ( 7.500000000000000000, 4.250000000000000000, 10.00000000000000000 ) ) ;
#10135 = PRESENTATION_LAYER_ASSIGNMENT (  '', '', ( #4403 ) ) ;
#10136 = CARTESIAN_POINT ( 'NONE',  ( 5.450000000000009948, 6.250000000000031086, 5.700000000000000178 ) ) ;
#10137 = CARTESIAN_POINT ( 'NONE',  ( -4.549999999999999822, 7.750000000000000000, 5.900000000000000355 ) ) ;
#10138 = FACE_BOUND ( 'NONE', #3913, .T. ) ;
#10139 = LINE ( 'NONE', #3925, #2301 ) ;
#10140 = ORIENTED_EDGE ( 'NONE', *, *, #3330, .T. ) ;
#10141 = CARTESIAN_POINT ( 'NONE',  ( 9.750000000000010658, 7.750000000000000000, 5.700000000000000178 ) ) ;
#10142 = LINE ( 'NONE', #10050, #730 ) ;
#10143 = PLANE ( 'NONE',  #6572 ) ;
#10144 = AXIS2_PLACEMENT_3D ( 'NONE', #6586, #5105, #1989 ) ;
#10145 = SURFACE_STYLE_FILL_AREA ( #1581 ) ;
#10146 = CARTESIAN_POINT ( 'NONE',  ( 6.124350997929269624, 6.820490948317419644, 5.141853884246489592 ) ) ;
#10147 = DIRECTION ( 'NONE',  ( 0.0000000000000000000, 1.000000000000000000, 0.0000000000000000000 ) ) ;
#10148 = LINE ( 'NONE', #7885, #9017 ) ;
#10149 = PRESENTATION_LAYER_ASSIGNMENT (  '', '', ( #4904 ) ) ;
#10150 = CARTESIAN_POINT ( 'NONE',  ( 7.500000000000000000, 2.636732100714121341, 9.314249409997579221 ) ) ;
#10151 = ORIENTED_EDGE ( 'NONE', *, *, #1162, .T. ) ;
#10152 = VERTEX_POINT ( 'NONE', #7159 ) ;
#10153 = PRODUCT_CONTEXT ( 'NONE', #5430, 'mechanical' ) ;
#10154 = DIRECTION ( 'NONE',  ( -1.000000000000000000, 0.0000000000000000000, 0.0000000000000000000 ) ) ;
#10155 = VERTEX_POINT ( 'NONE', #7265 ) ;
#10156 = ORIENTED_EDGE ( 'NONE', *, *, #10039, .T. ) ;
#10157 = PRESENTATION_LAYER_ASSIGNMENT (  '', '', ( #7372 ) ) ;
#10158 = DIRECTION ( 'NONE',  ( 0.0000000000000000000, -1.000000000000000000, 0.0000000000000000000 ) ) ;
#10159 = EDGE_CURVE ( 'NONE', #3887, #9057, #1730, .T. ) ;
#10160 = ORIENTED_EDGE ( 'NONE', *, *, #399, .T. ) ;
#10161 = CARTESIAN_POINT ( 'NONE',  ( 6.041844086465573582, 6.384612859889100989, 5.465433459372670555 ) ) ;
#10162 = EDGE_LOOP ( 'NONE', ( #5209, #10056, #9614, #3831, #2093, #9879 ) ) ;
#10163 = DIRECTION ( 'NONE',  ( -0.8660254037844391517, -0.4999999999999990563, 0.0000000000000000000 ) ) ;
#10164 = CARTESIAN_POINT ( 'NONE',  ( 0.9961825259182880421, 6.250000000000079936, 5.603246506036859920 ) ) ;
#10165 = DIRECTION ( 'NONE',  ( -1.000000000000000000, 0.0000000000000000000, 4.231032868236119855E-16 ) ) ;
#10166 = VECTOR ( 'NONE', #7925, 1000.000000000000000 ) ;
#10167 = EDGE_CURVE ( 'NONE', #2425, #5676, #7891, .T. ) ;
#10168 = EDGE_CURVE ( 'NONE', #6837, #2728, #1625, .T. ) ;
#10169 = CARTESIAN_POINT ( 'NONE',  ( 6.446052745852149712, 6.900000000000019895, 4.004821471746000228 ) ) ;
#10170 = EDGE_LOOP ( 'NONE', ( #10220, #7995, #4839, #9030, #2971 ) ) ;
#10171 = SURFACE_STYLE_USAGE ( .BOTH. , #7689 ) ;
#10172 = LINE ( 'NONE', #4679, #4317 ) ;
#10173 = AXIS2_PLACEMENT_3D ( 'NONE', #3880, #749, #2370 ) ;
#10174 = EDGE_LOOP ( 'NONE', ( #300, #1226, #5845, #4214 ) ) ;
#10175 = CARTESIAN_POINT ( 'NONE',  ( 15.00000000000000000, 0.1499999999999999944, 6.388051065821461094 ) ) ;
#10176 = DIRECTION ( 'NONE',  ( 0.0000000000000000000, -1.000000000000000000, -3.965082230804152702E-15 ) ) ;
#10177 = CARTESIAN_POINT ( 'NONE',  ( 6.023037437513499626, 6.379043465882250352, 5.701156363462390075 ) ) ;
#10178 = ORIENTED_EDGE ( 'NONE', *, *, #7545, .T. ) ;
#10179 = PLANE ( 'NONE',  #807 ) ;
#10180 = EDGE_CURVE ( 'NONE', #6579, #6486, #4901, .T. ) ;
#10181 = VERTEX_POINT ( 'NONE', #7368 ) ;
#10182 = DIRECTION ( 'NONE',  ( 1.000000000000000000, 0.0000000000000000000, -3.641714079092569968E-16 ) ) ;
#10183 = VERTEX_POINT ( 'NONE', #4033 ) ;
#10184 = CARTESIAN_POINT ( 'NONE',  ( 6.038082531244968187, 6.695996851606556000, 5.479691494729797441 ) ) ;
#10185 = CARTESIAN_POINT ( 'NONE',  ( -5.500000000000000000, 6.620978138265459556, 5.127902589497670860 ) ) ;
#10186 = ORIENTED_EDGE ( 'NONE', *, *, #4597, .F. ) ;
#10187 = AXIS2_PLACEMENT_3D ( 'NONE', #8263, #8304, #2106 ) ;
#10188 = DIRECTION ( 'NONE',  ( 0.0000000000000000000, 0.0000000000000000000, 1.000000000000000000 ) ) ;
#10189 = VECTOR ( 'NONE', #5723, 1000.000000000000000 ) ;
#10190 = EDGE_CURVE ( 'NONE', #7256, #1757, #7240, .T. ) ;
#10191 = COLOUR_RGB ( '',0.2862745098039215508, 0.6431372549019607199, 0.8666666666666666963 ) ;
#10192 = CARTESIAN_POINT ( 'NONE',  ( 2.500000000000000000, 5.950000000000040146, 4.150000000000000355 ) ) ;
#10193 = CIRCLE ( 'NONE', #1301, 1.749999999999989786 ) ;
#10194 = EDGE_CURVE ( 'NONE', #5253, #9651, #5765, .T. ) ;
#10195 = CARTESIAN_POINT ( 'NONE',  ( 4.549999999999999822, 7.250000000000000000, 5.700000000000000178 ) ) ;
#10196 = LINE ( 'NONE', #6173, #4481 ) ;
#10197 = CARTESIAN_POINT ( 'NONE',  ( 7.500000000000000000, 5.850000000000009415, 9.500000000000000000 ) ) ;
#10198 = PLANE ( 'NONE',  #4786 ) ;
#10199 = ORIENTED_EDGE ( 'NONE', *, *, #4037, .F. ) ;
#10200 = DIRECTION ( 'NONE',  ( 0.0000000000000000000, 0.4264192316982558517, 0.9045256429962995615 ) ) ;
#10201 = DIRECTION ( 'NONE',  ( 0.0000000000000000000, 0.0000000000000000000, -1.000000000000000000 ) ) ;
#10202 = AXIS2_PLACEMENT_3D ( 'NONE', #2051, #2002, #5212 ) ;
#10203 = FACE_OUTER_BOUND ( 'NONE', #9493, .T. ) ;
#10204 = AXIS2_PLACEMENT_3D ( 'NONE', #4344, #3613, #5169 ) ;
#10205 = AXIS2_PLACEMENT_3D ( 'NONE', #8826, #2538, #1705 ) ;
#10206 = LINE ( 'NONE', #7938, #7419 ) ;
#10207 = CARTESIAN_POINT ( 'NONE',  ( 8.958155913534195491, 6.384612859888997960, 5.465433459372715852 ) ) ;
#10208 = ORIENTED_EDGE ( 'NONE', *, *, #4977, .T. ) ;
#10209 = PRESENTATION_LAYER_ASSIGNMENT (  '', '', ( #7077 ) ) ;
#10210 = DIRECTION ( 'NONE',  ( -3.641714079092569968E-16, 0.0000000000000000000, -1.000000000000000000 ) ) ;
#10211 = CARTESIAN_POINT ( 'NONE',  ( 10.00000000000000000, 7.750000000000000000, 2.576321994024960090E-15 ) ) ;
#10212 = VECTOR ( 'NONE', #5247, 1000.000000000000000 ) ;
#10213 =( LENGTH_UNIT ( ) NAMED_UNIT ( * ) SI_UNIT ( .MILLI., .METRE. ) );
#10214 = EDGE_LOOP ( 'NONE', ( #1458, #3947, #1471, #6924 ) ) ;
#10215 = EDGE_LOOP ( 'NONE', ( #2489, #1928, #4258, #4555 ) ) ;
#10216 = LINE ( 'NONE', #35, #934 ) ;
#10217 = EDGE_CURVE ( 'NONE', #4097, #3381, #7320, .T. ) ;
#10218 = CARTESIAN_POINT ( 'NONE',  ( -4.200000000000000178, 4.650000000000010125, 9.500000000000010658 ) ) ;
#10219 = ORIENTED_EDGE ( 'NONE', *, *, #8866, .T. ) ;
#10220 = ORIENTED_EDGE ( 'NONE', *, *, #9148, .F. ) ;
#10221 = AXIS2_PLACEMENT_3D ( 'NONE', #9434, #5297, #4524 ) ;
#10222 = MECHANICAL_DESIGN_GEOMETRIC_PRESENTATION_REPRESENTATION (  '', ( #1985 ), #6602 ) ;
#10223 = B_SPLINE_CURVE_WITH_KNOTS ( 'NONE', 3,
 ( #7076, #7133, #6405, #1500, #4673, #714 ),
 .UNSPECIFIED., .F., .F.,
 ( 4, 2, 4 ),
 ( 1.734723475976807094E-18, 0.0001521198112224720754, 0.0003042396224449424162 ),
 .UNSPECIFIED. ) ;
#10224 = CIRCLE ( 'NONE', #5800, 1.613267899285889984 ) ;
#10225 = VERTEX_POINT ( 'NONE', #5836 ) ;
#10226 = LINE ( 'NONE', #4563, #6306 ) ;
#10227 = ORIENTED_EDGE ( 'NONE', *, *, #4398, .T. ) ;
#10228 = DIRECTION ( 'NONE',  ( -1.000000000000000000, 0.0000000000000000000, 0.0000000000000000000 ) ) ;
#10229 = AXIS2_PLACEMENT_3D ( 'NONE', #6880, #10021, #9097 ) ;
#10230 = ORIENTED_EDGE ( 'NONE', *, *, #9458, .T. ) ;
#10231 = NEXT_ASSEMBLY_USAGE_OCCURRENCE ( 'NAUO1', ' ', ' ', #1563, #3230, $ ) ;
#10232 = NEXT_ASSEMBLY_USAGE_OCCURRENCE ( 'NAUO2', ' ', ' ', #1563, #3230, $ ) ;
#10233 = NEXT_ASSEMBLY_USAGE_OCCURRENCE ( 'NAUO3', ' ', ' ', #1563, #4614, $ ) ;
ENDSEC;
END-ISO-10303-21;
